user_id,path_length,journey_path,campaign_path,first_touch_channel,first_touch_campaign,last_touch_channel,last_touch_campaign,all_channels,all_campaigns,converted,revenue
USR_00001,1,Paid Search,SEM_BRAND_01,Paid Search,SEM_BRAND_01,Paid Search,SEM_BRAND_01,[np.str_('Paid Search')],['SEM_BRAND_01'],0,0.0
USR_00002,1,Organic Search,SEO_ORGANIC_DIRECT,Organic Search,SEO_ORGANIC_DIRECT,Organic Search,SEO_ORGANIC_DIRECT,[np.str_('Organic Search')],['SEO_ORGANIC_DIRECT'],0,0.0
USR_00003,1,Display,DSP_RETARG_ABANDON_02,Display,DSP_RETARG_ABANDON_02,Display,DSP_RETARG_ABANDON_02,[np.str_('Display')],['DSP_RETARG_ABANDON_02'],0,0.0
USR_00004,1,Display,DSP_PROG_AWARE_01,Display,DSP_PROG_AWARE_01,Display,DSP_PROG_AWARE_01,[np.str_('Display')],['DSP_PROG_AWARE_01'],0,0.0
USR_00005,2,Paid Search > Email,SEM_COMPETITOR_03 > EML_WINBACK_90D_03,Paid Search,SEM_COMPETITOR_03,Email,EML_WINBACK_90D_03,"[np.str_('Paid Search'), np.str_('Email')]","['SEM_COMPETITOR_03', 'EML_WINBACK_90D_03']",0,0.0
USR_00006,2,Display > Paid Search,DSP_PROG_AWARE_01 > SEM_BRAND_01,Display,DSP_PROG_AWARE_01,Paid Search,SEM_BRAND_01,"[np.str_('Display'), np.str_('Paid Search')]","['DSP_PROG_AWARE_01', 'SEM_BRAND_01']",0,0.0
USR_00007,1,Display,DSP_PROG_AWARE_01,Display,DSP_PROG_AWARE_01,Display,DSP_PROG_AWARE_01,[np.str_('Display')],['DSP_PROG_AWARE_01'],0,0.0
USR_00008,3,Organic Search > Display > Paid Search,SEO_ORGANIC_DIRECT > DSP_RETARG_ABANDON_02 > SEM_GENERIC_PROD_02,Organic Search,SEO_ORGANIC_DIRECT,Paid Search,SEM_GENERIC_PROD_02,"[np.str_('Organic Search'), np.str_('Display'), np.str_('Paid Search')]","['SEO_ORGANIC_DIRECT', 'DSP_RETARG_ABANDON_02', 'SEM_GENERIC_PROD_02']",0,0.0
USR_00009,1,Organic Search,SEO_ORGANIC_DIRECT,Organic Search,SEO_ORGANIC_DIRECT,Organic Search,SEO_ORGANIC_DIRECT,[np.str_('Organic Search')],['SEO_ORGANIC_DIRECT'],0,0.0
USR_00010,1,Social Media,SOC_RETARG_DPA_02,Social Media,SOC_RETARG_DPA_02,Social Media,SOC_RETARG_DPA_02,[np.str_('Social Media')],['SOC_RETARG_DPA_02'],0,0.0
USR_00011,1,Social Media,SOC_PROSP_LOOKALIKE_01,Social Media,SOC_PROSP_LOOKALIKE_01,Social Media,SOC_PROSP_LOOKALIKE_01,[np.str_('Social Media')],['SOC_PROSP_LOOKALIKE_01'],0,0.0
USR_00012,1,Social Media,SOC_PROSP_LOOKALIKE_01,Social Media,SOC_PROSP_LOOKALIKE_01,Social Media,SOC_PROSP_LOOKALIKE_01,[np.str_('Social Media')],['SOC_PROSP_LOOKALIKE_01'],1,106.64
USR_00013,3,Display > Paid Search > Social Media,DSP_RETARG_ABANDON_02 > SEM_COMPETITOR_03 > SOC_PROSP_LOOKALIKE_01,Display,DSP_RETARG_ABANDON_02,Social Media,SOC_PROSP_LOOKALIKE_01,"[np.str_('Display'), np.str_('Paid Search'), np.str_('Social Media')]","['DSP_RETARG_ABANDON_02', 'SEM_COMPETITOR_03', 'SOC_PROSP_LOOKALIKE_01']",0,0.0
USR_00014,1,Display,DSP_RETARG_ABANDON_02,Display,DSP_RETARG_ABANDON_02,Display,DSP_RETARG_ABANDON_02,[np.str_('Display')],['DSP_RETARG_ABANDON_02'],0,0.0
USR_00015,1,Email,EML_NEWSLETTER_WKLY_01,Email,EML_NEWSLETTER_WKLY_01,Email,EML_NEWSLETTER_WKLY_01,[np.str_('Email')],['EML_NEWSLETTER_WKLY_01'],0,0.0
USR_00016,2,Display > Paid Search,DSP_RETARG_ABANDON_02 > SEM_COMPETITOR_03,Display,DSP_RETARG_ABANDON_02,Paid Search,SEM_COMPETITOR_03,"[np.str_('Display'), np.str_('Paid Search')]","['DSP_RETARG_ABANDON_02', 'SEM_COMPETITOR_03']",0,0.0
USR_00017,2,Organic Search > Social Media,SEO_ORGANIC_DIRECT > SOC_INFLUENCER_BOOST_03,Organic Search,SEO_ORGANIC_DIRECT,Social Media,SOC_INFLUENCER_BOOST_03,"[np.str_('Organic Search'), np.str_('Social Media')]","['SEO_ORGANIC_DIRECT', 'SOC_INFLUENCER_BOOST_03']",0,0.0
USR_00018,2,Organic Search > Paid Search,SEO_ORGANIC_DIRECT > SEM_BRAND_01,Organic Search,SEO_ORGANIC_DIRECT,Paid Search,SEM_BRAND_01,"[np.str_('Organic Search'), np.str_('Paid Search')]","['SEO_ORGANIC_DIRECT', 'SEM_BRAND_01']",0,0.0
USR_00019,1,Organic Search,SEO_ORGANIC_DIRECT,Organic Search,SEO_ORGANIC_DIRECT,Organic Search,SEO_ORGANIC_DIRECT,[np.str_('Organic Search')],['SEO_ORGANIC_DIRECT'],0,0.0
USR_00020,1,Social Media,SOC_INFLUENCER_BOOST_03,Social Media,SOC_INFLUENCER_BOOST_03,Social Media,SOC_INFLUENCER_BOOST_03,[np.str_('Social Media')],['SOC_INFLUENCER_BOOST_03'],0,0.0
USR_00021,4,Paid Search > Paid Search > Paid Search > Social Media,SEM_COMPETITOR_03 > SEM_COMPETITOR_03 > SEM_COMPETITOR_03 > SOC_PROSP_LOOKALIKE_01,Paid Search,SEM_COMPETITOR_03,Social Media,SOC_PROSP_LOOKALIKE_01,"[np.str_('Paid Search'), np.str_('Paid Search'), np.str_('Paid Search'), np.str_('Social Media')]","['SEM_COMPETITOR_03', 'SEM_COMPETITOR_03', 'SEM_COMPETITOR_03', 'SOC_PROSP_LOOKALIKE_01']",1,112.75
USR_00022,1,Social Media,SOC_RETARG_DPA_02,Social Media,SOC_RETARG_DPA_02,Social Media,SOC_RETARG_DPA_02,[np.str_('Social Media')],['SOC_RETARG_DPA_02'],0,0.0
USR_00023,5,Social Media > Social Media > Paid Search > Paid Search > Paid Search,SOC_RETARG_DPA_02 > SOC_PROSP_LOOKALIKE_01 > SEM_GENERIC_PROD_02 > SEM_COMPETITOR_03 > SEM_COMPETITOR_03,Social Media,SOC_RETARG_DPA_02,Paid Search,SEM_COMPETITOR_03,"[np.str_('Social Media'), np.str_('Social Media'), np.str_('Paid Search'), np.str_('Paid Search'), np.str_('Paid Search')]","['SOC_RETARG_DPA_02', 'SOC_PROSP_LOOKALIKE_01', 'SEM_GENERIC_PROD_02', 'SEM_COMPETITOR_03', 'SEM_COMPETITOR_03']",0,0.0
USR_00024,5,Social Media > Display > Display > Email > Display,SOC_PROSP_LOOKALIKE_01 > DSP_RETARG_ABANDON_02 > DSP_PROG_AWARE_01 > EML_WINBACK_90D_03 > DSP_RETARG_ABANDON_02,Social Media,SOC_PROSP_LOOKALIKE_01,Display,DSP_RETARG_ABANDON_02,"[np.str_('Social Media'), np.str_('Display'), np.str_('Display'), np.str_('Email'), np.str_('Display')]","['SOC_PROSP_LOOKALIKE_01', 'DSP_RETARG_ABANDON_02', 'DSP_PROG_AWARE_01', 'EML_WINBACK_90D_03', 'DSP_RETARG_ABANDON_02']",0,0.0
USR_00025,2,Paid Search > Organic Search,SEM_BRAND_01 > SEO_ORGANIC_DIRECT,Paid Search,SEM_BRAND_01,Organic Search,SEO_ORGANIC_DIRECT,"[np.str_('Paid Search'), np.str_('Organic Search')]","['SEM_BRAND_01', 'SEO_ORGANIC_DIRECT']",0,0.0
USR_00026,2,Organic Search > Paid Search,SEO_ORGANIC_DIRECT > SEM_BRAND_01,Organic Search,SEO_ORGANIC_DIRECT,Paid Search,SEM_BRAND_01,"[np.str_('Organic Search'), np.str_('Paid Search')]","['SEO_ORGANIC_DIRECT', 'SEM_BRAND_01']",0,0.0
USR_00027,4,Social Media > Organic Search > Email > Email,SOC_INFLUENCER_BOOST_03 > SEO_ORGANIC_DIRECT > EML_WINBACK_90D_03 > EML_ABANDONED_CART_02,Social Media,SOC_INFLUENCER_BOOST_03,Email,EML_ABANDONED_CART_02,"[np.str_('Social Media'), np.str_('Organic Search'), np.str_('Email'), np.str_('Email')]","['SOC_INFLUENCER_BOOST_03', 'SEO_ORGANIC_DIRECT', 'EML_WINBACK_90D_03', 'EML_ABANDONED_CART_02']",1,128.5
USR_00028,2,Organic Search > Paid Search,SEO_ORGANIC_DIRECT > SEM_GENERIC_PROD_02,Organic Search,SEO_ORGANIC_DIRECT,Paid Search,SEM_GENERIC_PROD_02,"[np.str_('Organic Search'), np.str_('Paid Search')]","['SEO_ORGANIC_DIRECT', 'SEM_GENERIC_PROD_02']",0,0.0
USR_00029,2,Display > Paid Search,DSP_RETARG_ABANDON_02 > SEM_COMPETITOR_03,Display,DSP_RETARG_ABANDON_02,Paid Search,SEM_COMPETITOR_03,"[np.str_('Display'), np.str_('Paid Search')]","['DSP_RETARG_ABANDON_02', 'SEM_COMPETITOR_03']",0,0.0
USR_00030,2,Social Media > Social Media,SOC_RETARG_DPA_02 > SOC_PROSP_LOOKALIKE_01,Social Media,SOC_RETARG_DPA_02,Social Media,SOC_PROSP_LOOKALIKE_01,"[np.str_('Social Media'), np.str_('Social Media')]","['SOC_RETARG_DPA_02', 'SOC_PROSP_LOOKALIKE_01']",0,0.0
USR_00031,2,Social Media > Email,SOC_INFLUENCER_BOOST_03 > EML_NEWSLETTER_WKLY_01,Social Media,SOC_INFLUENCER_BOOST_03,Email,EML_NEWSLETTER_WKLY_01,"[np.str_('Social Media'), np.str_('Email')]","['SOC_INFLUENCER_BOOST_03', 'EML_NEWSLETTER_WKLY_01']",0,0.0
USR_00032,1,Social Media,SOC_PROSP_LOOKALIKE_01,Social Media,SOC_PROSP_LOOKALIKE_01,Social Media,SOC_PROSP_LOOKALIKE_01,[np.str_('Social Media')],['SOC_PROSP_LOOKALIKE_01'],0,0.0
USR_00033,2,Organic Search > Paid Search,SEO_ORGANIC_DIRECT > SEM_BRAND_01,Organic Search,SEO_ORGANIC_DIRECT,Paid Search,SEM_BRAND_01,"[np.str_('Organic Search'), np.str_('Paid Search')]","['SEO_ORGANIC_DIRECT', 'SEM_BRAND_01']",0,0.0
USR_00034,2,Display > Organic Search,DSP_PROG_AWARE_01 > SEO_ORGANIC_DIRECT,Display,DSP_PROG_AWARE_01,Organic Search,SEO_ORGANIC_DIRECT,"[np.str_('Display'), np.str_('Organic Search')]","['DSP_PROG_AWARE_01', 'SEO_ORGANIC_DIRECT']",0,0.0
USR_00035,2,Paid Search > Paid Search,SEM_COMPETITOR_03 > SEM_BRAND_01,Paid Search,SEM_COMPETITOR_03,Paid Search,SEM_BRAND_01,"[np.str_('Paid Search'), np.str_('Paid Search')]","['SEM_COMPETITOR_03', 'SEM_BRAND_01']",0,0.0
USR_00036,2,Email > Display,EML_WINBACK_90D_03 > DSP_RETARG_ABANDON_02,Email,EML_WINBACK_90D_03,Display,DSP_RETARG_ABANDON_02,"[np.str_('Email'), np.str_('Display')]","['EML_WINBACK_90D_03', 'DSP_RETARG_ABANDON_02']",0,0.0
USR_00037,3,Paid Search > Organic Search > Social Media,SEM_GENERIC_PROD_02 > SEO_ORGANIC_DIRECT > SOC_RETARG_DPA_02,Paid Search,SEM_GENERIC_PROD_02,Social Media,SOC_RETARG_DPA_02,"[np.str_('Paid Search'), np.str_('Organic Search'), np.str_('Social Media')]","['SEM_GENERIC_PROD_02', 'SEO_ORGANIC_DIRECT', 'SOC_RETARG_DPA_02']",0,0.0
USR_00038,1,Display,DSP_RETARG_ABANDON_02,Display,DSP_RETARG_ABANDON_02,Display,DSP_RETARG_ABANDON_02,[np.str_('Display')],['DSP_RETARG_ABANDON_02'],1,90.66
USR_00039,1,Paid Search,SEM_BRAND_01,Paid Search,SEM_BRAND_01,Paid Search,SEM_BRAND_01,[np.str_('Paid Search')],['SEM_BRAND_01'],0,0.0
USR_00040,5,Paid Search > Social Media > Email > Email > Paid Search,SEM_BRAND_01 > SOC_INFLUENCER_BOOST_03 > EML_NEWSLETTER_WKLY_01 > EML_WINBACK_90D_03 > SEM_GENERIC_PROD_02,Paid Search,SEM_BRAND_01,Paid Search,SEM_GENERIC_PROD_02,"[np.str_('Paid Search'), np.str_('Social Media'), np.str_('Email'), np.str_('Email'), np.str_('Paid Search')]","['SEM_BRAND_01', 'SOC_INFLUENCER_BOOST_03', 'EML_NEWSLETTER_WKLY_01', 'EML_WINBACK_90D_03', 'SEM_GENERIC_PROD_02']",1,114.56
USR_00041,1,Social Media,SOC_RETARG_DPA_02,Social Media,SOC_RETARG_DPA_02,Social Media,SOC_RETARG_DPA_02,[np.str_('Social Media')],['SOC_RETARG_DPA_02'],0,0.0
USR_00042,5,Organic Search > Display > Paid Search > Email > Paid Search,SEO_ORGANIC_DIRECT > DSP_RETARG_ABANDON_02 > SEM_GENERIC_PROD_02 > EML_NEWSLETTER_WKLY_01 > SEM_COMPETITOR_03,Organic Search,SEO_ORGANIC_DIRECT,Paid Search,SEM_COMPETITOR_03,"[np.str_('Organic Search'), np.str_('Display'), np.str_('Paid Search'), np.str_('Email'), np.str_('Paid Search')]","['SEO_ORGANIC_DIRECT', 'DSP_RETARG_ABANDON_02', 'SEM_GENERIC_PROD_02', 'EML_NEWSLETTER_WKLY_01', 'SEM_COMPETITOR_03']",0,0.0
USR_00043,3,Paid Search > Social Media > Display,SEM_GENERIC_PROD_02 > SOC_PROSP_LOOKALIKE_01 > DSP_RETARG_ABANDON_02,Paid Search,SEM_GENERIC_PROD_02,Display,DSP_RETARG_ABANDON_02,"[np.str_('Paid Search'), np.str_('Social Media'), np.str_('Display')]","['SEM_GENERIC_PROD_02', 'SOC_PROSP_LOOKALIKE_01', 'DSP_RETARG_ABANDON_02']",0,0.0
USR_00044,1,Paid Search,SEM_COMPETITOR_03,Paid Search,SEM_COMPETITOR_03,Paid Search,SEM_COMPETITOR_03,[np.str_('Paid Search')],['SEM_COMPETITOR_03'],0,0.0
USR_00045,2,Display > Paid Search,DSP_RETARG_ABANDON_02 > SEM_COMPETITOR_03,Display,DSP_RETARG_ABANDON_02,Paid Search,SEM_COMPETITOR_03,"[np.str_('Display'), np.str_('Paid Search')]","['DSP_RETARG_ABANDON_02', 'SEM_COMPETITOR_03']",0,0.0
USR_00046,2,Social Media > Display,SOC_INFLUENCER_BOOST_03 > DSP_PROG_AWARE_01,Social Media,SOC_INFLUENCER_BOOST_03,Display,DSP_PROG_AWARE_01,"[np.str_('Social Media'), np.str_('Display')]","['SOC_INFLUENCER_BOOST_03', 'DSP_PROG_AWARE_01']",0,0.0
USR_00047,1,Social Media,SOC_RETARG_DPA_02,Social Media,SOC_RETARG_DPA_02,Social Media,SOC_RETARG_DPA_02,[np.str_('Social Media')],['SOC_RETARG_DPA_02'],0,0.0
USR_00048,2,Display > Paid Search,DSP_PROG_AWARE_01 > SEM_GENERIC_PROD_02,Display,DSP_PROG_AWARE_01,Paid Search,SEM_GENERIC_PROD_02,"[np.str_('Display'), np.str_('Paid Search')]","['DSP_PROG_AWARE_01', 'SEM_GENERIC_PROD_02']",0,0.0
USR_00049,2,Organic Search > Social Media,SEO_ORGANIC_DIRECT > SOC_PROSP_LOOKALIKE_01,Organic Search,SEO_ORGANIC_DIRECT,Social Media,SOC_PROSP_LOOKALIKE_01,"[np.str_('Organic Search'), np.str_('Social Media')]","['SEO_ORGANIC_DIRECT', 'SOC_PROSP_LOOKALIKE_01']",0,0.0
USR_00050,3,Organic Search > Social Media > Organic Search,SEO_ORGANIC_DIRECT > SOC_INFLUENCER_BOOST_03 > SEO_ORGANIC_DIRECT,Organic Search,SEO_ORGANIC_DIRECT,Organic Search,SEO_ORGANIC_DIRECT,"[np.str_('Organic Search'), np.str_('Social Media'), np.str_('Organic Search')]","['SEO_ORGANIC_DIRECT', 'SOC_INFLUENCER_BOOST_03', 'SEO_ORGANIC_DIRECT']",0,0.0
USR_00051,2,Display > Social Media,DSP_PROG_AWARE_01 > SOC_PROSP_LOOKALIKE_01,Display,DSP_PROG_AWARE_01,Social Media,SOC_PROSP_LOOKALIKE_01,"[np.str_('Display'), np.str_('Social Media')]","['DSP_PROG_AWARE_01', 'SOC_PROSP_LOOKALIKE_01']",0,0.0
USR_00052,1,Organic Search,SEO_ORGANIC_DIRECT,Organic Search,SEO_ORGANIC_DIRECT,Organic Search,SEO_ORGANIC_DIRECT,[np.str_('Organic Search')],['SEO_ORGANIC_DIRECT'],0,0.0
USR_00053,5,Organic Search > Display > Display > Email > Paid Search,SEO_ORGANIC_DIRECT > DSP_PROG_AWARE_01 > DSP_RETARG_ABANDON_02 > EML_WINBACK_90D_03 > SEM_BRAND_01,Organic Search,SEO_ORGANIC_DIRECT,Paid Search,SEM_BRAND_01,"[np.str_('Organic Search'), np.str_('Display'), np.str_('Display'), np.str_('Email'), np.str_('Paid Search')]","['SEO_ORGANIC_DIRECT', 'DSP_PROG_AWARE_01', 'DSP_RETARG_ABANDON_02', 'EML_WINBACK_90D_03', 'SEM_BRAND_01']",1,143.23
USR_00054,2,Display > Paid Search,DSP_PROG_AWARE_01 > SEM_BRAND_01,Display,DSP_PROG_AWARE_01,Paid Search,SEM_BRAND_01,"[np.str_('Display'), np.str_('Paid Search')]","['DSP_PROG_AWARE_01', 'SEM_BRAND_01']",0,0.0
USR_00055,1,Social Media,SOC_RETARG_DPA_02,Social Media,SOC_RETARG_DPA_02,Social Media,SOC_RETARG_DPA_02,[np.str_('Social Media')],['SOC_RETARG_DPA_02'],0,0.0
USR_00056,1,Paid Search,SEM_COMPETITOR_03,Paid Search,SEM_COMPETITOR_03,Paid Search,SEM_COMPETITOR_03,[np.str_('Paid Search')],['SEM_COMPETITOR_03'],0,0.0
USR_00057,4,Organic Search > Email > Social Media > Paid Search,SEO_ORGANIC_DIRECT > EML_ABANDONED_CART_02 > SOC_RETARG_DPA_02 > SEM_COMPETITOR_03,Organic Search,SEO_ORGANIC_DIRECT,Paid Search,SEM_COMPETITOR_03,"[np.str_('Organic Search'), np.str_('Email'), np.str_('Social Media'), np.str_('Paid Search')]","['SEO_ORGANIC_DIRECT', 'EML_ABANDONED_CART_02', 'SOC_RETARG_DPA_02', 'SEM_COMPETITOR_03']",0,0.0
USR_00058,1,Display,DSP_RETARG_ABANDON_02,Display,DSP_RETARG_ABANDON_02,Display,DSP_RETARG_ABANDON_02,[np.str_('Display')],['DSP_RETARG_ABANDON_02'],0,0.0
USR_00059,2,Display > Social Media,DSP_RETARG_ABANDON_02 > SOC_PROSP_LOOKALIKE_01,Display,DSP_RETARG_ABANDON_02,Social Media,SOC_PROSP_LOOKALIKE_01,"[np.str_('Display'), np.str_('Social Media')]","['DSP_RETARG_ABANDON_02', 'SOC_PROSP_LOOKALIKE_01']",0,0.0
USR_00060,1,Organic Search,SEO_ORGANIC_DIRECT,Organic Search,SEO_ORGANIC_DIRECT,Organic Search,SEO_ORGANIC_DIRECT,[np.str_('Organic Search')],['SEO_ORGANIC_DIRECT'],0,0.0
USR_00061,1,Organic Search,SEO_ORGANIC_DIRECT,Organic Search,SEO_ORGANIC_DIRECT,Organic Search,SEO_ORGANIC_DIRECT,[np.str_('Organic Search')],['SEO_ORGANIC_DIRECT'],0,0.0
USR_00062,5,Paid Search > Social Media > Social Media > Social Media > Display,SEM_BRAND_01 > SOC_PROSP_LOOKALIKE_01 > SOC_INFLUENCER_BOOST_03 > SOC_RETARG_DPA_02 > DSP_RETARG_ABANDON_02,Paid Search,SEM_BRAND_01,Display,DSP_RETARG_ABANDON_02,"[np.str_('Paid Search'), np.str_('Social Media'), np.str_('Social Media'), np.str_('Social Media'), np.str_('Display')]","['SEM_BRAND_01', 'SOC_PROSP_LOOKALIKE_01', 'SOC_INFLUENCER_BOOST_03', 'SOC_RETARG_DPA_02', 'DSP_RETARG_ABANDON_02']",0,0.0
USR_00063,1,Paid Search,SEM_BRAND_01,Paid Search,SEM_BRAND_01,Paid Search,SEM_BRAND_01,[np.str_('Paid Search')],['SEM_BRAND_01'],0,0.0
USR_00064,1,Social Media,SOC_PROSP_LOOKALIKE_01,Social Media,SOC_PROSP_LOOKALIKE_01,Social Media,SOC_PROSP_LOOKALIKE_01,[np.str_('Social Media')],['SOC_PROSP_LOOKALIKE_01'],0,0.0
USR_00065,5,Organic Search > Display > Organic Search > Paid Search > Social Media,SEO_ORGANIC_DIRECT > DSP_RETARG_ABANDON_02 > SEO_ORGANIC_DIRECT > SEM_BRAND_01 > SOC_INFLUENCER_BOOST_03,Organic Search,SEO_ORGANIC_DIRECT,Social Media,SOC_INFLUENCER_BOOST_03,"[np.str_('Organic Search'), np.str_('Display'), np.str_('Organic Search'), np.str_('Paid Search'), np.str_('Social Media')]","['SEO_ORGANIC_DIRECT', 'DSP_RETARG_ABANDON_02', 'SEO_ORGANIC_DIRECT', 'SEM_BRAND_01', 'SOC_INFLUENCER_BOOST_03']",0,0.0
USR_00066,1,Email,EML_NEWSLETTER_WKLY_01,Email,EML_NEWSLETTER_WKLY_01,Email,EML_NEWSLETTER_WKLY_01,[np.str_('Email')],['EML_NEWSLETTER_WKLY_01'],0,0.0
USR_00067,1,Paid Search,SEM_COMPETITOR_03,Paid Search,SEM_COMPETITOR_03,Paid Search,SEM_COMPETITOR_03,[np.str_('Paid Search')],['SEM_COMPETITOR_03'],0,0.0
USR_00068,5,Organic Search > Email > Paid Search > Social Media > Paid Search,SEO_ORGANIC_DIRECT > EML_ABANDONED_CART_02 > SEM_GENERIC_PROD_02 > SOC_PROSP_LOOKALIKE_01 > SEM_BRAND_01,Organic Search,SEO_ORGANIC_DIRECT,Paid Search,SEM_BRAND_01,"[np.str_('Organic Search'), np.str_('Email'), np.str_('Paid Search'), np.str_('Social Media'), np.str_('Paid Search')]","['SEO_ORGANIC_DIRECT', 'EML_ABANDONED_CART_02', 'SEM_GENERIC_PROD_02', 'SOC_PROSP_LOOKALIKE_01', 'SEM_BRAND_01']",1,40.44
USR_00069,3,Email > Email > Paid Search,EML_NEWSLETTER_WKLY_01 > EML_NEWSLETTER_WKLY_01 > SEM_COMPETITOR_03,Email,EML_NEWSLETTER_WKLY_01,Paid Search,SEM_COMPETITOR_03,"[np.str_('Email'), np.str_('Email'), np.str_('Paid Search')]","['EML_NEWSLETTER_WKLY_01', 'EML_NEWSLETTER_WKLY_01', 'SEM_COMPETITOR_03']",0,0.0
USR_00070,3,Paid Search > Display > Paid Search,SEM_GENERIC_PROD_02 > DSP_RETARG_ABANDON_02 > SEM_GENERIC_PROD_02,Paid Search,SEM_GENERIC_PROD_02,Paid Search,SEM_GENERIC_PROD_02,"[np.str_('Paid Search'), np.str_('Display'), np.str_('Paid Search')]","['SEM_GENERIC_PROD_02', 'DSP_RETARG_ABANDON_02', 'SEM_GENERIC_PROD_02']",0,0.0
USR_00071,3,Display > Email > Social Media,DSP_PROG_AWARE_01 > EML_ABANDONED_CART_02 > SOC_PROSP_LOOKALIKE_01,Display,DSP_PROG_AWARE_01,Social Media,SOC_PROSP_LOOKALIKE_01,"[np.str_('Display'), np.str_('Email'), np.str_('Social Media')]","['DSP_PROG_AWARE_01', 'EML_ABANDONED_CART_02', 'SOC_PROSP_LOOKALIKE_01']",0,0.0
USR_00072,1,Display,DSP_PROG_AWARE_01,Display,DSP_PROG_AWARE_01,Display,DSP_PROG_AWARE_01,[np.str_('Display')],['DSP_PROG_AWARE_01'],0,0.0
USR_00073,1,Social Media,SOC_PROSP_LOOKALIKE_01,Social Media,SOC_PROSP_LOOKALIKE_01,Social Media,SOC_PROSP_LOOKALIKE_01,[np.str_('Social Media')],['SOC_PROSP_LOOKALIKE_01'],0,0.0
USR_00074,2,Email > Paid Search,EML_ABANDONED_CART_02 > SEM_BRAND_01,Email,EML_ABANDONED_CART_02,Paid Search,SEM_BRAND_01,"[np.str_('Email'), np.str_('Paid Search')]","['EML_ABANDONED_CART_02', 'SEM_BRAND_01']",0,0.0
USR_00075,1,Paid Search,SEM_GENERIC_PROD_02,Paid Search,SEM_GENERIC_PROD_02,Paid Search,SEM_GENERIC_PROD_02,[np.str_('Paid Search')],['SEM_GENERIC_PROD_02'],1,124.63
USR_00076,3,Paid Search > Social Media > Email,SEM_GENERIC_PROD_02 > SOC_PROSP_LOOKALIKE_01 > EML_NEWSLETTER_WKLY_01,Paid Search,SEM_GENERIC_PROD_02,Email,EML_NEWSLETTER_WKLY_01,"[np.str_('Paid Search'), np.str_('Social Media'), np.str_('Email')]","['SEM_GENERIC_PROD_02', 'SOC_PROSP_LOOKALIKE_01', 'EML_NEWSLETTER_WKLY_01']",0,0.0
USR_00077,2,Social Media > Email,SOC_INFLUENCER_BOOST_03 > EML_ABANDONED_CART_02,Social Media,SOC_INFLUENCER_BOOST_03,Email,EML_ABANDONED_CART_02,"[np.str_('Social Media'), np.str_('Email')]","['SOC_INFLUENCER_BOOST_03', 'EML_ABANDONED_CART_02']",0,0.0
USR_00078,3,Social Media > Organic Search > Social Media,SOC_INFLUENCER_BOOST_03 > SEO_ORGANIC_DIRECT > SOC_PROSP_LOOKALIKE_01,Social Media,SOC_INFLUENCER_BOOST_03,Social Media,SOC_PROSP_LOOKALIKE_01,"[np.str_('Social Media'), np.str_('Organic Search'), np.str_('Social Media')]","['SOC_INFLUENCER_BOOST_03', 'SEO_ORGANIC_DIRECT', 'SOC_PROSP_LOOKALIKE_01']",0,0.0
USR_00079,2,Social Media > Paid Search,SOC_RETARG_DPA_02 > SEM_BRAND_01,Social Media,SOC_RETARG_DPA_02,Paid Search,SEM_BRAND_01,"[np.str_('Social Media'), np.str_('Paid Search')]","['SOC_RETARG_DPA_02', 'SEM_BRAND_01']",0,0.0
USR_00080,3,Social Media > Display > Paid Search,SOC_INFLUENCER_BOOST_03 > DSP_RETARG_ABANDON_02 > SEM_BRAND_01,Social Media,SOC_INFLUENCER_BOOST_03,Paid Search,SEM_BRAND_01,"[np.str_('Social Media'), np.str_('Display'), np.str_('Paid Search')]","['SOC_INFLUENCER_BOOST_03', 'DSP_RETARG_ABANDON_02', 'SEM_BRAND_01']",0,0.0
USR_00081,2,Social Media > Paid Search,SOC_PROSP_LOOKALIKE_01 > SEM_GENERIC_PROD_02,Social Media,SOC_PROSP_LOOKALIKE_01,Paid Search,SEM_GENERIC_PROD_02,"[np.str_('Social Media'), np.str_('Paid Search')]","['SOC_PROSP_LOOKALIKE_01', 'SEM_GENERIC_PROD_02']",0,0.0
USR_00082,4,Paid Search > Paid Search > Organic Search > Social Media,SEM_COMPETITOR_03 > SEM_COMPETITOR_03 > SEO_ORGANIC_DIRECT > SOC_INFLUENCER_BOOST_03,Paid Search,SEM_COMPETITOR_03,Social Media,SOC_INFLUENCER_BOOST_03,"[np.str_('Paid Search'), np.str_('Paid Search'), np.str_('Organic Search'), np.str_('Social Media')]","['SEM_COMPETITOR_03', 'SEM_COMPETITOR_03', 'SEO_ORGANIC_DIRECT', 'SOC_INFLUENCER_BOOST_03']",0,0.0
USR_00083,1,Display,DSP_PROG_AWARE_01,Display,DSP_PROG_AWARE_01,Display,DSP_PROG_AWARE_01,[np.str_('Display')],['DSP_PROG_AWARE_01'],0,0.0
USR_00084,2,Display > Email,DSP_RETARG_ABANDON_02 > EML_NEWSLETTER_WKLY_01,Display,DSP_RETARG_ABANDON_02,Email,EML_NEWSLETTER_WKLY_01,"[np.str_('Display'), np.str_('Email')]","['DSP_RETARG_ABANDON_02', 'EML_NEWSLETTER_WKLY_01']",0,0.0
USR_00085,3,Social Media > Organic Search > Display,SOC_PROSP_LOOKALIKE_01 > SEO_ORGANIC_DIRECT > DSP_RETARG_ABANDON_02,Social Media,SOC_PROSP_LOOKALIKE_01,Display,DSP_RETARG_ABANDON_02,"[np.str_('Social Media'), np.str_('Organic Search'), np.str_('Display')]","['SOC_PROSP_LOOKALIKE_01', 'SEO_ORGANIC_DIRECT', 'DSP_RETARG_ABANDON_02']",1,135.13
USR_00086,1,Paid Search,SEM_BRAND_01,Paid Search,SEM_BRAND_01,Paid Search,SEM_BRAND_01,[np.str_('Paid Search')],['SEM_BRAND_01'],0,0.0
USR_00087,1,Paid Search,SEM_BRAND_01,Paid Search,SEM_BRAND_01,Paid Search,SEM_BRAND_01,[np.str_('Paid Search')],['SEM_BRAND_01'],0,0.0
USR_00088,1,Organic Search,SEO_ORGANIC_DIRECT,Organic Search,SEO_ORGANIC_DIRECT,Organic Search,SEO_ORGANIC_DIRECT,[np.str_('Organic Search')],['SEO_ORGANIC_DIRECT'],1,93.46
USR_00089,3,Paid Search > Email > Email,SEM_BRAND_01 > EML_ABANDONED_CART_02 > EML_NEWSLETTER_WKLY_01,Paid Search,SEM_BRAND_01,Email,EML_NEWSLETTER_WKLY_01,"[np.str_('Paid Search'), np.str_('Email'), np.str_('Email')]","['SEM_BRAND_01', 'EML_ABANDONED_CART_02', 'EML_NEWSLETTER_WKLY_01']",0,0.0
USR_00090,2,Social Media > Email,SOC_RETARG_DPA_02 > EML_WINBACK_90D_03,Social Media,SOC_RETARG_DPA_02,Email,EML_WINBACK_90D_03,"[np.str_('Social Media'), np.str_('Email')]","['SOC_RETARG_DPA_02', 'EML_WINBACK_90D_03']",0,0.0
USR_00091,2,Display > Social Media,DSP_PROG_AWARE_01 > SOC_INFLUENCER_BOOST_03,Display,DSP_PROG_AWARE_01,Social Media,SOC_INFLUENCER_BOOST_03,"[np.str_('Display'), np.str_('Social Media')]","['DSP_PROG_AWARE_01', 'SOC_INFLUENCER_BOOST_03']",0,0.0
USR_00092,4,Paid Search > Email > Email > Email,SEM_GENERIC_PROD_02 > EML_ABANDONED_CART_02 > EML_NEWSLETTER_WKLY_01 > EML_WINBACK_90D_03,Paid Search,SEM_GENERIC_PROD_02,Email,EML_WINBACK_90D_03,"[np.str_('Paid Search'), np.str_('Email'), np.str_('Email'), np.str_('Email')]","['SEM_GENERIC_PROD_02', 'EML_ABANDONED_CART_02', 'EML_NEWSLETTER_WKLY_01', 'EML_WINBACK_90D_03']",1,73.17
USR_00093,3,Display > Email > Paid Search,DSP_RETARG_ABANDON_02 > EML_ABANDONED_CART_02 > SEM_BRAND_01,Display,DSP_RETARG_ABANDON_02,Paid Search,SEM_BRAND_01,"[np.str_('Display'), np.str_('Email'), np.str_('Paid Search')]","['DSP_RETARG_ABANDON_02', 'EML_ABANDONED_CART_02', 'SEM_BRAND_01']",0,0.0
USR_00094,3,Social Media > Display > Email,SOC_PROSP_LOOKALIKE_01 > DSP_PROG_AWARE_01 > EML_WINBACK_90D_03,Social Media,SOC_PROSP_LOOKALIKE_01,Email,EML_WINBACK_90D_03,"[np.str_('Social Media'), np.str_('Display'), np.str_('Email')]","['SOC_PROSP_LOOKALIKE_01', 'DSP_PROG_AWARE_01', 'EML_WINBACK_90D_03']",1,78.66
USR_00095,4,Social Media > Organic Search > Display > Paid Search,SOC_INFLUENCER_BOOST_03 > SEO_ORGANIC_DIRECT > DSP_RETARG_ABANDON_02 > SEM_COMPETITOR_03,Social Media,SOC_INFLUENCER_BOOST_03,Paid Search,SEM_COMPETITOR_03,"[np.str_('Social Media'), np.str_('Organic Search'), np.str_('Display'), np.str_('Paid Search')]","['SOC_INFLUENCER_BOOST_03', 'SEO_ORGANIC_DIRECT', 'DSP_RETARG_ABANDON_02', 'SEM_COMPETITOR_03']",0,0.0
USR_00096,2,Display > Social Media,DSP_RETARG_ABANDON_02 > SOC_PROSP_LOOKALIKE_01,Display,DSP_RETARG_ABANDON_02,Social Media,SOC_PROSP_LOOKALIKE_01,"[np.str_('Display'), np.str_('Social Media')]","['DSP_RETARG_ABANDON_02', 'SOC_PROSP_LOOKALIKE_01']",0,0.0
USR_00097,5,Organic Search > Paid Search > Paid Search > Social Media > Social Media,SEO_ORGANIC_DIRECT > SEM_GENERIC_PROD_02 > SEM_BRAND_01 > SOC_INFLUENCER_BOOST_03 > SOC_PROSP_LOOKALIKE_01,Organic Search,SEO_ORGANIC_DIRECT,Social Media,SOC_PROSP_LOOKALIKE_01,"[np.str_('Organic Search'), np.str_('Paid Search'), np.str_('Paid Search'), np.str_('Social Media'), np.str_('Social Media')]","['SEO_ORGANIC_DIRECT', 'SEM_GENERIC_PROD_02', 'SEM_BRAND_01', 'SOC_INFLUENCER_BOOST_03', 'SOC_PROSP_LOOKALIKE_01']",0,0.0
USR_00098,3,Social Media > Organic Search > Social Media,SOC_INFLUENCER_BOOST_03 > SEO_ORGANIC_DIRECT > SOC_INFLUENCER_BOOST_03,Social Media,SOC_INFLUENCER_BOOST_03,Social Media,SOC_INFLUENCER_BOOST_03,"[np.str_('Social Media'), np.str_('Organic Search'), np.str_('Social Media')]","['SOC_INFLUENCER_BOOST_03', 'SEO_ORGANIC_DIRECT', 'SOC_INFLUENCER_BOOST_03']",0,0.0
USR_00099,1,Organic Search,SEO_ORGANIC_DIRECT,Organic Search,SEO_ORGANIC_DIRECT,Organic Search,SEO_ORGANIC_DIRECT,[np.str_('Organic Search')],['SEO_ORGANIC_DIRECT'],0,0.0
USR_00100,1,Social Media,SOC_PROSP_LOOKALIKE_01,Social Media,SOC_PROSP_LOOKALIKE_01,Social Media,SOC_PROSP_LOOKALIKE_01,[np.str_('Social Media')],['SOC_PROSP_LOOKALIKE_01'],0,0.0
USR_00101,1,Social Media,SOC_PROSP_LOOKALIKE_01,Social Media,SOC_PROSP_LOOKALIKE_01,Social Media,SOC_PROSP_LOOKALIKE_01,[np.str_('Social Media')],['SOC_PROSP_LOOKALIKE_01'],0,0.0
USR_00102,1,Social Media,SOC_PROSP_LOOKALIKE_01,Social Media,SOC_PROSP_LOOKALIKE_01,Social Media,SOC_PROSP_LOOKALIKE_01,[np.str_('Social Media')],['SOC_PROSP_LOOKALIKE_01'],0,0.0
USR_00103,1,Social Media,SOC_RETARG_DPA_02,Social Media,SOC_RETARG_DPA_02,Social Media,SOC_RETARG_DPA_02,[np.str_('Social Media')],['SOC_RETARG_DPA_02'],1,156.4
USR_00104,1,Display,DSP_RETARG_ABANDON_02,Display,DSP_RETARG_ABANDON_02,Display,DSP_RETARG_ABANDON_02,[np.str_('Display')],['DSP_RETARG_ABANDON_02'],0,0.0
USR_00105,1,Display,DSP_RETARG_ABANDON_02,Display,DSP_RETARG_ABANDON_02,Display,DSP_RETARG_ABANDON_02,[np.str_('Display')],['DSP_RETARG_ABANDON_02'],0,0.0
USR_00106,5,Social Media > Social Media > Email > Paid Search > Paid Search,SOC_INFLUENCER_BOOST_03 > SOC_INFLUENCER_BOOST_03 > EML_WINBACK_90D_03 > SEM_COMPETITOR_03 > SEM_COMPETITOR_03,Social Media,SOC_INFLUENCER_BOOST_03,Paid Search,SEM_COMPETITOR_03,"[np.str_('Social Media'), np.str_('Social Media'), np.str_('Email'), np.str_('Paid Search'), np.str_('Paid Search')]","['SOC_INFLUENCER_BOOST_03', 'SOC_INFLUENCER_BOOST_03', 'EML_WINBACK_90D_03', 'SEM_COMPETITOR_03', 'SEM_COMPETITOR_03']",1,97.86
USR_00107,3,Organic Search > Email > Email,SEO_ORGANIC_DIRECT > EML_WINBACK_90D_03 > EML_ABANDONED_CART_02,Organic Search,SEO_ORGANIC_DIRECT,Email,EML_ABANDONED_CART_02,"[np.str_('Organic Search'), np.str_('Email'), np.str_('Email')]","['SEO_ORGANIC_DIRECT', 'EML_WINBACK_90D_03', 'EML_ABANDONED_CART_02']",0,0.0
USR_00108,2,Social Media > Paid Search,SOC_INFLUENCER_BOOST_03 > SEM_COMPETITOR_03,Social Media,SOC_INFLUENCER_BOOST_03,Paid Search,SEM_COMPETITOR_03,"[np.str_('Social Media'), np.str_('Paid Search')]","['SOC_INFLUENCER_BOOST_03', 'SEM_COMPETITOR_03']",0,0.0
USR_00109,1,Display,DSP_RETARG_ABANDON_02,Display,DSP_RETARG_ABANDON_02,Display,DSP_RETARG_ABANDON_02,[np.str_('Display')],['DSP_RETARG_ABANDON_02'],0,0.0
USR_00110,2,Social Media > Paid Search,SOC_RETARG_DPA_02 > SEM_BRAND_01,Social Media,SOC_RETARG_DPA_02,Paid Search,SEM_BRAND_01,"[np.str_('Social Media'), np.str_('Paid Search')]","['SOC_RETARG_DPA_02', 'SEM_BRAND_01']",0,0.0
USR_00111,1,Social Media,SOC_RETARG_DPA_02,Social Media,SOC_RETARG_DPA_02,Social Media,SOC_RETARG_DPA_02,[np.str_('Social Media')],['SOC_RETARG_DPA_02'],0,0.0
USR_00112,4,Display > Display > Display > Display,DSP_PROG_AWARE_01 > DSP_PROG_AWARE_01 > DSP_PROG_AWARE_01 > DSP_RETARG_ABANDON_02,Display,DSP_PROG_AWARE_01,Display,DSP_RETARG_ABANDON_02,"[np.str_('Display'), np.str_('Display'), np.str_('Display'), np.str_('Display')]","['DSP_PROG_AWARE_01', 'DSP_PROG_AWARE_01', 'DSP_PROG_AWARE_01', 'DSP_RETARG_ABANDON_02']",0,0.0
USR_00113,1,Display,DSP_RETARG_ABANDON_02,Display,DSP_RETARG_ABANDON_02,Display,DSP_RETARG_ABANDON_02,[np.str_('Display')],['DSP_RETARG_ABANDON_02'],0,0.0
USR_00114,2,Paid Search > Email,SEM_BRAND_01 > EML_WINBACK_90D_03,Paid Search,SEM_BRAND_01,Email,EML_WINBACK_90D_03,"[np.str_('Paid Search'), np.str_('Email')]","['SEM_BRAND_01', 'EML_WINBACK_90D_03']",1,77.02
USR_00115,3,Display > Display > Social Media,DSP_PROG_AWARE_01 > DSP_PROG_AWARE_01 > SOC_RETARG_DPA_02,Display,DSP_PROG_AWARE_01,Social Media,SOC_RETARG_DPA_02,"[np.str_('Display'), np.str_('Display'), np.str_('Social Media')]","['DSP_PROG_AWARE_01', 'DSP_PROG_AWARE_01', 'SOC_RETARG_DPA_02']",0,0.0
USR_00116,5,Paid Search > Social Media > Email > Organic Search > Organic Search,SEM_COMPETITOR_03 > SOC_INFLUENCER_BOOST_03 > EML_WINBACK_90D_03 > SEO_ORGANIC_DIRECT > SEO_ORGANIC_DIRECT,Paid Search,SEM_COMPETITOR_03,Organic Search,SEO_ORGANIC_DIRECT,"[np.str_('Paid Search'), np.str_('Social Media'), np.str_('Email'), np.str_('Organic Search'), np.str_('Organic Search')]","['SEM_COMPETITOR_03', 'SOC_INFLUENCER_BOOST_03', 'EML_WINBACK_90D_03', 'SEO_ORGANIC_DIRECT', 'SEO_ORGANIC_DIRECT']",0,0.0
USR_00117,1,Paid Search,SEM_COMPETITOR_03,Paid Search,SEM_COMPETITOR_03,Paid Search,SEM_COMPETITOR_03,[np.str_('Paid Search')],['SEM_COMPETITOR_03'],0,0.0
USR_00118,1,Display,DSP_PROG_AWARE_01,Display,DSP_PROG_AWARE_01,Display,DSP_PROG_AWARE_01,[np.str_('Display')],['DSP_PROG_AWARE_01'],0,0.0
USR_00119,1,Display,DSP_PROG_AWARE_01,Display,DSP_PROG_AWARE_01,Display,DSP_PROG_AWARE_01,[np.str_('Display')],['DSP_PROG_AWARE_01'],0,0.0
USR_00120,3,Organic Search > Paid Search > Organic Search,SEO_ORGANIC_DIRECT > SEM_BRAND_01 > SEO_ORGANIC_DIRECT,Organic Search,SEO_ORGANIC_DIRECT,Organic Search,SEO_ORGANIC_DIRECT,"[np.str_('Organic Search'), np.str_('Paid Search'), np.str_('Organic Search')]","['SEO_ORGANIC_DIRECT', 'SEM_BRAND_01', 'SEO_ORGANIC_DIRECT']",0,0.0
USR_00121,1,Social Media,SOC_INFLUENCER_BOOST_03,Social Media,SOC_INFLUENCER_BOOST_03,Social Media,SOC_INFLUENCER_BOOST_03,[np.str_('Social Media')],['SOC_INFLUENCER_BOOST_03'],0,0.0
USR_00122,2,Email > Display,EML_NEWSLETTER_WKLY_01 > DSP_PROG_AWARE_01,Email,EML_NEWSLETTER_WKLY_01,Display,DSP_PROG_AWARE_01,"[np.str_('Email'), np.str_('Display')]","['EML_NEWSLETTER_WKLY_01', 'DSP_PROG_AWARE_01']",0,0.0
USR_00123,1,Display,DSP_PROG_AWARE_01,Display,DSP_PROG_AWARE_01,Display,DSP_PROG_AWARE_01,[np.str_('Display')],['DSP_PROG_AWARE_01'],0,0.0
USR_00124,5,Paid Search > Organic Search > Organic Search > Organic Search > Paid Search,SEM_COMPETITOR_03 > SEO_ORGANIC_DIRECT > SEO_ORGANIC_DIRECT > SEO_ORGANIC_DIRECT > SEM_GENERIC_PROD_02,Paid Search,SEM_COMPETITOR_03,Paid Search,SEM_GENERIC_PROD_02,"[np.str_('Paid Search'), np.str_('Organic Search'), np.str_('Organic Search'), np.str_('Organic Search'), np.str_('Paid Search')]","['SEM_COMPETITOR_03', 'SEO_ORGANIC_DIRECT', 'SEO_ORGANIC_DIRECT', 'SEO_ORGANIC_DIRECT', 'SEM_GENERIC_PROD_02']",0,0.0
USR_00125,1,Paid Search,SEM_GENERIC_PROD_02,Paid Search,SEM_GENERIC_PROD_02,Paid Search,SEM_GENERIC_PROD_02,[np.str_('Paid Search')],['SEM_GENERIC_PROD_02'],0,0.0
USR_00126,1,Paid Search,SEM_COMPETITOR_03,Paid Search,SEM_COMPETITOR_03,Paid Search,SEM_COMPETITOR_03,[np.str_('Paid Search')],['SEM_COMPETITOR_03'],0,0.0
USR_00127,2,Display > Organic Search,DSP_RETARG_ABANDON_02 > SEO_ORGANIC_DIRECT,Display,DSP_RETARG_ABANDON_02,Organic Search,SEO_ORGANIC_DIRECT,"[np.str_('Display'), np.str_('Organic Search')]","['DSP_RETARG_ABANDON_02', 'SEO_ORGANIC_DIRECT']",0,0.0
USR_00128,5,Social Media > Paid Search > Social Media > Display > Email,SOC_INFLUENCER_BOOST_03 > SEM_BRAND_01 > SOC_PROSP_LOOKALIKE_01 > DSP_RETARG_ABANDON_02 > EML_NEWSLETTER_WKLY_01,Social Media,SOC_INFLUENCER_BOOST_03,Email,EML_NEWSLETTER_WKLY_01,"[np.str_('Social Media'), np.str_('Paid Search'), np.str_('Social Media'), np.str_('Display'), np.str_('Email')]","['SOC_INFLUENCER_BOOST_03', 'SEM_BRAND_01', 'SOC_PROSP_LOOKALIKE_01', 'DSP_RETARG_ABANDON_02', 'EML_NEWSLETTER_WKLY_01']",0,0.0
USR_00129,3,Social Media > Email > Paid Search,SOC_RETARG_DPA_02 > EML_NEWSLETTER_WKLY_01 > SEM_GENERIC_PROD_02,Social Media,SOC_RETARG_DPA_02,Paid Search,SEM_GENERIC_PROD_02,"[np.str_('Social Media'), np.str_('Email'), np.str_('Paid Search')]","['SOC_RETARG_DPA_02', 'EML_NEWSLETTER_WKLY_01', 'SEM_GENERIC_PROD_02']",1,111.81
USR_00130,1,Social Media,SOC_RETARG_DPA_02,Social Media,SOC_RETARG_DPA_02,Social Media,SOC_RETARG_DPA_02,[np.str_('Social Media')],['SOC_RETARG_DPA_02'],0,0.0
USR_00131,2,Organic Search > Social Media,SEO_ORGANIC_DIRECT > SOC_PROSP_LOOKALIKE_01,Organic Search,SEO_ORGANIC_DIRECT,Social Media,SOC_PROSP_LOOKALIKE_01,"[np.str_('Organic Search'), np.str_('Social Media')]","['SEO_ORGANIC_DIRECT', 'SOC_PROSP_LOOKALIKE_01']",0,0.0
USR_00132,1,Organic Search,SEO_ORGANIC_DIRECT,Organic Search,SEO_ORGANIC_DIRECT,Organic Search,SEO_ORGANIC_DIRECT,[np.str_('Organic Search')],['SEO_ORGANIC_DIRECT'],0,0.0
USR_00133,2,Paid Search > Paid Search,SEM_BRAND_01 > SEM_COMPETITOR_03,Paid Search,SEM_BRAND_01,Paid Search,SEM_COMPETITOR_03,"[np.str_('Paid Search'), np.str_('Paid Search')]","['SEM_BRAND_01', 'SEM_COMPETITOR_03']",0,0.0
USR_00134,2,Organic Search > Organic Search,SEO_ORGANIC_DIRECT > SEO_ORGANIC_DIRECT,Organic Search,SEO_ORGANIC_DIRECT,Organic Search,SEO_ORGANIC_DIRECT,"[np.str_('Organic Search'), np.str_('Organic Search')]","['SEO_ORGANIC_DIRECT', 'SEO_ORGANIC_DIRECT']",0,0.0
USR_00135,3,Paid Search > Paid Search > Organic Search,SEM_COMPETITOR_03 > SEM_COMPETITOR_03 > SEO_ORGANIC_DIRECT,Paid Search,SEM_COMPETITOR_03,Organic Search,SEO_ORGANIC_DIRECT,"[np.str_('Paid Search'), np.str_('Paid Search'), np.str_('Organic Search')]","['SEM_COMPETITOR_03', 'SEM_COMPETITOR_03', 'SEO_ORGANIC_DIRECT']",0,0.0
USR_00136,1,Social Media,SOC_INFLUENCER_BOOST_03,Social Media,SOC_INFLUENCER_BOOST_03,Social Media,SOC_INFLUENCER_BOOST_03,[np.str_('Social Media')],['SOC_INFLUENCER_BOOST_03'],0,0.0
USR_00137,3,Organic Search > Social Media > Email,SEO_ORGANIC_DIRECT > SOC_INFLUENCER_BOOST_03 > EML_ABANDONED_CART_02,Organic Search,SEO_ORGANIC_DIRECT,Email,EML_ABANDONED_CART_02,"[np.str_('Organic Search'), np.str_('Social Media'), np.str_('Email')]","['SEO_ORGANIC_DIRECT', 'SOC_INFLUENCER_BOOST_03', 'EML_ABANDONED_CART_02']",0,0.0
USR_00138,1,Paid Search,SEM_BRAND_01,Paid Search,SEM_BRAND_01,Paid Search,SEM_BRAND_01,[np.str_('Paid Search')],['SEM_BRAND_01'],0,0.0
USR_00139,2,Social Media > Organic Search,SOC_RETARG_DPA_02 > SEO_ORGANIC_DIRECT,Social Media,SOC_RETARG_DPA_02,Organic Search,SEO_ORGANIC_DIRECT,"[np.str_('Social Media'), np.str_('Organic Search')]","['SOC_RETARG_DPA_02', 'SEO_ORGANIC_DIRECT']",0,0.0
USR_00140,4,Organic Search > Email > Organic Search > Email,SEO_ORGANIC_DIRECT > EML_WINBACK_90D_03 > SEO_ORGANIC_DIRECT > EML_WINBACK_90D_03,Organic Search,SEO_ORGANIC_DIRECT,Email,EML_WINBACK_90D_03,"[np.str_('Organic Search'), np.str_('Email'), np.str_('Organic Search'), np.str_('Email')]","['SEO_ORGANIC_DIRECT', 'EML_WINBACK_90D_03', 'SEO_ORGANIC_DIRECT', 'EML_WINBACK_90D_03']",0,0.0
USR_00141,2,Email > Paid Search,EML_ABANDONED_CART_02 > SEM_COMPETITOR_03,Email,EML_ABANDONED_CART_02,Paid Search,SEM_COMPETITOR_03,"[np.str_('Email'), np.str_('Paid Search')]","['EML_ABANDONED_CART_02', 'SEM_COMPETITOR_03']",0,0.0
USR_00142,3,Social Media > Display > Paid Search,SOC_RETARG_DPA_02 > DSP_PROG_AWARE_01 > SEM_GENERIC_PROD_02,Social Media,SOC_RETARG_DPA_02,Paid Search,SEM_GENERIC_PROD_02,"[np.str_('Social Media'), np.str_('Display'), np.str_('Paid Search')]","['SOC_RETARG_DPA_02', 'DSP_PROG_AWARE_01', 'SEM_GENERIC_PROD_02']",0,0.0
USR_00143,3,Social Media > Organic Search > Display,SOC_INFLUENCER_BOOST_03 > SEO_ORGANIC_DIRECT > DSP_RETARG_ABANDON_02,Social Media,SOC_INFLUENCER_BOOST_03,Display,DSP_RETARG_ABANDON_02,"[np.str_('Social Media'), np.str_('Organic Search'), np.str_('Display')]","['SOC_INFLUENCER_BOOST_03', 'SEO_ORGANIC_DIRECT', 'DSP_RETARG_ABANDON_02']",0,0.0
USR_00144,1,Paid Search,SEM_COMPETITOR_03,Paid Search,SEM_COMPETITOR_03,Paid Search,SEM_COMPETITOR_03,[np.str_('Paid Search')],['SEM_COMPETITOR_03'],0,0.0
USR_00145,3,Paid Search > Organic Search > Social Media,SEM_COMPETITOR_03 > SEO_ORGANIC_DIRECT > SOC_INFLUENCER_BOOST_03,Paid Search,SEM_COMPETITOR_03,Social Media,SOC_INFLUENCER_BOOST_03,"[np.str_('Paid Search'), np.str_('Organic Search'), np.str_('Social Media')]","['SEM_COMPETITOR_03', 'SEO_ORGANIC_DIRECT', 'SOC_INFLUENCER_BOOST_03']",0,0.0
USR_00146,1,Email,EML_WINBACK_90D_03,Email,EML_WINBACK_90D_03,Email,EML_WINBACK_90D_03,[np.str_('Email')],['EML_WINBACK_90D_03'],0,0.0
USR_00147,2,Paid Search > Social Media,SEM_GENERIC_PROD_02 > SOC_PROSP_LOOKALIKE_01,Paid Search,SEM_GENERIC_PROD_02,Social Media,SOC_PROSP_LOOKALIKE_01,"[np.str_('Paid Search'), np.str_('Social Media')]","['SEM_GENERIC_PROD_02', 'SOC_PROSP_LOOKALIKE_01']",0,0.0
USR_00148,3,Social Media > Paid Search > Organic Search,SOC_RETARG_DPA_02 > SEM_COMPETITOR_03 > SEO_ORGANIC_DIRECT,Social Media,SOC_RETARG_DPA_02,Organic Search,SEO_ORGANIC_DIRECT,"[np.str_('Social Media'), np.str_('Paid Search'), np.str_('Organic Search')]","['SOC_RETARG_DPA_02', 'SEM_COMPETITOR_03', 'SEO_ORGANIC_DIRECT']",0,0.0
USR_00149,5,Organic Search > Email > Social Media > Paid Search > Social Media,SEO_ORGANIC_DIRECT > EML_NEWSLETTER_WKLY_01 > SOC_RETARG_DPA_02 > SEM_BRAND_01 > SOC_INFLUENCER_BOOST_03,Organic Search,SEO_ORGANIC_DIRECT,Social Media,SOC_INFLUENCER_BOOST_03,"[np.str_('Organic Search'), np.str_('Email'), np.str_('Social Media'), np.str_('Paid Search'), np.str_('Social Media')]","['SEO_ORGANIC_DIRECT', 'EML_NEWSLETTER_WKLY_01', 'SOC_RETARG_DPA_02', 'SEM_BRAND_01', 'SOC_INFLUENCER_BOOST_03']",0,0.0
USR_00150,1,Organic Search,SEO_ORGANIC_DIRECT,Organic Search,SEO_ORGANIC_DIRECT,Organic Search,SEO_ORGANIC_DIRECT,[np.str_('Organic Search')],['SEO_ORGANIC_DIRECT'],0,0.0
USR_00151,4,Display > Organic Search > Paid Search > Paid Search,DSP_RETARG_ABANDON_02 > SEO_ORGANIC_DIRECT > SEM_COMPETITOR_03 > SEM_BRAND_01,Display,DSP_RETARG_ABANDON_02,Paid Search,SEM_BRAND_01,"[np.str_('Display'), np.str_('Organic Search'), np.str_('Paid Search'), np.str_('Paid Search')]","['DSP_RETARG_ABANDON_02', 'SEO_ORGANIC_DIRECT', 'SEM_COMPETITOR_03', 'SEM_BRAND_01']",0,0.0
USR_00152,2,Display > Social Media,DSP_PROG_AWARE_01 > SOC_PROSP_LOOKALIKE_01,Display,DSP_PROG_AWARE_01,Social Media,SOC_PROSP_LOOKALIKE_01,"[np.str_('Display'), np.str_('Social Media')]","['DSP_PROG_AWARE_01', 'SOC_PROSP_LOOKALIKE_01']",0,0.0
USR_00153,2,Social Media > Email,SOC_INFLUENCER_BOOST_03 > EML_NEWSLETTER_WKLY_01,Social Media,SOC_INFLUENCER_BOOST_03,Email,EML_NEWSLETTER_WKLY_01,"[np.str_('Social Media'), np.str_('Email')]","['SOC_INFLUENCER_BOOST_03', 'EML_NEWSLETTER_WKLY_01']",0,0.0
USR_00154,1,Display,DSP_PROG_AWARE_01,Display,DSP_PROG_AWARE_01,Display,DSP_PROG_AWARE_01,[np.str_('Display')],['DSP_PROG_AWARE_01'],0,0.0
USR_00155,1,Social Media,SOC_PROSP_LOOKALIKE_01,Social Media,SOC_PROSP_LOOKALIKE_01,Social Media,SOC_PROSP_LOOKALIKE_01,[np.str_('Social Media')],['SOC_PROSP_LOOKALIKE_01'],1,99.17
USR_00156,1,Paid Search,SEM_BRAND_01,Paid Search,SEM_BRAND_01,Paid Search,SEM_BRAND_01,[np.str_('Paid Search')],['SEM_BRAND_01'],0,0.0
USR_00157,1,Social Media,SOC_RETARG_DPA_02,Social Media,SOC_RETARG_DPA_02,Social Media,SOC_RETARG_DPA_02,[np.str_('Social Media')],['SOC_RETARG_DPA_02'],0,0.0
USR_00158,1,Display,DSP_PROG_AWARE_01,Display,DSP_PROG_AWARE_01,Display,DSP_PROG_AWARE_01,[np.str_('Display')],['DSP_PROG_AWARE_01'],0,0.0
USR_00159,2,Social Media > Organic Search,SOC_RETARG_DPA_02 > SEO_ORGANIC_DIRECT,Social Media,SOC_RETARG_DPA_02,Organic Search,SEO_ORGANIC_DIRECT,"[np.str_('Social Media'), np.str_('Organic Search')]","['SOC_RETARG_DPA_02', 'SEO_ORGANIC_DIRECT']",0,0.0
USR_00160,2,Display > Email,DSP_RETARG_ABANDON_02 > EML_ABANDONED_CART_02,Display,DSP_RETARG_ABANDON_02,Email,EML_ABANDONED_CART_02,"[np.str_('Display'), np.str_('Email')]","['DSP_RETARG_ABANDON_02', 'EML_ABANDONED_CART_02']",1,84.17
USR_00161,1,Paid Search,SEM_GENERIC_PROD_02,Paid Search,SEM_GENERIC_PROD_02,Paid Search,SEM_GENERIC_PROD_02,[np.str_('Paid Search')],['SEM_GENERIC_PROD_02'],0,0.0
USR_00162,2,Organic Search > Paid Search,SEO_ORGANIC_DIRECT > SEM_COMPETITOR_03,Organic Search,SEO_ORGANIC_DIRECT,Paid Search,SEM_COMPETITOR_03,"[np.str_('Organic Search'), np.str_('Paid Search')]","['SEO_ORGANIC_DIRECT', 'SEM_COMPETITOR_03']",1,93.78
USR_00163,2,Paid Search > Paid Search,SEM_COMPETITOR_03 > SEM_COMPETITOR_03,Paid Search,SEM_COMPETITOR_03,Paid Search,SEM_COMPETITOR_03,"[np.str_('Paid Search'), np.str_('Paid Search')]","['SEM_COMPETITOR_03', 'SEM_COMPETITOR_03']",0,0.0
USR_00164,1,Display,DSP_PROG_AWARE_01,Display,DSP_PROG_AWARE_01,Display,DSP_PROG_AWARE_01,[np.str_('Display')],['DSP_PROG_AWARE_01'],0,0.0
USR_00165,3,Social Media > Display > Social Media,SOC_RETARG_DPA_02 > DSP_RETARG_ABANDON_02 > SOC_RETARG_DPA_02,Social Media,SOC_RETARG_DPA_02,Social Media,SOC_RETARG_DPA_02,"[np.str_('Social Media'), np.str_('Display'), np.str_('Social Media')]","['SOC_RETARG_DPA_02', 'DSP_RETARG_ABANDON_02', 'SOC_RETARG_DPA_02']",0,0.0
USR_00166,2,Social Media > Email,SOC_RETARG_DPA_02 > EML_WINBACK_90D_03,Social Media,SOC_RETARG_DPA_02,Email,EML_WINBACK_90D_03,"[np.str_('Social Media'), np.str_('Email')]","['SOC_RETARG_DPA_02', 'EML_WINBACK_90D_03']",0,0.0
USR_00167,2,Social Media > Social Media,SOC_RETARG_DPA_02 > SOC_RETARG_DPA_02,Social Media,SOC_RETARG_DPA_02,Social Media,SOC_RETARG_DPA_02,"[np.str_('Social Media'), np.str_('Social Media')]","['SOC_RETARG_DPA_02', 'SOC_RETARG_DPA_02']",0,0.0
USR_00168,4,Social Media > Paid Search > Organic Search > Email,SOC_PROSP_LOOKALIKE_01 > SEM_BRAND_01 > SEO_ORGANIC_DIRECT > EML_WINBACK_90D_03,Social Media,SOC_PROSP_LOOKALIKE_01,Email,EML_WINBACK_90D_03,"[np.str_('Social Media'), np.str_('Paid Search'), np.str_('Organic Search'), np.str_('Email')]","['SOC_PROSP_LOOKALIKE_01', 'SEM_BRAND_01', 'SEO_ORGANIC_DIRECT', 'EML_WINBACK_90D_03']",0,0.0
USR_00169,1,Social Media,SOC_INFLUENCER_BOOST_03,Social Media,SOC_INFLUENCER_BOOST_03,Social Media,SOC_INFLUENCER_BOOST_03,[np.str_('Social Media')],['SOC_INFLUENCER_BOOST_03'],0,0.0
USR_00170,1,Social Media,SOC_RETARG_DPA_02,Social Media,SOC_RETARG_DPA_02,Social Media,SOC_RETARG_DPA_02,[np.str_('Social Media')],['SOC_RETARG_DPA_02'],0,0.0
USR_00171,2,Display > Social Media,DSP_RETARG_ABANDON_02 > SOC_INFLUENCER_BOOST_03,Display,DSP_RETARG_ABANDON_02,Social Media,SOC_INFLUENCER_BOOST_03,"[np.str_('Display'), np.str_('Social Media')]","['DSP_RETARG_ABANDON_02', 'SOC_INFLUENCER_BOOST_03']",0,0.0
USR_00172,2,Social Media > Paid Search,SOC_INFLUENCER_BOOST_03 > SEM_BRAND_01,Social Media,SOC_INFLUENCER_BOOST_03,Paid Search,SEM_BRAND_01,"[np.str_('Social Media'), np.str_('Paid Search')]","['SOC_INFLUENCER_BOOST_03', 'SEM_BRAND_01']",0,0.0
USR_00173,1,Organic Search,SEO_ORGANIC_DIRECT,Organic Search,SEO_ORGANIC_DIRECT,Organic Search,SEO_ORGANIC_DIRECT,[np.str_('Organic Search')],['SEO_ORGANIC_DIRECT'],0,0.0
USR_00174,2,Paid Search > Paid Search,SEM_COMPETITOR_03 > SEM_BRAND_01,Paid Search,SEM_COMPETITOR_03,Paid Search,SEM_BRAND_01,"[np.str_('Paid Search'), np.str_('Paid Search')]","['SEM_COMPETITOR_03', 'SEM_BRAND_01']",0,0.0
USR_00175,1,Display,DSP_PROG_AWARE_01,Display,DSP_PROG_AWARE_01,Display,DSP_PROG_AWARE_01,[np.str_('Display')],['DSP_PROG_AWARE_01'],0,0.0
USR_00176,2,Display > Paid Search,DSP_RETARG_ABANDON_02 > SEM_GENERIC_PROD_02,Display,DSP_RETARG_ABANDON_02,Paid Search,SEM_GENERIC_PROD_02,"[np.str_('Display'), np.str_('Paid Search')]","['DSP_RETARG_ABANDON_02', 'SEM_GENERIC_PROD_02']",0,0.0
USR_00177,5,Display > Organic Search > Display > Social Media > Display,DSP_PROG_AWARE_01 > SEO_ORGANIC_DIRECT > DSP_PROG_AWARE_01 > SOC_RETARG_DPA_02 > DSP_RETARG_ABANDON_02,Display,DSP_PROG_AWARE_01,Display,DSP_RETARG_ABANDON_02,"[np.str_('Display'), np.str_('Organic Search'), np.str_('Display'), np.str_('Social Media'), np.str_('Display')]","['DSP_PROG_AWARE_01', 'SEO_ORGANIC_DIRECT', 'DSP_PROG_AWARE_01', 'SOC_RETARG_DPA_02', 'DSP_RETARG_ABANDON_02']",0,0.0
USR_00178,1,Display,DSP_PROG_AWARE_01,Display,DSP_PROG_AWARE_01,Display,DSP_PROG_AWARE_01,[np.str_('Display')],['DSP_PROG_AWARE_01'],0,0.0
USR_00179,3,Display > Organic Search > Organic Search,DSP_RETARG_ABANDON_02 > SEO_ORGANIC_DIRECT > SEO_ORGANIC_DIRECT,Display,DSP_RETARG_ABANDON_02,Organic Search,SEO_ORGANIC_DIRECT,"[np.str_('Display'), np.str_('Organic Search'), np.str_('Organic Search')]","['DSP_RETARG_ABANDON_02', 'SEO_ORGANIC_DIRECT', 'SEO_ORGANIC_DIRECT']",0,0.0
USR_00180,3,Social Media > Social Media > Social Media,SOC_INFLUENCER_BOOST_03 > SOC_RETARG_DPA_02 > SOC_RETARG_DPA_02,Social Media,SOC_INFLUENCER_BOOST_03,Social Media,SOC_RETARG_DPA_02,"[np.str_('Social Media'), np.str_('Social Media'), np.str_('Social Media')]","['SOC_INFLUENCER_BOOST_03', 'SOC_RETARG_DPA_02', 'SOC_RETARG_DPA_02']",0,0.0
USR_00181,1,Social Media,SOC_RETARG_DPA_02,Social Media,SOC_RETARG_DPA_02,Social Media,SOC_RETARG_DPA_02,[np.str_('Social Media')],['SOC_RETARG_DPA_02'],1,128.97
USR_00182,1,Display,DSP_PROG_AWARE_01,Display,DSP_PROG_AWARE_01,Display,DSP_PROG_AWARE_01,[np.str_('Display')],['DSP_PROG_AWARE_01'],0,0.0
USR_00183,1,Social Media,SOC_RETARG_DPA_02,Social Media,SOC_RETARG_DPA_02,Social Media,SOC_RETARG_DPA_02,[np.str_('Social Media')],['SOC_RETARG_DPA_02'],0,0.0
USR_00184,2,Display > Organic Search,DSP_PROG_AWARE_01 > SEO_ORGANIC_DIRECT,Display,DSP_PROG_AWARE_01,Organic Search,SEO_ORGANIC_DIRECT,"[np.str_('Display'), np.str_('Organic Search')]","['DSP_PROG_AWARE_01', 'SEO_ORGANIC_DIRECT']",0,0.0
USR_00185,1,Paid Search,SEM_BRAND_01,Paid Search,SEM_BRAND_01,Paid Search,SEM_BRAND_01,[np.str_('Paid Search')],['SEM_BRAND_01'],0,0.0
USR_00186,2,Social Media > Email,SOC_INFLUENCER_BOOST_03 > EML_WINBACK_90D_03,Social Media,SOC_INFLUENCER_BOOST_03,Email,EML_WINBACK_90D_03,"[np.str_('Social Media'), np.str_('Email')]","['SOC_INFLUENCER_BOOST_03', 'EML_WINBACK_90D_03']",0,0.0
USR_00187,1,Display,DSP_RETARG_ABANDON_02,Display,DSP_RETARG_ABANDON_02,Display,DSP_RETARG_ABANDON_02,[np.str_('Display')],['DSP_RETARG_ABANDON_02'],0,0.0
USR_00188,1,Organic Search,SEO_ORGANIC_DIRECT,Organic Search,SEO_ORGANIC_DIRECT,Organic Search,SEO_ORGANIC_DIRECT,[np.str_('Organic Search')],['SEO_ORGANIC_DIRECT'],0,0.0
USR_00189,2,Organic Search > Display,SEO_ORGANIC_DIRECT > DSP_RETARG_ABANDON_02,Organic Search,SEO_ORGANIC_DIRECT,Display,DSP_RETARG_ABANDON_02,"[np.str_('Organic Search'), np.str_('Display')]","['SEO_ORGANIC_DIRECT', 'DSP_RETARG_ABANDON_02']",0,0.0
USR_00190,1,Email,EML_ABANDONED_CART_02,Email,EML_ABANDONED_CART_02,Email,EML_ABANDONED_CART_02,[np.str_('Email')],['EML_ABANDONED_CART_02'],0,0.0
USR_00191,1,Paid Search,SEM_COMPETITOR_03,Paid Search,SEM_COMPETITOR_03,Paid Search,SEM_COMPETITOR_03,[np.str_('Paid Search')],['SEM_COMPETITOR_03'],0,0.0
USR_00192,1,Social Media,SOC_RETARG_DPA_02,Social Media,SOC_RETARG_DPA_02,Social Media,SOC_RETARG_DPA_02,[np.str_('Social Media')],['SOC_RETARG_DPA_02'],0,0.0
USR_00193,1,Paid Search,SEM_BRAND_01,Paid Search,SEM_BRAND_01,Paid Search,SEM_BRAND_01,[np.str_('Paid Search')],['SEM_BRAND_01'],0,0.0
USR_00194,4,Display > Social Media > Email > Email,DSP_PROG_AWARE_01 > SOC_PROSP_LOOKALIKE_01 > EML_NEWSLETTER_WKLY_01 > EML_ABANDONED_CART_02,Display,DSP_PROG_AWARE_01,Email,EML_ABANDONED_CART_02,"[np.str_('Display'), np.str_('Social Media'), np.str_('Email'), np.str_('Email')]","['DSP_PROG_AWARE_01', 'SOC_PROSP_LOOKALIKE_01', 'EML_NEWSLETTER_WKLY_01', 'EML_ABANDONED_CART_02']",0,0.0
USR_00195,2,Paid Search > Display,SEM_GENERIC_PROD_02 > DSP_PROG_AWARE_01,Paid Search,SEM_GENERIC_PROD_02,Display,DSP_PROG_AWARE_01,"[np.str_('Paid Search'), np.str_('Display')]","['SEM_GENERIC_PROD_02', 'DSP_PROG_AWARE_01']",0,0.0
USR_00196,2,Paid Search > Display,SEM_BRAND_01 > DSP_RETARG_ABANDON_02,Paid Search,SEM_BRAND_01,Display,DSP_RETARG_ABANDON_02,"[np.str_('Paid Search'), np.str_('Display')]","['SEM_BRAND_01', 'DSP_RETARG_ABANDON_02']",0,0.0
USR_00197,2,Organic Search > Email,SEO_ORGANIC_DIRECT > EML_WINBACK_90D_03,Organic Search,SEO_ORGANIC_DIRECT,Email,EML_WINBACK_90D_03,"[np.str_('Organic Search'), np.str_('Email')]","['SEO_ORGANIC_DIRECT', 'EML_WINBACK_90D_03']",0,0.0
USR_00198,3,Organic Search > Paid Search > Organic Search,SEO_ORGANIC_DIRECT > SEM_GENERIC_PROD_02 > SEO_ORGANIC_DIRECT,Organic Search,SEO_ORGANIC_DIRECT,Organic Search,SEO_ORGANIC_DIRECT,"[np.str_('Organic Search'), np.str_('Paid Search'), np.str_('Organic Search')]","['SEO_ORGANIC_DIRECT', 'SEM_GENERIC_PROD_02', 'SEO_ORGANIC_DIRECT']",0,0.0
USR_00199,2,Paid Search > Social Media,SEM_BRAND_01 > SOC_PROSP_LOOKALIKE_01,Paid Search,SEM_BRAND_01,Social Media,SOC_PROSP_LOOKALIKE_01,"[np.str_('Paid Search'), np.str_('Social Media')]","['SEM_BRAND_01', 'SOC_PROSP_LOOKALIKE_01']",1,82.56
USR_00200,2,Display > Paid Search,DSP_PROG_AWARE_01 > SEM_COMPETITOR_03,Display,DSP_PROG_AWARE_01,Paid Search,SEM_COMPETITOR_03,"[np.str_('Display'), np.str_('Paid Search')]","['DSP_PROG_AWARE_01', 'SEM_COMPETITOR_03']",1,134.03
USR_00201,1,Display,DSP_RETARG_ABANDON_02,Display,DSP_RETARG_ABANDON_02,Display,DSP_RETARG_ABANDON_02,[np.str_('Display')],['DSP_RETARG_ABANDON_02'],0,0.0
USR_00202,2,Organic Search > Email,SEO_ORGANIC_DIRECT > EML_WINBACK_90D_03,Organic Search,SEO_ORGANIC_DIRECT,Email,EML_WINBACK_90D_03,"[np.str_('Organic Search'), np.str_('Email')]","['SEO_ORGANIC_DIRECT', 'EML_WINBACK_90D_03']",1,126.67
USR_00203,1,Organic Search,SEO_ORGANIC_DIRECT,Organic Search,SEO_ORGANIC_DIRECT,Organic Search,SEO_ORGANIC_DIRECT,[np.str_('Organic Search')],['SEO_ORGANIC_DIRECT'],0,0.0
USR_00204,1,Paid Search,SEM_BRAND_01,Paid Search,SEM_BRAND_01,Paid Search,SEM_BRAND_01,[np.str_('Paid Search')],['SEM_BRAND_01'],0,0.0
USR_00205,2,Display > Email,DSP_RETARG_ABANDON_02 > EML_ABANDONED_CART_02,Display,DSP_RETARG_ABANDON_02,Email,EML_ABANDONED_CART_02,"[np.str_('Display'), np.str_('Email')]","['DSP_RETARG_ABANDON_02', 'EML_ABANDONED_CART_02']",1,118.86
USR_00206,1,Social Media,SOC_RETARG_DPA_02,Social Media,SOC_RETARG_DPA_02,Social Media,SOC_RETARG_DPA_02,[np.str_('Social Media')],['SOC_RETARG_DPA_02'],0,0.0
USR_00207,1,Social Media,SOC_RETARG_DPA_02,Social Media,SOC_RETARG_DPA_02,Social Media,SOC_RETARG_DPA_02,[np.str_('Social Media')],['SOC_RETARG_DPA_02'],0,0.0
USR_00208,2,Display > Organic Search,DSP_PROG_AWARE_01 > SEO_ORGANIC_DIRECT,Display,DSP_PROG_AWARE_01,Organic Search,SEO_ORGANIC_DIRECT,"[np.str_('Display'), np.str_('Organic Search')]","['DSP_PROG_AWARE_01', 'SEO_ORGANIC_DIRECT']",0,0.0
USR_00209,1,Display,DSP_RETARG_ABANDON_02,Display,DSP_RETARG_ABANDON_02,Display,DSP_RETARG_ABANDON_02,[np.str_('Display')],['DSP_RETARG_ABANDON_02'],0,0.0
USR_00210,3,Social Media > Social Media > Paid Search,SOC_RETARG_DPA_02 > SOC_RETARG_DPA_02 > SEM_GENERIC_PROD_02,Social Media,SOC_RETARG_DPA_02,Paid Search,SEM_GENERIC_PROD_02,"[np.str_('Social Media'), np.str_('Social Media'), np.str_('Paid Search')]","['SOC_RETARG_DPA_02', 'SOC_RETARG_DPA_02', 'SEM_GENERIC_PROD_02']",0,0.0
USR_00211,3,Social Media > Social Media > Email,SOC_PROSP_LOOKALIKE_01 > SOC_RETARG_DPA_02 > EML_WINBACK_90D_03,Social Media,SOC_PROSP_LOOKALIKE_01,Email,EML_WINBACK_90D_03,"[np.str_('Social Media'), np.str_('Social Media'), np.str_('Email')]","['SOC_PROSP_LOOKALIKE_01', 'SOC_RETARG_DPA_02', 'EML_WINBACK_90D_03']",0,0.0
USR_00212,2,Paid Search > Paid Search,SEM_GENERIC_PROD_02 > SEM_BRAND_01,Paid Search,SEM_GENERIC_PROD_02,Paid Search,SEM_BRAND_01,"[np.str_('Paid Search'), np.str_('Paid Search')]","['SEM_GENERIC_PROD_02', 'SEM_BRAND_01']",0,0.0
USR_00213,1,Organic Search,SEO_ORGANIC_DIRECT,Organic Search,SEO_ORGANIC_DIRECT,Organic Search,SEO_ORGANIC_DIRECT,[np.str_('Organic Search')],['SEO_ORGANIC_DIRECT'],0,0.0
USR_00214,4,Social Media > Social Media > Email > Social Media,SOC_RETARG_DPA_02 > SOC_INFLUENCER_BOOST_03 > EML_ABANDONED_CART_02 > SOC_RETARG_DPA_02,Social Media,SOC_RETARG_DPA_02,Social Media,SOC_RETARG_DPA_02,"[np.str_('Social Media'), np.str_('Social Media'), np.str_('Email'), np.str_('Social Media')]","['SOC_RETARG_DPA_02', 'SOC_INFLUENCER_BOOST_03', 'EML_ABANDONED_CART_02', 'SOC_RETARG_DPA_02']",0,0.0
USR_00215,5,Paid Search > Social Media > Display > Organic Search > Display,SEM_BRAND_01 > SOC_INFLUENCER_BOOST_03 > DSP_PROG_AWARE_01 > SEO_ORGANIC_DIRECT > DSP_RETARG_ABANDON_02,Paid Search,SEM_BRAND_01,Display,DSP_RETARG_ABANDON_02,"[np.str_('Paid Search'), np.str_('Social Media'), np.str_('Display'), np.str_('Organic Search'), np.str_('Display')]","['SEM_BRAND_01', 'SOC_INFLUENCER_BOOST_03', 'DSP_PROG_AWARE_01', 'SEO_ORGANIC_DIRECT', 'DSP_RETARG_ABANDON_02']",0,0.0
USR_00216,4,Organic Search > Paid Search > Social Media > Email,SEO_ORGANIC_DIRECT > SEM_COMPETITOR_03 > SOC_INFLUENCER_BOOST_03 > EML_ABANDONED_CART_02,Organic Search,SEO_ORGANIC_DIRECT,Email,EML_ABANDONED_CART_02,"[np.str_('Organic Search'), np.str_('Paid Search'), np.str_('Social Media'), np.str_('Email')]","['SEO_ORGANIC_DIRECT', 'SEM_COMPETITOR_03', 'SOC_INFLUENCER_BOOST_03', 'EML_ABANDONED_CART_02']",1,152.39
USR_00217,2,Paid Search > Paid Search,SEM_COMPETITOR_03 > SEM_GENERIC_PROD_02,Paid Search,SEM_COMPETITOR_03,Paid Search,SEM_GENERIC_PROD_02,"[np.str_('Paid Search'), np.str_('Paid Search')]","['SEM_COMPETITOR_03', 'SEM_GENERIC_PROD_02']",0,0.0
USR_00218,3,Paid Search > Display > Paid Search,SEM_BRAND_01 > DSP_PROG_AWARE_01 > SEM_BRAND_01,Paid Search,SEM_BRAND_01,Paid Search,SEM_BRAND_01,"[np.str_('Paid Search'), np.str_('Display'), np.str_('Paid Search')]","['SEM_BRAND_01', 'DSP_PROG_AWARE_01', 'SEM_BRAND_01']",1,102.32
USR_00219,1,Social Media,SOC_PROSP_LOOKALIKE_01,Social Media,SOC_PROSP_LOOKALIKE_01,Social Media,SOC_PROSP_LOOKALIKE_01,[np.str_('Social Media')],['SOC_PROSP_LOOKALIKE_01'],0,0.0
USR_00220,1,Organic Search,SEO_ORGANIC_DIRECT,Organic Search,SEO_ORGANIC_DIRECT,Organic Search,SEO_ORGANIC_DIRECT,[np.str_('Organic Search')],['SEO_ORGANIC_DIRECT'],0,0.0
USR_00221,1,Email,EML_NEWSLETTER_WKLY_01,Email,EML_NEWSLETTER_WKLY_01,Email,EML_NEWSLETTER_WKLY_01,[np.str_('Email')],['EML_NEWSLETTER_WKLY_01'],0,0.0
USR_00222,1,Social Media,SOC_INFLUENCER_BOOST_03,Social Media,SOC_INFLUENCER_BOOST_03,Social Media,SOC_INFLUENCER_BOOST_03,[np.str_('Social Media')],['SOC_INFLUENCER_BOOST_03'],0,0.0
USR_00223,2,Organic Search > Organic Search,SEO_ORGANIC_DIRECT > SEO_ORGANIC_DIRECT,Organic Search,SEO_ORGANIC_DIRECT,Organic Search,SEO_ORGANIC_DIRECT,"[np.str_('Organic Search'), np.str_('Organic Search')]","['SEO_ORGANIC_DIRECT', 'SEO_ORGANIC_DIRECT']",0,0.0
USR_00224,1,Paid Search,SEM_BRAND_01,Paid Search,SEM_BRAND_01,Paid Search,SEM_BRAND_01,[np.str_('Paid Search')],['SEM_BRAND_01'],0,0.0
USR_00225,3,Paid Search > Social Media > Paid Search,SEM_BRAND_01 > SOC_INFLUENCER_BOOST_03 > SEM_COMPETITOR_03,Paid Search,SEM_BRAND_01,Paid Search,SEM_COMPETITOR_03,"[np.str_('Paid Search'), np.str_('Social Media'), np.str_('Paid Search')]","['SEM_BRAND_01', 'SOC_INFLUENCER_BOOST_03', 'SEM_COMPETITOR_03']",0,0.0
USR_00226,1,Social Media,SOC_RETARG_DPA_02,Social Media,SOC_RETARG_DPA_02,Social Media,SOC_RETARG_DPA_02,[np.str_('Social Media')],['SOC_RETARG_DPA_02'],0,0.0
USR_00227,1,Social Media,SOC_PROSP_LOOKALIKE_01,Social Media,SOC_PROSP_LOOKALIKE_01,Social Media,SOC_PROSP_LOOKALIKE_01,[np.str_('Social Media')],['SOC_PROSP_LOOKALIKE_01'],0,0.0
USR_00228,2,Display > Display,DSP_PROG_AWARE_01 > DSP_RETARG_ABANDON_02,Display,DSP_PROG_AWARE_01,Display,DSP_RETARG_ABANDON_02,"[np.str_('Display'), np.str_('Display')]","['DSP_PROG_AWARE_01', 'DSP_RETARG_ABANDON_02']",0,0.0
USR_00229,2,Display > Paid Search,DSP_RETARG_ABANDON_02 > SEM_BRAND_01,Display,DSP_RETARG_ABANDON_02,Paid Search,SEM_BRAND_01,"[np.str_('Display'), np.str_('Paid Search')]","['DSP_RETARG_ABANDON_02', 'SEM_BRAND_01']",0,0.0
USR_00230,3,Paid Search > Display > Social Media,SEM_COMPETITOR_03 > DSP_PROG_AWARE_01 > SOC_RETARG_DPA_02,Paid Search,SEM_COMPETITOR_03,Social Media,SOC_RETARG_DPA_02,"[np.str_('Paid Search'), np.str_('Display'), np.str_('Social Media')]","['SEM_COMPETITOR_03', 'DSP_PROG_AWARE_01', 'SOC_RETARG_DPA_02']",0,0.0
USR_00231,1,Display,DSP_PROG_AWARE_01,Display,DSP_PROG_AWARE_01,Display,DSP_PROG_AWARE_01,[np.str_('Display')],['DSP_PROG_AWARE_01'],0,0.0
USR_00232,1,Social Media,SOC_INFLUENCER_BOOST_03,Social Media,SOC_INFLUENCER_BOOST_03,Social Media,SOC_INFLUENCER_BOOST_03,[np.str_('Social Media')],['SOC_INFLUENCER_BOOST_03'],0,0.0
USR_00233,1,Social Media,SOC_RETARG_DPA_02,Social Media,SOC_RETARG_DPA_02,Social Media,SOC_RETARG_DPA_02,[np.str_('Social Media')],['SOC_RETARG_DPA_02'],0,0.0
USR_00234,3,Paid Search > Social Media > Paid Search,SEM_GENERIC_PROD_02 > SOC_PROSP_LOOKALIKE_01 > SEM_BRAND_01,Paid Search,SEM_GENERIC_PROD_02,Paid Search,SEM_BRAND_01,"[np.str_('Paid Search'), np.str_('Social Media'), np.str_('Paid Search')]","['SEM_GENERIC_PROD_02', 'SOC_PROSP_LOOKALIKE_01', 'SEM_BRAND_01']",0,0.0
USR_00235,1,Email,EML_NEWSLETTER_WKLY_01,Email,EML_NEWSLETTER_WKLY_01,Email,EML_NEWSLETTER_WKLY_01,[np.str_('Email')],['EML_NEWSLETTER_WKLY_01'],0,0.0
USR_00236,3,Social Media > Paid Search > Social Media,SOC_INFLUENCER_BOOST_03 > SEM_COMPETITOR_03 > SOC_RETARG_DPA_02,Social Media,SOC_INFLUENCER_BOOST_03,Social Media,SOC_RETARG_DPA_02,"[np.str_('Social Media'), np.str_('Paid Search'), np.str_('Social Media')]","['SOC_INFLUENCER_BOOST_03', 'SEM_COMPETITOR_03', 'SOC_RETARG_DPA_02']",0,0.0
USR_00237,3,Organic Search > Social Media > Paid Search,SEO_ORGANIC_DIRECT > SOC_RETARG_DPA_02 > SEM_BRAND_01,Organic Search,SEO_ORGANIC_DIRECT,Paid Search,SEM_BRAND_01,"[np.str_('Organic Search'), np.str_('Social Media'), np.str_('Paid Search')]","['SEO_ORGANIC_DIRECT', 'SOC_RETARG_DPA_02', 'SEM_BRAND_01']",0,0.0
USR_00238,1,Social Media,SOC_PROSP_LOOKALIKE_01,Social Media,SOC_PROSP_LOOKALIKE_01,Social Media,SOC_PROSP_LOOKALIKE_01,[np.str_('Social Media')],['SOC_PROSP_LOOKALIKE_01'],1,79.3
USR_00239,5,Social Media > Social Media > Social Media > Email > Social Media,SOC_INFLUENCER_BOOST_03 > SOC_INFLUENCER_BOOST_03 > SOC_PROSP_LOOKALIKE_01 > EML_ABANDONED_CART_02 > SOC_PROSP_LOOKALIKE_01,Social Media,SOC_INFLUENCER_BOOST_03,Social Media,SOC_PROSP_LOOKALIKE_01,"[np.str_('Social Media'), np.str_('Social Media'), np.str_('Social Media'), np.str_('Email'), np.str_('Social Media')]","['SOC_INFLUENCER_BOOST_03', 'SOC_INFLUENCER_BOOST_03', 'SOC_PROSP_LOOKALIKE_01', 'EML_ABANDONED_CART_02', 'SOC_PROSP_LOOKALIKE_01']",1,107.97
USR_00240,1,Paid Search,SEM_BRAND_01,Paid Search,SEM_BRAND_01,Paid Search,SEM_BRAND_01,[np.str_('Paid Search')],['SEM_BRAND_01'],0,0.0
USR_00241,2,Display > Display,DSP_PROG_AWARE_01 > DSP_RETARG_ABANDON_02,Display,DSP_PROG_AWARE_01,Display,DSP_RETARG_ABANDON_02,"[np.str_('Display'), np.str_('Display')]","['DSP_PROG_AWARE_01', 'DSP_RETARG_ABANDON_02']",0,0.0
USR_00242,2,Social Media > Paid Search,SOC_INFLUENCER_BOOST_03 > SEM_GENERIC_PROD_02,Social Media,SOC_INFLUENCER_BOOST_03,Paid Search,SEM_GENERIC_PROD_02,"[np.str_('Social Media'), np.str_('Paid Search')]","['SOC_INFLUENCER_BOOST_03', 'SEM_GENERIC_PROD_02']",0,0.0
USR_00243,5,Email > Paid Search > Paid Search > Display > Email,EML_WINBACK_90D_03 > SEM_COMPETITOR_03 > SEM_COMPETITOR_03 > DSP_PROG_AWARE_01 > EML_ABANDONED_CART_02,Email,EML_WINBACK_90D_03,Email,EML_ABANDONED_CART_02,"[np.str_('Email'), np.str_('Paid Search'), np.str_('Paid Search'), np.str_('Display'), np.str_('Email')]","['EML_WINBACK_90D_03', 'SEM_COMPETITOR_03', 'SEM_COMPETITOR_03', 'DSP_PROG_AWARE_01', 'EML_ABANDONED_CART_02']",0,0.0
USR_00244,2,Display > Social Media,DSP_PROG_AWARE_01 > SOC_PROSP_LOOKALIKE_01,Display,DSP_PROG_AWARE_01,Social Media,SOC_PROSP_LOOKALIKE_01,"[np.str_('Display'), np.str_('Social Media')]","['DSP_PROG_AWARE_01', 'SOC_PROSP_LOOKALIKE_01']",0,0.0
USR_00245,2,Social Media > Display,SOC_PROSP_LOOKALIKE_01 > DSP_RETARG_ABANDON_02,Social Media,SOC_PROSP_LOOKALIKE_01,Display,DSP_RETARG_ABANDON_02,"[np.str_('Social Media'), np.str_('Display')]","['SOC_PROSP_LOOKALIKE_01', 'DSP_RETARG_ABANDON_02']",0,0.0
USR_00246,1,Social Media,SOC_RETARG_DPA_02,Social Media,SOC_RETARG_DPA_02,Social Media,SOC_RETARG_DPA_02,[np.str_('Social Media')],['SOC_RETARG_DPA_02'],0,0.0
USR_00247,2,Email > Email,EML_ABANDONED_CART_02 > EML_ABANDONED_CART_02,Email,EML_ABANDONED_CART_02,Email,EML_ABANDONED_CART_02,"[np.str_('Email'), np.str_('Email')]","['EML_ABANDONED_CART_02', 'EML_ABANDONED_CART_02']",0,0.0
USR_00248,2,Display > Paid Search,DSP_RETARG_ABANDON_02 > SEM_BRAND_01,Display,DSP_RETARG_ABANDON_02,Paid Search,SEM_BRAND_01,"[np.str_('Display'), np.str_('Paid Search')]","['DSP_RETARG_ABANDON_02', 'SEM_BRAND_01']",0,0.0
USR_00249,5,Social Media > Social Media > Email > Email > Paid Search,SOC_RETARG_DPA_02 > SOC_INFLUENCER_BOOST_03 > EML_ABANDONED_CART_02 > EML_ABANDONED_CART_02 > SEM_BRAND_01,Social Media,SOC_RETARG_DPA_02,Paid Search,SEM_BRAND_01,"[np.str_('Social Media'), np.str_('Social Media'), np.str_('Email'), np.str_('Email'), np.str_('Paid Search')]","['SOC_RETARG_DPA_02', 'SOC_INFLUENCER_BOOST_03', 'EML_ABANDONED_CART_02', 'EML_ABANDONED_CART_02', 'SEM_BRAND_01']",1,112.03
USR_00250,1,Paid Search,SEM_COMPETITOR_03,Paid Search,SEM_COMPETITOR_03,Paid Search,SEM_COMPETITOR_03,[np.str_('Paid Search')],['SEM_COMPETITOR_03'],0,0.0
USR_00251,5,Organic Search > Email > Organic Search > Display > Paid Search,SEO_ORGANIC_DIRECT > EML_ABANDONED_CART_02 > SEO_ORGANIC_DIRECT > DSP_RETARG_ABANDON_02 > SEM_COMPETITOR_03,Organic Search,SEO_ORGANIC_DIRECT,Paid Search,SEM_COMPETITOR_03,"[np.str_('Organic Search'), np.str_('Email'), np.str_('Organic Search'), np.str_('Display'), np.str_('Paid Search')]","['SEO_ORGANIC_DIRECT', 'EML_ABANDONED_CART_02', 'SEO_ORGANIC_DIRECT', 'DSP_RETARG_ABANDON_02', 'SEM_COMPETITOR_03']",0,0.0
USR_00252,1,Paid Search,SEM_BRAND_01,Paid Search,SEM_BRAND_01,Paid Search,SEM_BRAND_01,[np.str_('Paid Search')],['SEM_BRAND_01'],0,0.0
USR_00253,4,Social Media > Social Media > Email > Paid Search,SOC_PROSP_LOOKALIKE_01 > SOC_INFLUENCER_BOOST_03 > EML_NEWSLETTER_WKLY_01 > SEM_GENERIC_PROD_02,Social Media,SOC_PROSP_LOOKALIKE_01,Paid Search,SEM_GENERIC_PROD_02,"[np.str_('Social Media'), np.str_('Social Media'), np.str_('Email'), np.str_('Paid Search')]","['SOC_PROSP_LOOKALIKE_01', 'SOC_INFLUENCER_BOOST_03', 'EML_NEWSLETTER_WKLY_01', 'SEM_GENERIC_PROD_02']",1,107.38
USR_00254,5,Paid Search > Display > Paid Search > Paid Search > Paid Search,SEM_COMPETITOR_03 > DSP_RETARG_ABANDON_02 > SEM_COMPETITOR_03 > SEM_COMPETITOR_03 > SEM_BRAND_01,Paid Search,SEM_COMPETITOR_03,Paid Search,SEM_BRAND_01,"[np.str_('Paid Search'), np.str_('Display'), np.str_('Paid Search'), np.str_('Paid Search'), np.str_('Paid Search')]","['SEM_COMPETITOR_03', 'DSP_RETARG_ABANDON_02', 'SEM_COMPETITOR_03', 'SEM_COMPETITOR_03', 'SEM_BRAND_01']",0,0.0
USR_00255,3,Paid Search > Paid Search > Social Media,SEM_BRAND_01 > SEM_GENERIC_PROD_02 > SOC_RETARG_DPA_02,Paid Search,SEM_BRAND_01,Social Media,SOC_RETARG_DPA_02,"[np.str_('Paid Search'), np.str_('Paid Search'), np.str_('Social Media')]","['SEM_BRAND_01', 'SEM_GENERIC_PROD_02', 'SOC_RETARG_DPA_02']",0,0.0
USR_00256,2,Organic Search > Social Media,SEO_ORGANIC_DIRECT > SOC_RETARG_DPA_02,Organic Search,SEO_ORGANIC_DIRECT,Social Media,SOC_RETARG_DPA_02,"[np.str_('Organic Search'), np.str_('Social Media')]","['SEO_ORGANIC_DIRECT', 'SOC_RETARG_DPA_02']",0,0.0
USR_00257,1,Display,DSP_PROG_AWARE_01,Display,DSP_PROG_AWARE_01,Display,DSP_PROG_AWARE_01,[np.str_('Display')],['DSP_PROG_AWARE_01'],0,0.0
USR_00258,1,Display,DSP_PROG_AWARE_01,Display,DSP_PROG_AWARE_01,Display,DSP_PROG_AWARE_01,[np.str_('Display')],['DSP_PROG_AWARE_01'],0,0.0
USR_00259,1,Social Media,SOC_RETARG_DPA_02,Social Media,SOC_RETARG_DPA_02,Social Media,SOC_RETARG_DPA_02,[np.str_('Social Media')],['SOC_RETARG_DPA_02'],0,0.0
USR_00260,4,Organic Search > Display > Paid Search > Email,SEO_ORGANIC_DIRECT > DSP_RETARG_ABANDON_02 > SEM_BRAND_01 > EML_NEWSLETTER_WKLY_01,Organic Search,SEO_ORGANIC_DIRECT,Email,EML_NEWSLETTER_WKLY_01,"[np.str_('Organic Search'), np.str_('Display'), np.str_('Paid Search'), np.str_('Email')]","['SEO_ORGANIC_DIRECT', 'DSP_RETARG_ABANDON_02', 'SEM_BRAND_01', 'EML_NEWSLETTER_WKLY_01']",0,0.0
USR_00261,1,Paid Search,SEM_COMPETITOR_03,Paid Search,SEM_COMPETITOR_03,Paid Search,SEM_COMPETITOR_03,[np.str_('Paid Search')],['SEM_COMPETITOR_03'],0,0.0
USR_00262,1,Display,DSP_RETARG_ABANDON_02,Display,DSP_RETARG_ABANDON_02,Display,DSP_RETARG_ABANDON_02,[np.str_('Display')],['DSP_RETARG_ABANDON_02'],0,0.0
USR_00263,1,Display,DSP_PROG_AWARE_01,Display,DSP_PROG_AWARE_01,Display,DSP_PROG_AWARE_01,[np.str_('Display')],['DSP_PROG_AWARE_01'],0,0.0
USR_00264,4,Organic Search > Social Media > Email > Email,SEO_ORGANIC_DIRECT > SOC_RETARG_DPA_02 > EML_NEWSLETTER_WKLY_01 > EML_NEWSLETTER_WKLY_01,Organic Search,SEO_ORGANIC_DIRECT,Email,EML_NEWSLETTER_WKLY_01,"[np.str_('Organic Search'), np.str_('Social Media'), np.str_('Email'), np.str_('Email')]","['SEO_ORGANIC_DIRECT', 'SOC_RETARG_DPA_02', 'EML_NEWSLETTER_WKLY_01', 'EML_NEWSLETTER_WKLY_01']",0,0.0
USR_00265,3,Social Media > Paid Search > Paid Search,SOC_PROSP_LOOKALIKE_01 > SEM_BRAND_01 > SEM_BRAND_01,Social Media,SOC_PROSP_LOOKALIKE_01,Paid Search,SEM_BRAND_01,"[np.str_('Social Media'), np.str_('Paid Search'), np.str_('Paid Search')]","['SOC_PROSP_LOOKALIKE_01', 'SEM_BRAND_01', 'SEM_BRAND_01']",0,0.0
USR_00266,2,Display > Email,DSP_RETARG_ABANDON_02 > EML_ABANDONED_CART_02,Display,DSP_RETARG_ABANDON_02,Email,EML_ABANDONED_CART_02,"[np.str_('Display'), np.str_('Email')]","['DSP_RETARG_ABANDON_02', 'EML_ABANDONED_CART_02']",0,0.0
USR_00267,1,Paid Search,SEM_COMPETITOR_03,Paid Search,SEM_COMPETITOR_03,Paid Search,SEM_COMPETITOR_03,[np.str_('Paid Search')],['SEM_COMPETITOR_03'],1,125.67
USR_00268,1,Paid Search,SEM_COMPETITOR_03,Paid Search,SEM_COMPETITOR_03,Paid Search,SEM_COMPETITOR_03,[np.str_('Paid Search')],['SEM_COMPETITOR_03'],0,0.0
USR_00269,1,Social Media,SOC_INFLUENCER_BOOST_03,Social Media,SOC_INFLUENCER_BOOST_03,Social Media,SOC_INFLUENCER_BOOST_03,[np.str_('Social Media')],['SOC_INFLUENCER_BOOST_03'],0,0.0
USR_00270,3,Organic Search > Email > Email,SEO_ORGANIC_DIRECT > EML_NEWSLETTER_WKLY_01 > EML_ABANDONED_CART_02,Organic Search,SEO_ORGANIC_DIRECT,Email,EML_ABANDONED_CART_02,"[np.str_('Organic Search'), np.str_('Email'), np.str_('Email')]","['SEO_ORGANIC_DIRECT', 'EML_NEWSLETTER_WKLY_01', 'EML_ABANDONED_CART_02']",0,0.0
USR_00271,1,Social Media,SOC_PROSP_LOOKALIKE_01,Social Media,SOC_PROSP_LOOKALIKE_01,Social Media,SOC_PROSP_LOOKALIKE_01,[np.str_('Social Media')],['SOC_PROSP_LOOKALIKE_01'],0,0.0
USR_00272,5,Social Media > Email > Paid Search > Organic Search > Email,SOC_PROSP_LOOKALIKE_01 > EML_ABANDONED_CART_02 > SEM_BRAND_01 > SEO_ORGANIC_DIRECT > EML_NEWSLETTER_WKLY_01,Social Media,SOC_PROSP_LOOKALIKE_01,Email,EML_NEWSLETTER_WKLY_01,"[np.str_('Social Media'), np.str_('Email'), np.str_('Paid Search'), np.str_('Organic Search'), np.str_('Email')]","['SOC_PROSP_LOOKALIKE_01', 'EML_ABANDONED_CART_02', 'SEM_BRAND_01', 'SEO_ORGANIC_DIRECT', 'EML_NEWSLETTER_WKLY_01']",0,0.0
USR_00273,1,Organic Search,SEO_ORGANIC_DIRECT,Organic Search,SEO_ORGANIC_DIRECT,Organic Search,SEO_ORGANIC_DIRECT,[np.str_('Organic Search')],['SEO_ORGANIC_DIRECT'],0,0.0
USR_00274,2,Social Media > Social Media,SOC_PROSP_LOOKALIKE_01 > SOC_PROSP_LOOKALIKE_01,Social Media,SOC_PROSP_LOOKALIKE_01,Social Media,SOC_PROSP_LOOKALIKE_01,"[np.str_('Social Media'), np.str_('Social Media')]","['SOC_PROSP_LOOKALIKE_01', 'SOC_PROSP_LOOKALIKE_01']",1,89.82
USR_00275,1,Display,DSP_RETARG_ABANDON_02,Display,DSP_RETARG_ABANDON_02,Display,DSP_RETARG_ABANDON_02,[np.str_('Display')],['DSP_RETARG_ABANDON_02'],0,0.0
USR_00276,4,Organic Search > Paid Search > Social Media > Email,SEO_ORGANIC_DIRECT > SEM_BRAND_01 > SOC_INFLUENCER_BOOST_03 > EML_NEWSLETTER_WKLY_01,Organic Search,SEO_ORGANIC_DIRECT,Email,EML_NEWSLETTER_WKLY_01,"[np.str_('Organic Search'), np.str_('Paid Search'), np.str_('Social Media'), np.str_('Email')]","['SEO_ORGANIC_DIRECT', 'SEM_BRAND_01', 'SOC_INFLUENCER_BOOST_03', 'EML_NEWSLETTER_WKLY_01']",1,106.95
USR_00277,1,Organic Search,SEO_ORGANIC_DIRECT,Organic Search,SEO_ORGANIC_DIRECT,Organic Search,SEO_ORGANIC_DIRECT,[np.str_('Organic Search')],['SEO_ORGANIC_DIRECT'],0,0.0
USR_00278,4,Paid Search > Social Media > Display > Paid Search,SEM_COMPETITOR_03 > SOC_RETARG_DPA_02 > DSP_RETARG_ABANDON_02 > SEM_BRAND_01,Paid Search,SEM_COMPETITOR_03,Paid Search,SEM_BRAND_01,"[np.str_('Paid Search'), np.str_('Social Media'), np.str_('Display'), np.str_('Paid Search')]","['SEM_COMPETITOR_03', 'SOC_RETARG_DPA_02', 'DSP_RETARG_ABANDON_02', 'SEM_BRAND_01']",0,0.0
USR_00279,3,Display > Social Media > Paid Search,DSP_RETARG_ABANDON_02 > SOC_PROSP_LOOKALIKE_01 > SEM_GENERIC_PROD_02,Display,DSP_RETARG_ABANDON_02,Paid Search,SEM_GENERIC_PROD_02,"[np.str_('Display'), np.str_('Social Media'), np.str_('Paid Search')]","['DSP_RETARG_ABANDON_02', 'SOC_PROSP_LOOKALIKE_01', 'SEM_GENERIC_PROD_02']",0,0.0
USR_00280,1,Paid Search,SEM_BRAND_01,Paid Search,SEM_BRAND_01,Paid Search,SEM_BRAND_01,[np.str_('Paid Search')],['SEM_BRAND_01'],1,133.27
USR_00281,2,Paid Search > Paid Search,SEM_GENERIC_PROD_02 > SEM_BRAND_01,Paid Search,SEM_GENERIC_PROD_02,Paid Search,SEM_BRAND_01,"[np.str_('Paid Search'), np.str_('Paid Search')]","['SEM_GENERIC_PROD_02', 'SEM_BRAND_01']",0,0.0
USR_00282,1,Social Media,SOC_PROSP_LOOKALIKE_01,Social Media,SOC_PROSP_LOOKALIKE_01,Social Media,SOC_PROSP_LOOKALIKE_01,[np.str_('Social Media')],['SOC_PROSP_LOOKALIKE_01'],0,0.0
USR_00283,1,Paid Search,SEM_BRAND_01,Paid Search,SEM_BRAND_01,Paid Search,SEM_BRAND_01,[np.str_('Paid Search')],['SEM_BRAND_01'],0,0.0
USR_00284,2,Social Media > Email,SOC_RETARG_DPA_02 > EML_NEWSLETTER_WKLY_01,Social Media,SOC_RETARG_DPA_02,Email,EML_NEWSLETTER_WKLY_01,"[np.str_('Social Media'), np.str_('Email')]","['SOC_RETARG_DPA_02', 'EML_NEWSLETTER_WKLY_01']",1,102.07
USR_00285,4,Display > Paid Search > Social Media > Organic Search,DSP_RETARG_ABANDON_02 > SEM_GENERIC_PROD_02 > SOC_INFLUENCER_BOOST_03 > SEO_ORGANIC_DIRECT,Display,DSP_RETARG_ABANDON_02,Organic Search,SEO_ORGANIC_DIRECT,"[np.str_('Display'), np.str_('Paid Search'), np.str_('Social Media'), np.str_('Organic Search')]","['DSP_RETARG_ABANDON_02', 'SEM_GENERIC_PROD_02', 'SOC_INFLUENCER_BOOST_03', 'SEO_ORGANIC_DIRECT']",0,0.0
USR_00286,1,Display,DSP_RETARG_ABANDON_02,Display,DSP_RETARG_ABANDON_02,Display,DSP_RETARG_ABANDON_02,[np.str_('Display')],['DSP_RETARG_ABANDON_02'],1,71.76
USR_00287,2,Display > Display,DSP_PROG_AWARE_01 > DSP_RETARG_ABANDON_02,Display,DSP_PROG_AWARE_01,Display,DSP_RETARG_ABANDON_02,"[np.str_('Display'), np.str_('Display')]","['DSP_PROG_AWARE_01', 'DSP_RETARG_ABANDON_02']",0,0.0
USR_00288,3,Social Media > Display > Paid Search,SOC_INFLUENCER_BOOST_03 > DSP_PROG_AWARE_01 > SEM_COMPETITOR_03,Social Media,SOC_INFLUENCER_BOOST_03,Paid Search,SEM_COMPETITOR_03,"[np.str_('Social Media'), np.str_('Display'), np.str_('Paid Search')]","['SOC_INFLUENCER_BOOST_03', 'DSP_PROG_AWARE_01', 'SEM_COMPETITOR_03']",0,0.0
USR_00289,2,Social Media > Social Media,SOC_INFLUENCER_BOOST_03 > SOC_INFLUENCER_BOOST_03,Social Media,SOC_INFLUENCER_BOOST_03,Social Media,SOC_INFLUENCER_BOOST_03,"[np.str_('Social Media'), np.str_('Social Media')]","['SOC_INFLUENCER_BOOST_03', 'SOC_INFLUENCER_BOOST_03']",0,0.0
USR_00290,4,Display > Paid Search > Paid Search > Social Media,DSP_PROG_AWARE_01 > SEM_GENERIC_PROD_02 > SEM_GENERIC_PROD_02 > SOC_INFLUENCER_BOOST_03,Display,DSP_PROG_AWARE_01,Social Media,SOC_INFLUENCER_BOOST_03,"[np.str_('Display'), np.str_('Paid Search'), np.str_('Paid Search'), np.str_('Social Media')]","['DSP_PROG_AWARE_01', 'SEM_GENERIC_PROD_02', 'SEM_GENERIC_PROD_02', 'SOC_INFLUENCER_BOOST_03']",1,93.2
USR_00291,1,Email,EML_ABANDONED_CART_02,Email,EML_ABANDONED_CART_02,Email,EML_ABANDONED_CART_02,[np.str_('Email')],['EML_ABANDONED_CART_02'],0,0.0
USR_00292,1,Paid Search,SEM_BRAND_01,Paid Search,SEM_BRAND_01,Paid Search,SEM_BRAND_01,[np.str_('Paid Search')],['SEM_BRAND_01'],0,0.0
USR_00293,1,Social Media,SOC_INFLUENCER_BOOST_03,Social Media,SOC_INFLUENCER_BOOST_03,Social Media,SOC_INFLUENCER_BOOST_03,[np.str_('Social Media')],['SOC_INFLUENCER_BOOST_03'],0,0.0
USR_00294,1,Organic Search,SEO_ORGANIC_DIRECT,Organic Search,SEO_ORGANIC_DIRECT,Organic Search,SEO_ORGANIC_DIRECT,[np.str_('Organic Search')],['SEO_ORGANIC_DIRECT'],0,0.0
USR_00295,1,Social Media,SOC_RETARG_DPA_02,Social Media,SOC_RETARG_DPA_02,Social Media,SOC_RETARG_DPA_02,[np.str_('Social Media')],['SOC_RETARG_DPA_02'],0,0.0
USR_00296,1,Social Media,SOC_INFLUENCER_BOOST_03,Social Media,SOC_INFLUENCER_BOOST_03,Social Media,SOC_INFLUENCER_BOOST_03,[np.str_('Social Media')],['SOC_INFLUENCER_BOOST_03'],0,0.0
USR_00297,2,Social Media > Paid Search,SOC_INFLUENCER_BOOST_03 > SEM_GENERIC_PROD_02,Social Media,SOC_INFLUENCER_BOOST_03,Paid Search,SEM_GENERIC_PROD_02,"[np.str_('Social Media'), np.str_('Paid Search')]","['SOC_INFLUENCER_BOOST_03', 'SEM_GENERIC_PROD_02']",0,0.0
USR_00298,4,Display > Paid Search > Organic Search > Paid Search,DSP_PROG_AWARE_01 > SEM_BRAND_01 > SEO_ORGANIC_DIRECT > SEM_GENERIC_PROD_02,Display,DSP_PROG_AWARE_01,Paid Search,SEM_GENERIC_PROD_02,"[np.str_('Display'), np.str_('Paid Search'), np.str_('Organic Search'), np.str_('Paid Search')]","['DSP_PROG_AWARE_01', 'SEM_BRAND_01', 'SEO_ORGANIC_DIRECT', 'SEM_GENERIC_PROD_02']",1,109.45
USR_00299,1,Social Media,SOC_RETARG_DPA_02,Social Media,SOC_RETARG_DPA_02,Social Media,SOC_RETARG_DPA_02,[np.str_('Social Media')],['SOC_RETARG_DPA_02'],0,0.0
USR_00300,1,Email,EML_NEWSLETTER_WKLY_01,Email,EML_NEWSLETTER_WKLY_01,Email,EML_NEWSLETTER_WKLY_01,[np.str_('Email')],['EML_NEWSLETTER_WKLY_01'],0,0.0
USR_00301,4,Organic Search > Paid Search > Social Media > Email,SEO_ORGANIC_DIRECT > SEM_COMPETITOR_03 > SOC_PROSP_LOOKALIKE_01 > EML_NEWSLETTER_WKLY_01,Organic Search,SEO_ORGANIC_DIRECT,Email,EML_NEWSLETTER_WKLY_01,"[np.str_('Organic Search'), np.str_('Paid Search'), np.str_('Social Media'), np.str_('Email')]","['SEO_ORGANIC_DIRECT', 'SEM_COMPETITOR_03', 'SOC_PROSP_LOOKALIKE_01', 'EML_NEWSLETTER_WKLY_01']",0,0.0
USR_00302,2,Social Media > Paid Search,SOC_INFLUENCER_BOOST_03 > SEM_BRAND_01,Social Media,SOC_INFLUENCER_BOOST_03,Paid Search,SEM_BRAND_01,"[np.str_('Social Media'), np.str_('Paid Search')]","['SOC_INFLUENCER_BOOST_03', 'SEM_BRAND_01']",1,84.77
USR_00303,5,Social Media > Paid Search > Email > Email > Display,SOC_PROSP_LOOKALIKE_01 > SEM_COMPETITOR_03 > EML_WINBACK_90D_03 > EML_ABANDONED_CART_02 > DSP_RETARG_ABANDON_02,Social Media,SOC_PROSP_LOOKALIKE_01,Display,DSP_RETARG_ABANDON_02,"[np.str_('Social Media'), np.str_('Paid Search'), np.str_('Email'), np.str_('Email'), np.str_('Display')]","['SOC_PROSP_LOOKALIKE_01', 'SEM_COMPETITOR_03', 'EML_WINBACK_90D_03', 'EML_ABANDONED_CART_02', 'DSP_RETARG_ABANDON_02']",0,0.0
USR_00304,1,Social Media,SOC_RETARG_DPA_02,Social Media,SOC_RETARG_DPA_02,Social Media,SOC_RETARG_DPA_02,[np.str_('Social Media')],['SOC_RETARG_DPA_02'],0,0.0
USR_00305,5,Social Media > Paid Search > Paid Search > Organic Search > Social Media,SOC_INFLUENCER_BOOST_03 > SEM_COMPETITOR_03 > SEM_BRAND_01 > SEO_ORGANIC_DIRECT > SOC_RETARG_DPA_02,Social Media,SOC_INFLUENCER_BOOST_03,Social Media,SOC_RETARG_DPA_02,"[np.str_('Social Media'), np.str_('Paid Search'), np.str_('Paid Search'), np.str_('Organic Search'), np.str_('Social Media')]","['SOC_INFLUENCER_BOOST_03', 'SEM_COMPETITOR_03', 'SEM_BRAND_01', 'SEO_ORGANIC_DIRECT', 'SOC_RETARG_DPA_02']",0,0.0
USR_00306,1,Display,DSP_PROG_AWARE_01,Display,DSP_PROG_AWARE_01,Display,DSP_PROG_AWARE_01,[np.str_('Display')],['DSP_PROG_AWARE_01'],0,0.0
USR_00307,2,Organic Search > Social Media,SEO_ORGANIC_DIRECT > SOC_INFLUENCER_BOOST_03,Organic Search,SEO_ORGANIC_DIRECT,Social Media,SOC_INFLUENCER_BOOST_03,"[np.str_('Organic Search'), np.str_('Social Media')]","['SEO_ORGANIC_DIRECT', 'SOC_INFLUENCER_BOOST_03']",0,0.0
USR_00308,3,Social Media > Paid Search > Organic Search,SOC_PROSP_LOOKALIKE_01 > SEM_BRAND_01 > SEO_ORGANIC_DIRECT,Social Media,SOC_PROSP_LOOKALIKE_01,Organic Search,SEO_ORGANIC_DIRECT,"[np.str_('Social Media'), np.str_('Paid Search'), np.str_('Organic Search')]","['SOC_PROSP_LOOKALIKE_01', 'SEM_BRAND_01', 'SEO_ORGANIC_DIRECT']",0,0.0
USR_00309,1,Organic Search,SEO_ORGANIC_DIRECT,Organic Search,SEO_ORGANIC_DIRECT,Organic Search,SEO_ORGANIC_DIRECT,[np.str_('Organic Search')],['SEO_ORGANIC_DIRECT'],0,0.0
USR_00310,3,Display > Display > Social Media,DSP_PROG_AWARE_01 > DSP_RETARG_ABANDON_02 > SOC_RETARG_DPA_02,Display,DSP_PROG_AWARE_01,Social Media,SOC_RETARG_DPA_02,"[np.str_('Display'), np.str_('Display'), np.str_('Social Media')]","['DSP_PROG_AWARE_01', 'DSP_RETARG_ABANDON_02', 'SOC_RETARG_DPA_02']",0,0.0
USR_00311,2,Paid Search > Organic Search,SEM_COMPETITOR_03 > SEO_ORGANIC_DIRECT,Paid Search,SEM_COMPETITOR_03,Organic Search,SEO_ORGANIC_DIRECT,"[np.str_('Paid Search'), np.str_('Organic Search')]","['SEM_COMPETITOR_03', 'SEO_ORGANIC_DIRECT']",1,87.7
USR_00312,1,Email,EML_NEWSLETTER_WKLY_01,Email,EML_NEWSLETTER_WKLY_01,Email,EML_NEWSLETTER_WKLY_01,[np.str_('Email')],['EML_NEWSLETTER_WKLY_01'],1,103.61
USR_00313,3,Social Media > Social Media > Paid Search,SOC_RETARG_DPA_02 > SOC_RETARG_DPA_02 > SEM_COMPETITOR_03,Social Media,SOC_RETARG_DPA_02,Paid Search,SEM_COMPETITOR_03,"[np.str_('Social Media'), np.str_('Social Media'), np.str_('Paid Search')]","['SOC_RETARG_DPA_02', 'SOC_RETARG_DPA_02', 'SEM_COMPETITOR_03']",0,0.0
USR_00314,3,Organic Search > Social Media > Email,SEO_ORGANIC_DIRECT > SOC_PROSP_LOOKALIKE_01 > EML_ABANDONED_CART_02,Organic Search,SEO_ORGANIC_DIRECT,Email,EML_ABANDONED_CART_02,"[np.str_('Organic Search'), np.str_('Social Media'), np.str_('Email')]","['SEO_ORGANIC_DIRECT', 'SOC_PROSP_LOOKALIKE_01', 'EML_ABANDONED_CART_02']",1,127.9
USR_00315,1,Social Media,SOC_INFLUENCER_BOOST_03,Social Media,SOC_INFLUENCER_BOOST_03,Social Media,SOC_INFLUENCER_BOOST_03,[np.str_('Social Media')],['SOC_INFLUENCER_BOOST_03'],0,0.0
USR_00316,1,Paid Search,SEM_COMPETITOR_03,Paid Search,SEM_COMPETITOR_03,Paid Search,SEM_COMPETITOR_03,[np.str_('Paid Search')],['SEM_COMPETITOR_03'],0,0.0
USR_00317,2,Display > Email,DSP_PROG_AWARE_01 > EML_WINBACK_90D_03,Display,DSP_PROG_AWARE_01,Email,EML_WINBACK_90D_03,"[np.str_('Display'), np.str_('Email')]","['DSP_PROG_AWARE_01', 'EML_WINBACK_90D_03']",0,0.0
USR_00318,1,Email,EML_ABANDONED_CART_02,Email,EML_ABANDONED_CART_02,Email,EML_ABANDONED_CART_02,[np.str_('Email')],['EML_ABANDONED_CART_02'],0,0.0
USR_00319,1,Social Media,SOC_PROSP_LOOKALIKE_01,Social Media,SOC_PROSP_LOOKALIKE_01,Social Media,SOC_PROSP_LOOKALIKE_01,[np.str_('Social Media')],['SOC_PROSP_LOOKALIKE_01'],0,0.0
USR_00320,2,Organic Search > Social Media,SEO_ORGANIC_DIRECT > SOC_INFLUENCER_BOOST_03,Organic Search,SEO_ORGANIC_DIRECT,Social Media,SOC_INFLUENCER_BOOST_03,"[np.str_('Organic Search'), np.str_('Social Media')]","['SEO_ORGANIC_DIRECT', 'SOC_INFLUENCER_BOOST_03']",0,0.0
USR_00321,2,Social Media > Paid Search,SOC_PROSP_LOOKALIKE_01 > SEM_GENERIC_PROD_02,Social Media,SOC_PROSP_LOOKALIKE_01,Paid Search,SEM_GENERIC_PROD_02,"[np.str_('Social Media'), np.str_('Paid Search')]","['SOC_PROSP_LOOKALIKE_01', 'SEM_GENERIC_PROD_02']",0,0.0
USR_00322,2,Paid Search > Paid Search,SEM_GENERIC_PROD_02 > SEM_BRAND_01,Paid Search,SEM_GENERIC_PROD_02,Paid Search,SEM_BRAND_01,"[np.str_('Paid Search'), np.str_('Paid Search')]","['SEM_GENERIC_PROD_02', 'SEM_BRAND_01']",0,0.0
USR_00323,3,Social Media > Display > Social Media,SOC_INFLUENCER_BOOST_03 > DSP_RETARG_ABANDON_02 > SOC_PROSP_LOOKALIKE_01,Social Media,SOC_INFLUENCER_BOOST_03,Social Media,SOC_PROSP_LOOKALIKE_01,"[np.str_('Social Media'), np.str_('Display'), np.str_('Social Media')]","['SOC_INFLUENCER_BOOST_03', 'DSP_RETARG_ABANDON_02', 'SOC_PROSP_LOOKALIKE_01']",0,0.0
USR_00324,2,Display > Organic Search,DSP_RETARG_ABANDON_02 > SEO_ORGANIC_DIRECT,Display,DSP_RETARG_ABANDON_02,Organic Search,SEO_ORGANIC_DIRECT,"[np.str_('Display'), np.str_('Organic Search')]","['DSP_RETARG_ABANDON_02', 'SEO_ORGANIC_DIRECT']",0,0.0
USR_00325,1,Display,DSP_PROG_AWARE_01,Display,DSP_PROG_AWARE_01,Display,DSP_PROG_AWARE_01,[np.str_('Display')],['DSP_PROG_AWARE_01'],0,0.0
USR_00326,1,Display,DSP_RETARG_ABANDON_02,Display,DSP_RETARG_ABANDON_02,Display,DSP_RETARG_ABANDON_02,[np.str_('Display')],['DSP_RETARG_ABANDON_02'],0,0.0
USR_00327,2,Paid Search > Social Media,SEM_BRAND_01 > SOC_PROSP_LOOKALIKE_01,Paid Search,SEM_BRAND_01,Social Media,SOC_PROSP_LOOKALIKE_01,"[np.str_('Paid Search'), np.str_('Social Media')]","['SEM_BRAND_01', 'SOC_PROSP_LOOKALIKE_01']",1,120.41
USR_00328,1,Display,DSP_RETARG_ABANDON_02,Display,DSP_RETARG_ABANDON_02,Display,DSP_RETARG_ABANDON_02,[np.str_('Display')],['DSP_RETARG_ABANDON_02'],0,0.0
USR_00329,3,Display > Display > Display,DSP_PROG_AWARE_01 > DSP_RETARG_ABANDON_02 > DSP_RETARG_ABANDON_02,Display,DSP_PROG_AWARE_01,Display,DSP_RETARG_ABANDON_02,"[np.str_('Display'), np.str_('Display'), np.str_('Display')]","['DSP_PROG_AWARE_01', 'DSP_RETARG_ABANDON_02', 'DSP_RETARG_ABANDON_02']",0,0.0
USR_00330,1,Social Media,SOC_PROSP_LOOKALIKE_01,Social Media,SOC_PROSP_LOOKALIKE_01,Social Media,SOC_PROSP_LOOKALIKE_01,[np.str_('Social Media')],['SOC_PROSP_LOOKALIKE_01'],0,0.0
USR_00331,2,Social Media > Email,SOC_INFLUENCER_BOOST_03 > EML_ABANDONED_CART_02,Social Media,SOC_INFLUENCER_BOOST_03,Email,EML_ABANDONED_CART_02,"[np.str_('Social Media'), np.str_('Email')]","['SOC_INFLUENCER_BOOST_03', 'EML_ABANDONED_CART_02']",0,0.0
USR_00332,4,Social Media > Paid Search > Email > Display,SOC_RETARG_DPA_02 > SEM_GENERIC_PROD_02 > EML_ABANDONED_CART_02 > DSP_RETARG_ABANDON_02,Social Media,SOC_RETARG_DPA_02,Display,DSP_RETARG_ABANDON_02,"[np.str_('Social Media'), np.str_('Paid Search'), np.str_('Email'), np.str_('Display')]","['SOC_RETARG_DPA_02', 'SEM_GENERIC_PROD_02', 'EML_ABANDONED_CART_02', 'DSP_RETARG_ABANDON_02']",0,0.0
USR_00333,1,Display,DSP_RETARG_ABANDON_02,Display,DSP_RETARG_ABANDON_02,Display,DSP_RETARG_ABANDON_02,[np.str_('Display')],['DSP_RETARG_ABANDON_02'],0,0.0
USR_00334,1,Organic Search,SEO_ORGANIC_DIRECT,Organic Search,SEO_ORGANIC_DIRECT,Organic Search,SEO_ORGANIC_DIRECT,[np.str_('Organic Search')],['SEO_ORGANIC_DIRECT'],1,117.62
USR_00335,3,Social Media > Paid Search > Email,SOC_PROSP_LOOKALIKE_01 > SEM_BRAND_01 > EML_WINBACK_90D_03,Social Media,SOC_PROSP_LOOKALIKE_01,Email,EML_WINBACK_90D_03,"[np.str_('Social Media'), np.str_('Paid Search'), np.str_('Email')]","['SOC_PROSP_LOOKALIKE_01', 'SEM_BRAND_01', 'EML_WINBACK_90D_03']",0,0.0
USR_00336,1,Display,DSP_PROG_AWARE_01,Display,DSP_PROG_AWARE_01,Display,DSP_PROG_AWARE_01,[np.str_('Display')],['DSP_PROG_AWARE_01'],0,0.0
USR_00337,1,Email,EML_WINBACK_90D_03,Email,EML_WINBACK_90D_03,Email,EML_WINBACK_90D_03,[np.str_('Email')],['EML_WINBACK_90D_03'],0,0.0
USR_00338,1,Organic Search,SEO_ORGANIC_DIRECT,Organic Search,SEO_ORGANIC_DIRECT,Organic Search,SEO_ORGANIC_DIRECT,[np.str_('Organic Search')],['SEO_ORGANIC_DIRECT'],0,0.0
USR_00339,2,Display > Display,DSP_PROG_AWARE_01 > DSP_RETARG_ABANDON_02,Display,DSP_PROG_AWARE_01,Display,DSP_RETARG_ABANDON_02,"[np.str_('Display'), np.str_('Display')]","['DSP_PROG_AWARE_01', 'DSP_RETARG_ABANDON_02']",0,0.0
USR_00340,5,Organic Search > Social Media > Display > Email > Organic Search,SEO_ORGANIC_DIRECT > SOC_INFLUENCER_BOOST_03 > DSP_PROG_AWARE_01 > EML_NEWSLETTER_WKLY_01 > SEO_ORGANIC_DIRECT,Organic Search,SEO_ORGANIC_DIRECT,Organic Search,SEO_ORGANIC_DIRECT,"[np.str_('Organic Search'), np.str_('Social Media'), np.str_('Display'), np.str_('Email'), np.str_('Organic Search')]","['SEO_ORGANIC_DIRECT', 'SOC_INFLUENCER_BOOST_03', 'DSP_PROG_AWARE_01', 'EML_NEWSLETTER_WKLY_01', 'SEO_ORGANIC_DIRECT']",0,0.0
USR_00341,1,Social Media,SOC_PROSP_LOOKALIKE_01,Social Media,SOC_PROSP_LOOKALIKE_01,Social Media,SOC_PROSP_LOOKALIKE_01,[np.str_('Social Media')],['SOC_PROSP_LOOKALIKE_01'],0,0.0
USR_00342,3,Display > Organic Search > Paid Search,DSP_RETARG_ABANDON_02 > SEO_ORGANIC_DIRECT > SEM_GENERIC_PROD_02,Display,DSP_RETARG_ABANDON_02,Paid Search,SEM_GENERIC_PROD_02,"[np.str_('Display'), np.str_('Organic Search'), np.str_('Paid Search')]","['DSP_RETARG_ABANDON_02', 'SEO_ORGANIC_DIRECT', 'SEM_GENERIC_PROD_02']",0,0.0
USR_00343,3,Social Media > Display > Social Media,SOC_PROSP_LOOKALIKE_01 > DSP_RETARG_ABANDON_02 > SOC_RETARG_DPA_02,Social Media,SOC_PROSP_LOOKALIKE_01,Social Media,SOC_RETARG_DPA_02,"[np.str_('Social Media'), np.str_('Display'), np.str_('Social Media')]","['SOC_PROSP_LOOKALIKE_01', 'DSP_RETARG_ABANDON_02', 'SOC_RETARG_DPA_02']",0,0.0
USR_00344,2,Social Media > Email,SOC_PROSP_LOOKALIKE_01 > EML_WINBACK_90D_03,Social Media,SOC_PROSP_LOOKALIKE_01,Email,EML_WINBACK_90D_03,"[np.str_('Social Media'), np.str_('Email')]","['SOC_PROSP_LOOKALIKE_01', 'EML_WINBACK_90D_03']",0,0.0
USR_00345,1,Paid Search,SEM_COMPETITOR_03,Paid Search,SEM_COMPETITOR_03,Paid Search,SEM_COMPETITOR_03,[np.str_('Paid Search')],['SEM_COMPETITOR_03'],0,0.0
USR_00346,5,Social Media > Paid Search > Organic Search > Email > Email,SOC_PROSP_LOOKALIKE_01 > SEM_GENERIC_PROD_02 > SEO_ORGANIC_DIRECT > EML_WINBACK_90D_03 > EML_WINBACK_90D_03,Social Media,SOC_PROSP_LOOKALIKE_01,Email,EML_WINBACK_90D_03,"[np.str_('Social Media'), np.str_('Paid Search'), np.str_('Organic Search'), np.str_('Email'), np.str_('Email')]","['SOC_PROSP_LOOKALIKE_01', 'SEM_GENERIC_PROD_02', 'SEO_ORGANIC_DIRECT', 'EML_WINBACK_90D_03', 'EML_WINBACK_90D_03']",0,0.0
USR_00347,3,Organic Search > Social Media > Email,SEO_ORGANIC_DIRECT > SOC_RETARG_DPA_02 > EML_WINBACK_90D_03,Organic Search,SEO_ORGANIC_DIRECT,Email,EML_WINBACK_90D_03,"[np.str_('Organic Search'), np.str_('Social Media'), np.str_('Email')]","['SEO_ORGANIC_DIRECT', 'SOC_RETARG_DPA_02', 'EML_WINBACK_90D_03']",0,0.0
USR_00348,4,Paid Search > Social Media > Paid Search > Email,SEM_GENERIC_PROD_02 > SOC_RETARG_DPA_02 > SEM_GENERIC_PROD_02 > EML_WINBACK_90D_03,Paid Search,SEM_GENERIC_PROD_02,Email,EML_WINBACK_90D_03,"[np.str_('Paid Search'), np.str_('Social Media'), np.str_('Paid Search'), np.str_('Email')]","['SEM_GENERIC_PROD_02', 'SOC_RETARG_DPA_02', 'SEM_GENERIC_PROD_02', 'EML_WINBACK_90D_03']",1,112.68
USR_00349,1,Social Media,SOC_INFLUENCER_BOOST_03,Social Media,SOC_INFLUENCER_BOOST_03,Social Media,SOC_INFLUENCER_BOOST_03,[np.str_('Social Media')],['SOC_INFLUENCER_BOOST_03'],0,0.0
USR_00350,1,Social Media,SOC_INFLUENCER_BOOST_03,Social Media,SOC_INFLUENCER_BOOST_03,Social Media,SOC_INFLUENCER_BOOST_03,[np.str_('Social Media')],['SOC_INFLUENCER_BOOST_03'],0,0.0
USR_00351,5,Display > Organic Search > Display > Paid Search > Organic Search,DSP_RETARG_ABANDON_02 > SEO_ORGANIC_DIRECT > DSP_RETARG_ABANDON_02 > SEM_GENERIC_PROD_02 > SEO_ORGANIC_DIRECT,Display,DSP_RETARG_ABANDON_02,Organic Search,SEO_ORGANIC_DIRECT,"[np.str_('Display'), np.str_('Organic Search'), np.str_('Display'), np.str_('Paid Search'), np.str_('Organic Search')]","['DSP_RETARG_ABANDON_02', 'SEO_ORGANIC_DIRECT', 'DSP_RETARG_ABANDON_02', 'SEM_GENERIC_PROD_02', 'SEO_ORGANIC_DIRECT']",0,0.0
USR_00352,3,Paid Search > Display > Display,SEM_BRAND_01 > DSP_PROG_AWARE_01 > DSP_PROG_AWARE_01,Paid Search,SEM_BRAND_01,Display,DSP_PROG_AWARE_01,"[np.str_('Paid Search'), np.str_('Display'), np.str_('Display')]","['SEM_BRAND_01', 'DSP_PROG_AWARE_01', 'DSP_PROG_AWARE_01']",0,0.0
USR_00353,1,Paid Search,SEM_COMPETITOR_03,Paid Search,SEM_COMPETITOR_03,Paid Search,SEM_COMPETITOR_03,[np.str_('Paid Search')],['SEM_COMPETITOR_03'],0,0.0
USR_00354,4,Display > Social Media > Paid Search > Paid Search,DSP_PROG_AWARE_01 > SOC_PROSP_LOOKALIKE_01 > SEM_COMPETITOR_03 > SEM_GENERIC_PROD_02,Display,DSP_PROG_AWARE_01,Paid Search,SEM_GENERIC_PROD_02,"[np.str_('Display'), np.str_('Social Media'), np.str_('Paid Search'), np.str_('Paid Search')]","['DSP_PROG_AWARE_01', 'SOC_PROSP_LOOKALIKE_01', 'SEM_COMPETITOR_03', 'SEM_GENERIC_PROD_02']",1,125.64
USR_00355,5,Social Media > Email > Email > Display > Paid Search,SOC_INFLUENCER_BOOST_03 > EML_NEWSLETTER_WKLY_01 > EML_ABANDONED_CART_02 > DSP_PROG_AWARE_01 > SEM_COMPETITOR_03,Social Media,SOC_INFLUENCER_BOOST_03,Paid Search,SEM_COMPETITOR_03,"[np.str_('Social Media'), np.str_('Email'), np.str_('Email'), np.str_('Display'), np.str_('Paid Search')]","['SOC_INFLUENCER_BOOST_03', 'EML_NEWSLETTER_WKLY_01', 'EML_ABANDONED_CART_02', 'DSP_PROG_AWARE_01', 'SEM_COMPETITOR_03']",0,0.0
USR_00356,2,Paid Search > Social Media,SEM_BRAND_01 > SOC_PROSP_LOOKALIKE_01,Paid Search,SEM_BRAND_01,Social Media,SOC_PROSP_LOOKALIKE_01,"[np.str_('Paid Search'), np.str_('Social Media')]","['SEM_BRAND_01', 'SOC_PROSP_LOOKALIKE_01']",0,0.0
USR_00357,1,Social Media,SOC_INFLUENCER_BOOST_03,Social Media,SOC_INFLUENCER_BOOST_03,Social Media,SOC_INFLUENCER_BOOST_03,[np.str_('Social Media')],['SOC_INFLUENCER_BOOST_03'],0,0.0
USR_00358,1,Display,DSP_PROG_AWARE_01,Display,DSP_PROG_AWARE_01,Display,DSP_PROG_AWARE_01,[np.str_('Display')],['DSP_PROG_AWARE_01'],0,0.0
USR_00359,4,Display > Paid Search > Social Media > Display,DSP_PROG_AWARE_01 > SEM_COMPETITOR_03 > SOC_RETARG_DPA_02 > DSP_PROG_AWARE_01,Display,DSP_PROG_AWARE_01,Display,DSP_PROG_AWARE_01,"[np.str_('Display'), np.str_('Paid Search'), np.str_('Social Media'), np.str_('Display')]","['DSP_PROG_AWARE_01', 'SEM_COMPETITOR_03', 'SOC_RETARG_DPA_02', 'DSP_PROG_AWARE_01']",0,0.0
USR_00360,3,Paid Search > Social Media > Social Media,SEM_COMPETITOR_03 > SOC_RETARG_DPA_02 > SOC_INFLUENCER_BOOST_03,Paid Search,SEM_COMPETITOR_03,Social Media,SOC_INFLUENCER_BOOST_03,"[np.str_('Paid Search'), np.str_('Social Media'), np.str_('Social Media')]","['SEM_COMPETITOR_03', 'SOC_RETARG_DPA_02', 'SOC_INFLUENCER_BOOST_03']",0,0.0
USR_00361,1,Display,DSP_PROG_AWARE_01,Display,DSP_PROG_AWARE_01,Display,DSP_PROG_AWARE_01,[np.str_('Display')],['DSP_PROG_AWARE_01'],0,0.0
USR_00362,3,Paid Search > Organic Search > Email,SEM_COMPETITOR_03 > SEO_ORGANIC_DIRECT > EML_ABANDONED_CART_02,Paid Search,SEM_COMPETITOR_03,Email,EML_ABANDONED_CART_02,"[np.str_('Paid Search'), np.str_('Organic Search'), np.str_('Email')]","['SEM_COMPETITOR_03', 'SEO_ORGANIC_DIRECT', 'EML_ABANDONED_CART_02']",1,137.84
USR_00363,1,Display,DSP_RETARG_ABANDON_02,Display,DSP_RETARG_ABANDON_02,Display,DSP_RETARG_ABANDON_02,[np.str_('Display')],['DSP_RETARG_ABANDON_02'],0,0.0
USR_00364,2,Social Media > Social Media,SOC_INFLUENCER_BOOST_03 > SOC_RETARG_DPA_02,Social Media,SOC_INFLUENCER_BOOST_03,Social Media,SOC_RETARG_DPA_02,"[np.str_('Social Media'), np.str_('Social Media')]","['SOC_INFLUENCER_BOOST_03', 'SOC_RETARG_DPA_02']",0,0.0
USR_00365,1,Display,DSP_RETARG_ABANDON_02,Display,DSP_RETARG_ABANDON_02,Display,DSP_RETARG_ABANDON_02,[np.str_('Display')],['DSP_RETARG_ABANDON_02'],0,0.0
USR_00366,2,Email > Social Media,EML_NEWSLETTER_WKLY_01 > SOC_PROSP_LOOKALIKE_01,Email,EML_NEWSLETTER_WKLY_01,Social Media,SOC_PROSP_LOOKALIKE_01,"[np.str_('Email'), np.str_('Social Media')]","['EML_NEWSLETTER_WKLY_01', 'SOC_PROSP_LOOKALIKE_01']",0,0.0
USR_00367,4,Organic Search > Organic Search > Organic Search > Email,SEO_ORGANIC_DIRECT > SEO_ORGANIC_DIRECT > SEO_ORGANIC_DIRECT > EML_WINBACK_90D_03,Organic Search,SEO_ORGANIC_DIRECT,Email,EML_WINBACK_90D_03,"[np.str_('Organic Search'), np.str_('Organic Search'), np.str_('Organic Search'), np.str_('Email')]","['SEO_ORGANIC_DIRECT', 'SEO_ORGANIC_DIRECT', 'SEO_ORGANIC_DIRECT', 'EML_WINBACK_90D_03']",0,0.0
USR_00368,2,Social Media > Email,SOC_INFLUENCER_BOOST_03 > EML_WINBACK_90D_03,Social Media,SOC_INFLUENCER_BOOST_03,Email,EML_WINBACK_90D_03,"[np.str_('Social Media'), np.str_('Email')]","['SOC_INFLUENCER_BOOST_03', 'EML_WINBACK_90D_03']",0,0.0
USR_00369,1,Social Media,SOC_RETARG_DPA_02,Social Media,SOC_RETARG_DPA_02,Social Media,SOC_RETARG_DPA_02,[np.str_('Social Media')],['SOC_RETARG_DPA_02'],0,0.0
USR_00370,1,Social Media,SOC_PROSP_LOOKALIKE_01,Social Media,SOC_PROSP_LOOKALIKE_01,Social Media,SOC_PROSP_LOOKALIKE_01,[np.str_('Social Media')],['SOC_PROSP_LOOKALIKE_01'],0,0.0
USR_00371,1,Social Media,SOC_PROSP_LOOKALIKE_01,Social Media,SOC_PROSP_LOOKALIKE_01,Social Media,SOC_PROSP_LOOKALIKE_01,[np.str_('Social Media')],['SOC_PROSP_LOOKALIKE_01'],0,0.0
USR_00372,1,Organic Search,SEO_ORGANIC_DIRECT,Organic Search,SEO_ORGANIC_DIRECT,Organic Search,SEO_ORGANIC_DIRECT,[np.str_('Organic Search')],['SEO_ORGANIC_DIRECT'],0,0.0
USR_00373,2,Display > Paid Search,DSP_RETARG_ABANDON_02 > SEM_BRAND_01,Display,DSP_RETARG_ABANDON_02,Paid Search,SEM_BRAND_01,"[np.str_('Display'), np.str_('Paid Search')]","['DSP_RETARG_ABANDON_02', 'SEM_BRAND_01']",0,0.0
USR_00374,5,Paid Search > Paid Search > Social Media > Display > Social Media,SEM_BRAND_01 > SEM_GENERIC_PROD_02 > SOC_PROSP_LOOKALIKE_01 > DSP_PROG_AWARE_01 > SOC_INFLUENCER_BOOST_03,Paid Search,SEM_BRAND_01,Social Media,SOC_INFLUENCER_BOOST_03,"[np.str_('Paid Search'), np.str_('Paid Search'), np.str_('Social Media'), np.str_('Display'), np.str_('Social Media')]","['SEM_BRAND_01', 'SEM_GENERIC_PROD_02', 'SOC_PROSP_LOOKALIKE_01', 'DSP_PROG_AWARE_01', 'SOC_INFLUENCER_BOOST_03']",0,0.0
USR_00375,3,Social Media > Paid Search > Paid Search,SOC_RETARG_DPA_02 > SEM_COMPETITOR_03 > SEM_GENERIC_PROD_02,Social Media,SOC_RETARG_DPA_02,Paid Search,SEM_GENERIC_PROD_02,"[np.str_('Social Media'), np.str_('Paid Search'), np.str_('Paid Search')]","['SOC_RETARG_DPA_02', 'SEM_COMPETITOR_03', 'SEM_GENERIC_PROD_02']",0,0.0
USR_00376,2,Display > Display,DSP_PROG_AWARE_01 > DSP_RETARG_ABANDON_02,Display,DSP_PROG_AWARE_01,Display,DSP_RETARG_ABANDON_02,"[np.str_('Display'), np.str_('Display')]","['DSP_PROG_AWARE_01', 'DSP_RETARG_ABANDON_02']",0,0.0
USR_00377,2,Display > Paid Search,DSP_RETARG_ABANDON_02 > SEM_GENERIC_PROD_02,Display,DSP_RETARG_ABANDON_02,Paid Search,SEM_GENERIC_PROD_02,"[np.str_('Display'), np.str_('Paid Search')]","['DSP_RETARG_ABANDON_02', 'SEM_GENERIC_PROD_02']",0,0.0
USR_00378,1,Display,DSP_PROG_AWARE_01,Display,DSP_PROG_AWARE_01,Display,DSP_PROG_AWARE_01,[np.str_('Display')],['DSP_PROG_AWARE_01'],0,0.0
USR_00379,1,Display,DSP_RETARG_ABANDON_02,Display,DSP_RETARG_ABANDON_02,Display,DSP_RETARG_ABANDON_02,[np.str_('Display')],['DSP_RETARG_ABANDON_02'],0,0.0
USR_00380,1,Organic Search,SEO_ORGANIC_DIRECT,Organic Search,SEO_ORGANIC_DIRECT,Organic Search,SEO_ORGANIC_DIRECT,[np.str_('Organic Search')],['SEO_ORGANIC_DIRECT'],0,0.0
USR_00381,1,Email,EML_ABANDONED_CART_02,Email,EML_ABANDONED_CART_02,Email,EML_ABANDONED_CART_02,[np.str_('Email')],['EML_ABANDONED_CART_02'],0,0.0
USR_00382,2,Paid Search > Organic Search,SEM_GENERIC_PROD_02 > SEO_ORGANIC_DIRECT,Paid Search,SEM_GENERIC_PROD_02,Organic Search,SEO_ORGANIC_DIRECT,"[np.str_('Paid Search'), np.str_('Organic Search')]","['SEM_GENERIC_PROD_02', 'SEO_ORGANIC_DIRECT']",0,0.0
USR_00383,4,Social Media > Organic Search > Display > Email,SOC_PROSP_LOOKALIKE_01 > SEO_ORGANIC_DIRECT > DSP_PROG_AWARE_01 > EML_WINBACK_90D_03,Social Media,SOC_PROSP_LOOKALIKE_01,Email,EML_WINBACK_90D_03,"[np.str_('Social Media'), np.str_('Organic Search'), np.str_('Display'), np.str_('Email')]","['SOC_PROSP_LOOKALIKE_01', 'SEO_ORGANIC_DIRECT', 'DSP_PROG_AWARE_01', 'EML_WINBACK_90D_03']",0,0.0
USR_00384,3,Social Media > Organic Search > Social Media,SOC_PROSP_LOOKALIKE_01 > SEO_ORGANIC_DIRECT > SOC_RETARG_DPA_02,Social Media,SOC_PROSP_LOOKALIKE_01,Social Media,SOC_RETARG_DPA_02,"[np.str_('Social Media'), np.str_('Organic Search'), np.str_('Social Media')]","['SOC_PROSP_LOOKALIKE_01', 'SEO_ORGANIC_DIRECT', 'SOC_RETARG_DPA_02']",0,0.0
USR_00385,1,Organic Search,SEO_ORGANIC_DIRECT,Organic Search,SEO_ORGANIC_DIRECT,Organic Search,SEO_ORGANIC_DIRECT,[np.str_('Organic Search')],['SEO_ORGANIC_DIRECT'],0,0.0
USR_00386,1,Display,DSP_PROG_AWARE_01,Display,DSP_PROG_AWARE_01,Display,DSP_PROG_AWARE_01,[np.str_('Display')],['DSP_PROG_AWARE_01'],0,0.0
USR_00387,1,Social Media,SOC_PROSP_LOOKALIKE_01,Social Media,SOC_PROSP_LOOKALIKE_01,Social Media,SOC_PROSP_LOOKALIKE_01,[np.str_('Social Media')],['SOC_PROSP_LOOKALIKE_01'],0,0.0
USR_00388,1,Organic Search,SEO_ORGANIC_DIRECT,Organic Search,SEO_ORGANIC_DIRECT,Organic Search,SEO_ORGANIC_DIRECT,[np.str_('Organic Search')],['SEO_ORGANIC_DIRECT'],1,82.72
USR_00389,3,Display > Email > Organic Search,DSP_PROG_AWARE_01 > EML_ABANDONED_CART_02 > SEO_ORGANIC_DIRECT,Display,DSP_PROG_AWARE_01,Organic Search,SEO_ORGANIC_DIRECT,"[np.str_('Display'), np.str_('Email'), np.str_('Organic Search')]","['DSP_PROG_AWARE_01', 'EML_ABANDONED_CART_02', 'SEO_ORGANIC_DIRECT']",0,0.0
USR_00390,1,Display,DSP_PROG_AWARE_01,Display,DSP_PROG_AWARE_01,Display,DSP_PROG_AWARE_01,[np.str_('Display')],['DSP_PROG_AWARE_01'],0,0.0
USR_00391,1,Organic Search,SEO_ORGANIC_DIRECT,Organic Search,SEO_ORGANIC_DIRECT,Organic Search,SEO_ORGANIC_DIRECT,[np.str_('Organic Search')],['SEO_ORGANIC_DIRECT'],0,0.0
USR_00392,1,Organic Search,SEO_ORGANIC_DIRECT,Organic Search,SEO_ORGANIC_DIRECT,Organic Search,SEO_ORGANIC_DIRECT,[np.str_('Organic Search')],['SEO_ORGANIC_DIRECT'],0,0.0
USR_00393,3,Display > Email > Paid Search,DSP_PROG_AWARE_01 > EML_WINBACK_90D_03 > SEM_COMPETITOR_03,Display,DSP_PROG_AWARE_01,Paid Search,SEM_COMPETITOR_03,"[np.str_('Display'), np.str_('Email'), np.str_('Paid Search')]","['DSP_PROG_AWARE_01', 'EML_WINBACK_90D_03', 'SEM_COMPETITOR_03']",0,0.0
USR_00394,1,Display,DSP_PROG_AWARE_01,Display,DSP_PROG_AWARE_01,Display,DSP_PROG_AWARE_01,[np.str_('Display')],['DSP_PROG_AWARE_01'],0,0.0
USR_00395,3,Social Media > Organic Search > Social Media,SOC_RETARG_DPA_02 > SEO_ORGANIC_DIRECT > SOC_INFLUENCER_BOOST_03,Social Media,SOC_RETARG_DPA_02,Social Media,SOC_INFLUENCER_BOOST_03,"[np.str_('Social Media'), np.str_('Organic Search'), np.str_('Social Media')]","['SOC_RETARG_DPA_02', 'SEO_ORGANIC_DIRECT', 'SOC_INFLUENCER_BOOST_03']",0,0.0
USR_00396,2,Display > Social Media,DSP_PROG_AWARE_01 > SOC_RETARG_DPA_02,Display,DSP_PROG_AWARE_01,Social Media,SOC_RETARG_DPA_02,"[np.str_('Display'), np.str_('Social Media')]","['DSP_PROG_AWARE_01', 'SOC_RETARG_DPA_02']",0,0.0
USR_00397,1,Social Media,SOC_RETARG_DPA_02,Social Media,SOC_RETARG_DPA_02,Social Media,SOC_RETARG_DPA_02,[np.str_('Social Media')],['SOC_RETARG_DPA_02'],0,0.0
USR_00398,1,Organic Search,SEO_ORGANIC_DIRECT,Organic Search,SEO_ORGANIC_DIRECT,Organic Search,SEO_ORGANIC_DIRECT,[np.str_('Organic Search')],['SEO_ORGANIC_DIRECT'],0,0.0
USR_00399,1,Social Media,SOC_RETARG_DPA_02,Social Media,SOC_RETARG_DPA_02,Social Media,SOC_RETARG_DPA_02,[np.str_('Social Media')],['SOC_RETARG_DPA_02'],0,0.0
USR_00400,1,Display,DSP_PROG_AWARE_01,Display,DSP_PROG_AWARE_01,Display,DSP_PROG_AWARE_01,[np.str_('Display')],['DSP_PROG_AWARE_01'],0,0.0
USR_00401,2,Paid Search > Paid Search,SEM_COMPETITOR_03 > SEM_COMPETITOR_03,Paid Search,SEM_COMPETITOR_03,Paid Search,SEM_COMPETITOR_03,"[np.str_('Paid Search'), np.str_('Paid Search')]","['SEM_COMPETITOR_03', 'SEM_COMPETITOR_03']",0,0.0
USR_00402,5,Social Media > Display > Paid Search > Display > Social Media,SOC_RETARG_DPA_02 > DSP_RETARG_ABANDON_02 > SEM_GENERIC_PROD_02 > DSP_PROG_AWARE_01 > SOC_PROSP_LOOKALIKE_01,Social Media,SOC_RETARG_DPA_02,Social Media,SOC_PROSP_LOOKALIKE_01,"[np.str_('Social Media'), np.str_('Display'), np.str_('Paid Search'), np.str_('Display'), np.str_('Social Media')]","['SOC_RETARG_DPA_02', 'DSP_RETARG_ABANDON_02', 'SEM_GENERIC_PROD_02', 'DSP_PROG_AWARE_01', 'SOC_PROSP_LOOKALIKE_01']",0,0.0
USR_00403,5,Paid Search > Paid Search > Paid Search > Email > Paid Search,SEM_GENERIC_PROD_02 > SEM_GENERIC_PROD_02 > SEM_BRAND_01 > EML_ABANDONED_CART_02 > SEM_BRAND_01,Paid Search,SEM_GENERIC_PROD_02,Paid Search,SEM_BRAND_01,"[np.str_('Paid Search'), np.str_('Paid Search'), np.str_('Paid Search'), np.str_('Email'), np.str_('Paid Search')]","['SEM_GENERIC_PROD_02', 'SEM_GENERIC_PROD_02', 'SEM_BRAND_01', 'EML_ABANDONED_CART_02', 'SEM_BRAND_01']",0,0.0
USR_00404,1,Social Media,SOC_PROSP_LOOKALIKE_01,Social Media,SOC_PROSP_LOOKALIKE_01,Social Media,SOC_PROSP_LOOKALIKE_01,[np.str_('Social Media')],['SOC_PROSP_LOOKALIKE_01'],0,0.0
USR_00405,3,Email > Social Media > Social Media,EML_NEWSLETTER_WKLY_01 > SOC_PROSP_LOOKALIKE_01 > SOC_INFLUENCER_BOOST_03,Email,EML_NEWSLETTER_WKLY_01,Social Media,SOC_INFLUENCER_BOOST_03,"[np.str_('Email'), np.str_('Social Media'), np.str_('Social Media')]","['EML_NEWSLETTER_WKLY_01', 'SOC_PROSP_LOOKALIKE_01', 'SOC_INFLUENCER_BOOST_03']",0,0.0
USR_00406,2,Display > Paid Search,DSP_RETARG_ABANDON_02 > SEM_GENERIC_PROD_02,Display,DSP_RETARG_ABANDON_02,Paid Search,SEM_GENERIC_PROD_02,"[np.str_('Display'), np.str_('Paid Search')]","['DSP_RETARG_ABANDON_02', 'SEM_GENERIC_PROD_02']",0,0.0
USR_00407,3,Paid Search > Social Media > Social Media,SEM_BRAND_01 > SOC_PROSP_LOOKALIKE_01 > SOC_PROSP_LOOKALIKE_01,Paid Search,SEM_BRAND_01,Social Media,SOC_PROSP_LOOKALIKE_01,"[np.str_('Paid Search'), np.str_('Social Media'), np.str_('Social Media')]","['SEM_BRAND_01', 'SOC_PROSP_LOOKALIKE_01', 'SOC_PROSP_LOOKALIKE_01']",0,0.0
USR_00408,1,Social Media,SOC_INFLUENCER_BOOST_03,Social Media,SOC_INFLUENCER_BOOST_03,Social Media,SOC_INFLUENCER_BOOST_03,[np.str_('Social Media')],['SOC_INFLUENCER_BOOST_03'],0,0.0
USR_00409,1,Display,DSP_PROG_AWARE_01,Display,DSP_PROG_AWARE_01,Display,DSP_PROG_AWARE_01,[np.str_('Display')],['DSP_PROG_AWARE_01'],0,0.0
USR_00410,3,Paid Search > Display > Social Media,SEM_GENERIC_PROD_02 > DSP_PROG_AWARE_01 > SOC_RETARG_DPA_02,Paid Search,SEM_GENERIC_PROD_02,Social Media,SOC_RETARG_DPA_02,"[np.str_('Paid Search'), np.str_('Display'), np.str_('Social Media')]","['SEM_GENERIC_PROD_02', 'DSP_PROG_AWARE_01', 'SOC_RETARG_DPA_02']",0,0.0
USR_00411,3,Paid Search > Email > Paid Search,SEM_COMPETITOR_03 > EML_WINBACK_90D_03 > SEM_GENERIC_PROD_02,Paid Search,SEM_COMPETITOR_03,Paid Search,SEM_GENERIC_PROD_02,"[np.str_('Paid Search'), np.str_('Email'), np.str_('Paid Search')]","['SEM_COMPETITOR_03', 'EML_WINBACK_90D_03', 'SEM_GENERIC_PROD_02']",0,0.0
USR_00412,3,Social Media > Display > Paid Search,SOC_RETARG_DPA_02 > DSP_RETARG_ABANDON_02 > SEM_BRAND_01,Social Media,SOC_RETARG_DPA_02,Paid Search,SEM_BRAND_01,"[np.str_('Social Media'), np.str_('Display'), np.str_('Paid Search')]","['SOC_RETARG_DPA_02', 'DSP_RETARG_ABANDON_02', 'SEM_BRAND_01']",0,0.0
USR_00413,1,Display,DSP_RETARG_ABANDON_02,Display,DSP_RETARG_ABANDON_02,Display,DSP_RETARG_ABANDON_02,[np.str_('Display')],['DSP_RETARG_ABANDON_02'],0,0.0
USR_00414,2,Display > Social Media,DSP_RETARG_ABANDON_02 > SOC_RETARG_DPA_02,Display,DSP_RETARG_ABANDON_02,Social Media,SOC_RETARG_DPA_02,"[np.str_('Display'), np.str_('Social Media')]","['DSP_RETARG_ABANDON_02', 'SOC_RETARG_DPA_02']",0,0.0
USR_00415,1,Social Media,SOC_INFLUENCER_BOOST_03,Social Media,SOC_INFLUENCER_BOOST_03,Social Media,SOC_INFLUENCER_BOOST_03,[np.str_('Social Media')],['SOC_INFLUENCER_BOOST_03'],0,0.0
USR_00416,1,Email,EML_NEWSLETTER_WKLY_01,Email,EML_NEWSLETTER_WKLY_01,Email,EML_NEWSLETTER_WKLY_01,[np.str_('Email')],['EML_NEWSLETTER_WKLY_01'],0,0.0
USR_00417,2,Paid Search > Email,SEM_BRAND_01 > EML_WINBACK_90D_03,Paid Search,SEM_BRAND_01,Email,EML_WINBACK_90D_03,"[np.str_('Paid Search'), np.str_('Email')]","['SEM_BRAND_01', 'EML_WINBACK_90D_03']",0,0.0
USR_00418,3,Social Media > Social Media > Paid Search,SOC_PROSP_LOOKALIKE_01 > SOC_PROSP_LOOKALIKE_01 > SEM_BRAND_01,Social Media,SOC_PROSP_LOOKALIKE_01,Paid Search,SEM_BRAND_01,"[np.str_('Social Media'), np.str_('Social Media'), np.str_('Paid Search')]","['SOC_PROSP_LOOKALIKE_01', 'SOC_PROSP_LOOKALIKE_01', 'SEM_BRAND_01']",0,0.0
USR_00419,3,Organic Search > Social Media > Email,SEO_ORGANIC_DIRECT > SOC_PROSP_LOOKALIKE_01 > EML_ABANDONED_CART_02,Organic Search,SEO_ORGANIC_DIRECT,Email,EML_ABANDONED_CART_02,"[np.str_('Organic Search'), np.str_('Social Media'), np.str_('Email')]","['SEO_ORGANIC_DIRECT', 'SOC_PROSP_LOOKALIKE_01', 'EML_ABANDONED_CART_02']",0,0.0
USR_00420,2,Paid Search > Email,SEM_COMPETITOR_03 > EML_NEWSLETTER_WKLY_01,Paid Search,SEM_COMPETITOR_03,Email,EML_NEWSLETTER_WKLY_01,"[np.str_('Paid Search'), np.str_('Email')]","['SEM_COMPETITOR_03', 'EML_NEWSLETTER_WKLY_01']",0,0.0
USR_00421,1,Social Media,SOC_PROSP_LOOKALIKE_01,Social Media,SOC_PROSP_LOOKALIKE_01,Social Media,SOC_PROSP_LOOKALIKE_01,[np.str_('Social Media')],['SOC_PROSP_LOOKALIKE_01'],1,119.3
USR_00422,2,Paid Search > Display,SEM_COMPETITOR_03 > DSP_RETARG_ABANDON_02,Paid Search,SEM_COMPETITOR_03,Display,DSP_RETARG_ABANDON_02,"[np.str_('Paid Search'), np.str_('Display')]","['SEM_COMPETITOR_03', 'DSP_RETARG_ABANDON_02']",1,103.05
USR_00423,2,Organic Search > Social Media,SEO_ORGANIC_DIRECT > SOC_INFLUENCER_BOOST_03,Organic Search,SEO_ORGANIC_DIRECT,Social Media,SOC_INFLUENCER_BOOST_03,"[np.str_('Organic Search'), np.str_('Social Media')]","['SEO_ORGANIC_DIRECT', 'SOC_INFLUENCER_BOOST_03']",0,0.0
USR_00424,3,Display > Paid Search > Social Media,DSP_PROG_AWARE_01 > SEM_COMPETITOR_03 > SOC_RETARG_DPA_02,Display,DSP_PROG_AWARE_01,Social Media,SOC_RETARG_DPA_02,"[np.str_('Display'), np.str_('Paid Search'), np.str_('Social Media')]","['DSP_PROG_AWARE_01', 'SEM_COMPETITOR_03', 'SOC_RETARG_DPA_02']",0,0.0
USR_00425,1,Organic Search,SEO_ORGANIC_DIRECT,Organic Search,SEO_ORGANIC_DIRECT,Organic Search,SEO_ORGANIC_DIRECT,[np.str_('Organic Search')],['SEO_ORGANIC_DIRECT'],0,0.0
USR_00426,3,Social Media > Social Media > Organic Search,SOC_INFLUENCER_BOOST_03 > SOC_RETARG_DPA_02 > SEO_ORGANIC_DIRECT,Social Media,SOC_INFLUENCER_BOOST_03,Organic Search,SEO_ORGANIC_DIRECT,"[np.str_('Social Media'), np.str_('Social Media'), np.str_('Organic Search')]","['SOC_INFLUENCER_BOOST_03', 'SOC_RETARG_DPA_02', 'SEO_ORGANIC_DIRECT']",0,0.0
USR_00427,2,Display > Email,DSP_RETARG_ABANDON_02 > EML_WINBACK_90D_03,Display,DSP_RETARG_ABANDON_02,Email,EML_WINBACK_90D_03,"[np.str_('Display'), np.str_('Email')]","['DSP_RETARG_ABANDON_02', 'EML_WINBACK_90D_03']",0,0.0
USR_00428,3,Display > Paid Search > Display,DSP_PROG_AWARE_01 > SEM_GENERIC_PROD_02 > DSP_PROG_AWARE_01,Display,DSP_PROG_AWARE_01,Display,DSP_PROG_AWARE_01,"[np.str_('Display'), np.str_('Paid Search'), np.str_('Display')]","['DSP_PROG_AWARE_01', 'SEM_GENERIC_PROD_02', 'DSP_PROG_AWARE_01']",0,0.0
USR_00429,2,Social Media > Paid Search,SOC_RETARG_DPA_02 > SEM_BRAND_01,Social Media,SOC_RETARG_DPA_02,Paid Search,SEM_BRAND_01,"[np.str_('Social Media'), np.str_('Paid Search')]","['SOC_RETARG_DPA_02', 'SEM_BRAND_01']",0,0.0
USR_00430,1,Display,DSP_RETARG_ABANDON_02,Display,DSP_RETARG_ABANDON_02,Display,DSP_RETARG_ABANDON_02,[np.str_('Display')],['DSP_RETARG_ABANDON_02'],0,0.0
USR_00431,1,Paid Search,SEM_COMPETITOR_03,Paid Search,SEM_COMPETITOR_03,Paid Search,SEM_COMPETITOR_03,[np.str_('Paid Search')],['SEM_COMPETITOR_03'],0,0.0
USR_00432,1,Organic Search,SEO_ORGANIC_DIRECT,Organic Search,SEO_ORGANIC_DIRECT,Organic Search,SEO_ORGANIC_DIRECT,[np.str_('Organic Search')],['SEO_ORGANIC_DIRECT'],0,0.0
USR_00433,3,Organic Search > Organic Search > Organic Search,SEO_ORGANIC_DIRECT > SEO_ORGANIC_DIRECT > SEO_ORGANIC_DIRECT,Organic Search,SEO_ORGANIC_DIRECT,Organic Search,SEO_ORGANIC_DIRECT,"[np.str_('Organic Search'), np.str_('Organic Search'), np.str_('Organic Search')]","['SEO_ORGANIC_DIRECT', 'SEO_ORGANIC_DIRECT', 'SEO_ORGANIC_DIRECT']",0,0.0
USR_00434,1,Social Media,SOC_PROSP_LOOKALIKE_01,Social Media,SOC_PROSP_LOOKALIKE_01,Social Media,SOC_PROSP_LOOKALIKE_01,[np.str_('Social Media')],['SOC_PROSP_LOOKALIKE_01'],0,0.0
USR_00435,4,Social Media > Paid Search > Social Media > Paid Search,SOC_RETARG_DPA_02 > SEM_GENERIC_PROD_02 > SOC_RETARG_DPA_02 > SEM_COMPETITOR_03,Social Media,SOC_RETARG_DPA_02,Paid Search,SEM_COMPETITOR_03,"[np.str_('Social Media'), np.str_('Paid Search'), np.str_('Social Media'), np.str_('Paid Search')]","['SOC_RETARG_DPA_02', 'SEM_GENERIC_PROD_02', 'SOC_RETARG_DPA_02', 'SEM_COMPETITOR_03']",0,0.0
USR_00436,3,Paid Search > Social Media > Paid Search,SEM_COMPETITOR_03 > SOC_PROSP_LOOKALIKE_01 > SEM_COMPETITOR_03,Paid Search,SEM_COMPETITOR_03,Paid Search,SEM_COMPETITOR_03,"[np.str_('Paid Search'), np.str_('Social Media'), np.str_('Paid Search')]","['SEM_COMPETITOR_03', 'SOC_PROSP_LOOKALIKE_01', 'SEM_COMPETITOR_03']",0,0.0
USR_00437,1,Social Media,SOC_RETARG_DPA_02,Social Media,SOC_RETARG_DPA_02,Social Media,SOC_RETARG_DPA_02,[np.str_('Social Media')],['SOC_RETARG_DPA_02'],0,0.0
USR_00438,1,Paid Search,SEM_COMPETITOR_03,Paid Search,SEM_COMPETITOR_03,Paid Search,SEM_COMPETITOR_03,[np.str_('Paid Search')],['SEM_COMPETITOR_03'],0,0.0
USR_00439,3,Paid Search > Social Media > Paid Search,SEM_GENERIC_PROD_02 > SOC_INFLUENCER_BOOST_03 > SEM_COMPETITOR_03,Paid Search,SEM_GENERIC_PROD_02,Paid Search,SEM_COMPETITOR_03,"[np.str_('Paid Search'), np.str_('Social Media'), np.str_('Paid Search')]","['SEM_GENERIC_PROD_02', 'SOC_INFLUENCER_BOOST_03', 'SEM_COMPETITOR_03']",0,0.0
USR_00440,1,Social Media,SOC_RETARG_DPA_02,Social Media,SOC_RETARG_DPA_02,Social Media,SOC_RETARG_DPA_02,[np.str_('Social Media')],['SOC_RETARG_DPA_02'],0,0.0
USR_00441,2,Display > Paid Search,DSP_PROG_AWARE_01 > SEM_COMPETITOR_03,Display,DSP_PROG_AWARE_01,Paid Search,SEM_COMPETITOR_03,"[np.str_('Display'), np.str_('Paid Search')]","['DSP_PROG_AWARE_01', 'SEM_COMPETITOR_03']",0,0.0
USR_00442,4,Paid Search > Email > Display > Organic Search,SEM_BRAND_01 > EML_WINBACK_90D_03 > DSP_RETARG_ABANDON_02 > SEO_ORGANIC_DIRECT,Paid Search,SEM_BRAND_01,Organic Search,SEO_ORGANIC_DIRECT,"[np.str_('Paid Search'), np.str_('Email'), np.str_('Display'), np.str_('Organic Search')]","['SEM_BRAND_01', 'EML_WINBACK_90D_03', 'DSP_RETARG_ABANDON_02', 'SEO_ORGANIC_DIRECT']",0,0.0
USR_00443,2,Social Media > Email,SOC_PROSP_LOOKALIKE_01 > EML_ABANDONED_CART_02,Social Media,SOC_PROSP_LOOKALIKE_01,Email,EML_ABANDONED_CART_02,"[np.str_('Social Media'), np.str_('Email')]","['SOC_PROSP_LOOKALIKE_01', 'EML_ABANDONED_CART_02']",0,0.0
USR_00444,2,Social Media > Email,SOC_INFLUENCER_BOOST_03 > EML_WINBACK_90D_03,Social Media,SOC_INFLUENCER_BOOST_03,Email,EML_WINBACK_90D_03,"[np.str_('Social Media'), np.str_('Email')]","['SOC_INFLUENCER_BOOST_03', 'EML_WINBACK_90D_03']",0,0.0
USR_00445,1,Organic Search,SEO_ORGANIC_DIRECT,Organic Search,SEO_ORGANIC_DIRECT,Organic Search,SEO_ORGANIC_DIRECT,[np.str_('Organic Search')],['SEO_ORGANIC_DIRECT'],0,0.0
USR_00446,4,Organic Search > Display > Social Media > Paid Search,SEO_ORGANIC_DIRECT > DSP_PROG_AWARE_01 > SOC_RETARG_DPA_02 > SEM_BRAND_01,Organic Search,SEO_ORGANIC_DIRECT,Paid Search,SEM_BRAND_01,"[np.str_('Organic Search'), np.str_('Display'), np.str_('Social Media'), np.str_('Paid Search')]","['SEO_ORGANIC_DIRECT', 'DSP_PROG_AWARE_01', 'SOC_RETARG_DPA_02', 'SEM_BRAND_01']",0,0.0
USR_00447,1,Paid Search,SEM_COMPETITOR_03,Paid Search,SEM_COMPETITOR_03,Paid Search,SEM_COMPETITOR_03,[np.str_('Paid Search')],['SEM_COMPETITOR_03'],0,0.0
USR_00448,1,Display,DSP_PROG_AWARE_01,Display,DSP_PROG_AWARE_01,Display,DSP_PROG_AWARE_01,[np.str_('Display')],['DSP_PROG_AWARE_01'],0,0.0
USR_00449,2,Social Media > Paid Search,SOC_PROSP_LOOKALIKE_01 > SEM_GENERIC_PROD_02,Social Media,SOC_PROSP_LOOKALIKE_01,Paid Search,SEM_GENERIC_PROD_02,"[np.str_('Social Media'), np.str_('Paid Search')]","['SOC_PROSP_LOOKALIKE_01', 'SEM_GENERIC_PROD_02']",0,0.0
USR_00450,5,Social Media > Display > Email > Social Media > Organic Search,SOC_RETARG_DPA_02 > DSP_PROG_AWARE_01 > EML_WINBACK_90D_03 > SOC_PROSP_LOOKALIKE_01 > SEO_ORGANIC_DIRECT,Social Media,SOC_RETARG_DPA_02,Organic Search,SEO_ORGANIC_DIRECT,"[np.str_('Social Media'), np.str_('Display'), np.str_('Email'), np.str_('Social Media'), np.str_('Organic Search')]","['SOC_RETARG_DPA_02', 'DSP_PROG_AWARE_01', 'EML_WINBACK_90D_03', 'SOC_PROSP_LOOKALIKE_01', 'SEO_ORGANIC_DIRECT']",0,0.0
USR_00451,2,Paid Search > Display,SEM_BRAND_01 > DSP_PROG_AWARE_01,Paid Search,SEM_BRAND_01,Display,DSP_PROG_AWARE_01,"[np.str_('Paid Search'), np.str_('Display')]","['SEM_BRAND_01', 'DSP_PROG_AWARE_01']",0,0.0
USR_00452,2,Paid Search > Social Media,SEM_GENERIC_PROD_02 > SOC_RETARG_DPA_02,Paid Search,SEM_GENERIC_PROD_02,Social Media,SOC_RETARG_DPA_02,"[np.str_('Paid Search'), np.str_('Social Media')]","['SEM_GENERIC_PROD_02', 'SOC_RETARG_DPA_02']",0,0.0
USR_00453,3,Social Media > Email > Paid Search,SOC_INFLUENCER_BOOST_03 > EML_NEWSLETTER_WKLY_01 > SEM_GENERIC_PROD_02,Social Media,SOC_INFLUENCER_BOOST_03,Paid Search,SEM_GENERIC_PROD_02,"[np.str_('Social Media'), np.str_('Email'), np.str_('Paid Search')]","['SOC_INFLUENCER_BOOST_03', 'EML_NEWSLETTER_WKLY_01', 'SEM_GENERIC_PROD_02']",0,0.0
USR_00454,1,Display,DSP_PROG_AWARE_01,Display,DSP_PROG_AWARE_01,Display,DSP_PROG_AWARE_01,[np.str_('Display')],['DSP_PROG_AWARE_01'],0,0.0
USR_00455,2,Email > Paid Search,EML_ABANDONED_CART_02 > SEM_BRAND_01,Email,EML_ABANDONED_CART_02,Paid Search,SEM_BRAND_01,"[np.str_('Email'), np.str_('Paid Search')]","['EML_ABANDONED_CART_02', 'SEM_BRAND_01']",0,0.0
USR_00456,3,Social Media > Social Media > Display,SOC_PROSP_LOOKALIKE_01 > SOC_INFLUENCER_BOOST_03 > DSP_RETARG_ABANDON_02,Social Media,SOC_PROSP_LOOKALIKE_01,Display,DSP_RETARG_ABANDON_02,"[np.str_('Social Media'), np.str_('Social Media'), np.str_('Display')]","['SOC_PROSP_LOOKALIKE_01', 'SOC_INFLUENCER_BOOST_03', 'DSP_RETARG_ABANDON_02']",0,0.0
USR_00457,4,Organic Search > Social Media > Social Media > Email,SEO_ORGANIC_DIRECT > SOC_INFLUENCER_BOOST_03 > SOC_RETARG_DPA_02 > EML_WINBACK_90D_03,Organic Search,SEO_ORGANIC_DIRECT,Email,EML_WINBACK_90D_03,"[np.str_('Organic Search'), np.str_('Social Media'), np.str_('Social Media'), np.str_('Email')]","['SEO_ORGANIC_DIRECT', 'SOC_INFLUENCER_BOOST_03', 'SOC_RETARG_DPA_02', 'EML_WINBACK_90D_03']",0,0.0
USR_00458,1,Social Media,SOC_PROSP_LOOKALIKE_01,Social Media,SOC_PROSP_LOOKALIKE_01,Social Media,SOC_PROSP_LOOKALIKE_01,[np.str_('Social Media')],['SOC_PROSP_LOOKALIKE_01'],0,0.0
USR_00459,2,Paid Search > Paid Search,SEM_GENERIC_PROD_02 > SEM_BRAND_01,Paid Search,SEM_GENERIC_PROD_02,Paid Search,SEM_BRAND_01,"[np.str_('Paid Search'), np.str_('Paid Search')]","['SEM_GENERIC_PROD_02', 'SEM_BRAND_01']",0,0.0
USR_00460,1,Social Media,SOC_INFLUENCER_BOOST_03,Social Media,SOC_INFLUENCER_BOOST_03,Social Media,SOC_INFLUENCER_BOOST_03,[np.str_('Social Media')],['SOC_INFLUENCER_BOOST_03'],0,0.0
USR_00461,2,Organic Search > Paid Search,SEO_ORGANIC_DIRECT > SEM_COMPETITOR_03,Organic Search,SEO_ORGANIC_DIRECT,Paid Search,SEM_COMPETITOR_03,"[np.str_('Organic Search'), np.str_('Paid Search')]","['SEO_ORGANIC_DIRECT', 'SEM_COMPETITOR_03']",0,0.0
USR_00462,3,Display > Display > Organic Search,DSP_PROG_AWARE_01 > DSP_RETARG_ABANDON_02 > SEO_ORGANIC_DIRECT,Display,DSP_PROG_AWARE_01,Organic Search,SEO_ORGANIC_DIRECT,"[np.str_('Display'), np.str_('Display'), np.str_('Organic Search')]","['DSP_PROG_AWARE_01', 'DSP_RETARG_ABANDON_02', 'SEO_ORGANIC_DIRECT']",0,0.0
USR_00463,1,Social Media,SOC_RETARG_DPA_02,Social Media,SOC_RETARG_DPA_02,Social Media,SOC_RETARG_DPA_02,[np.str_('Social Media')],['SOC_RETARG_DPA_02'],0,0.0
USR_00464,1,Paid Search,SEM_BRAND_01,Paid Search,SEM_BRAND_01,Paid Search,SEM_BRAND_01,[np.str_('Paid Search')],['SEM_BRAND_01'],0,0.0
USR_00465,2,Social Media > Social Media,SOC_PROSP_LOOKALIKE_01 > SOC_RETARG_DPA_02,Social Media,SOC_PROSP_LOOKALIKE_01,Social Media,SOC_RETARG_DPA_02,"[np.str_('Social Media'), np.str_('Social Media')]","['SOC_PROSP_LOOKALIKE_01', 'SOC_RETARG_DPA_02']",0,0.0
USR_00466,3,Display > Display > Social Media,DSP_PROG_AWARE_01 > DSP_PROG_AWARE_01 > SOC_RETARG_DPA_02,Display,DSP_PROG_AWARE_01,Social Media,SOC_RETARG_DPA_02,"[np.str_('Display'), np.str_('Display'), np.str_('Social Media')]","['DSP_PROG_AWARE_01', 'DSP_PROG_AWARE_01', 'SOC_RETARG_DPA_02']",1,114.33
USR_00467,1,Paid Search,SEM_BRAND_01,Paid Search,SEM_BRAND_01,Paid Search,SEM_BRAND_01,[np.str_('Paid Search')],['SEM_BRAND_01'],0,0.0
USR_00468,1,Organic Search,SEO_ORGANIC_DIRECT,Organic Search,SEO_ORGANIC_DIRECT,Organic Search,SEO_ORGANIC_DIRECT,[np.str_('Organic Search')],['SEO_ORGANIC_DIRECT'],0,0.0
USR_00469,2,Social Media > Display,SOC_INFLUENCER_BOOST_03 > DSP_PROG_AWARE_01,Social Media,SOC_INFLUENCER_BOOST_03,Display,DSP_PROG_AWARE_01,"[np.str_('Social Media'), np.str_('Display')]","['SOC_INFLUENCER_BOOST_03', 'DSP_PROG_AWARE_01']",0,0.0
USR_00470,1,Social Media,SOC_INFLUENCER_BOOST_03,Social Media,SOC_INFLUENCER_BOOST_03,Social Media,SOC_INFLUENCER_BOOST_03,[np.str_('Social Media')],['SOC_INFLUENCER_BOOST_03'],0,0.0
USR_00471,1,Paid Search,SEM_BRAND_01,Paid Search,SEM_BRAND_01,Paid Search,SEM_BRAND_01,[np.str_('Paid Search')],['SEM_BRAND_01'],0,0.0
USR_00472,2,Paid Search > Email,SEM_GENERIC_PROD_02 > EML_NEWSLETTER_WKLY_01,Paid Search,SEM_GENERIC_PROD_02,Email,EML_NEWSLETTER_WKLY_01,"[np.str_('Paid Search'), np.str_('Email')]","['SEM_GENERIC_PROD_02', 'EML_NEWSLETTER_WKLY_01']",0,0.0
USR_00473,3,Social Media > Email > Display,SOC_RETARG_DPA_02 > EML_ABANDONED_CART_02 > DSP_RETARG_ABANDON_02,Social Media,SOC_RETARG_DPA_02,Display,DSP_RETARG_ABANDON_02,"[np.str_('Social Media'), np.str_('Email'), np.str_('Display')]","['SOC_RETARG_DPA_02', 'EML_ABANDONED_CART_02', 'DSP_RETARG_ABANDON_02']",0,0.0
USR_00474,3,Display > Organic Search > Organic Search,DSP_PROG_AWARE_01 > SEO_ORGANIC_DIRECT > SEO_ORGANIC_DIRECT,Display,DSP_PROG_AWARE_01,Organic Search,SEO_ORGANIC_DIRECT,"[np.str_('Display'), np.str_('Organic Search'), np.str_('Organic Search')]","['DSP_PROG_AWARE_01', 'SEO_ORGANIC_DIRECT', 'SEO_ORGANIC_DIRECT']",0,0.0
USR_00475,1,Social Media,SOC_RETARG_DPA_02,Social Media,SOC_RETARG_DPA_02,Social Media,SOC_RETARG_DPA_02,[np.str_('Social Media')],['SOC_RETARG_DPA_02'],0,0.0
USR_00476,5,Organic Search > Paid Search > Email > Paid Search > Email,SEO_ORGANIC_DIRECT > SEM_COMPETITOR_03 > EML_WINBACK_90D_03 > SEM_COMPETITOR_03 > EML_ABANDONED_CART_02,Organic Search,SEO_ORGANIC_DIRECT,Email,EML_ABANDONED_CART_02,"[np.str_('Organic Search'), np.str_('Paid Search'), np.str_('Email'), np.str_('Paid Search'), np.str_('Email')]","['SEO_ORGANIC_DIRECT', 'SEM_COMPETITOR_03', 'EML_WINBACK_90D_03', 'SEM_COMPETITOR_03', 'EML_ABANDONED_CART_02']",0,0.0
USR_00477,2,Organic Search > Social Media,SEO_ORGANIC_DIRECT > SOC_PROSP_LOOKALIKE_01,Organic Search,SEO_ORGANIC_DIRECT,Social Media,SOC_PROSP_LOOKALIKE_01,"[np.str_('Organic Search'), np.str_('Social Media')]","['SEO_ORGANIC_DIRECT', 'SOC_PROSP_LOOKALIKE_01']",0,0.0
USR_00478,1,Social Media,SOC_INFLUENCER_BOOST_03,Social Media,SOC_INFLUENCER_BOOST_03,Social Media,SOC_INFLUENCER_BOOST_03,[np.str_('Social Media')],['SOC_INFLUENCER_BOOST_03'],0,0.0
USR_00479,1,Paid Search,SEM_BRAND_01,Paid Search,SEM_BRAND_01,Paid Search,SEM_BRAND_01,[np.str_('Paid Search')],['SEM_BRAND_01'],1,120.13
USR_00480,1,Display,DSP_PROG_AWARE_01,Display,DSP_PROG_AWARE_01,Display,DSP_PROG_AWARE_01,[np.str_('Display')],['DSP_PROG_AWARE_01'],0,0.0
USR_00481,1,Organic Search,SEO_ORGANIC_DIRECT,Organic Search,SEO_ORGANIC_DIRECT,Organic Search,SEO_ORGANIC_DIRECT,[np.str_('Organic Search')],['SEO_ORGANIC_DIRECT'],0,0.0
USR_00482,1,Social Media,SOC_RETARG_DPA_02,Social Media,SOC_RETARG_DPA_02,Social Media,SOC_RETARG_DPA_02,[np.str_('Social Media')],['SOC_RETARG_DPA_02'],0,0.0
USR_00483,3,Organic Search > Paid Search > Paid Search,SEO_ORGANIC_DIRECT > SEM_GENERIC_PROD_02 > SEM_BRAND_01,Organic Search,SEO_ORGANIC_DIRECT,Paid Search,SEM_BRAND_01,"[np.str_('Organic Search'), np.str_('Paid Search'), np.str_('Paid Search')]","['SEO_ORGANIC_DIRECT', 'SEM_GENERIC_PROD_02', 'SEM_BRAND_01']",0,0.0
USR_00484,4,Social Media > Display > Display > Organic Search,SOC_PROSP_LOOKALIKE_01 > DSP_RETARG_ABANDON_02 > DSP_RETARG_ABANDON_02 > SEO_ORGANIC_DIRECT,Social Media,SOC_PROSP_LOOKALIKE_01,Organic Search,SEO_ORGANIC_DIRECT,"[np.str_('Social Media'), np.str_('Display'), np.str_('Display'), np.str_('Organic Search')]","['SOC_PROSP_LOOKALIKE_01', 'DSP_RETARG_ABANDON_02', 'DSP_RETARG_ABANDON_02', 'SEO_ORGANIC_DIRECT']",0,0.0
USR_00485,3,Organic Search > Social Media > Email,SEO_ORGANIC_DIRECT > SOC_PROSP_LOOKALIKE_01 > EML_WINBACK_90D_03,Organic Search,SEO_ORGANIC_DIRECT,Email,EML_WINBACK_90D_03,"[np.str_('Organic Search'), np.str_('Social Media'), np.str_('Email')]","['SEO_ORGANIC_DIRECT', 'SOC_PROSP_LOOKALIKE_01', 'EML_WINBACK_90D_03']",0,0.0
USR_00486,5,Display > Social Media > Display > Social Media > Paid Search,DSP_PROG_AWARE_01 > SOC_PROSP_LOOKALIKE_01 > DSP_PROG_AWARE_01 > SOC_INFLUENCER_BOOST_03 > SEM_BRAND_01,Display,DSP_PROG_AWARE_01,Paid Search,SEM_BRAND_01,"[np.str_('Display'), np.str_('Social Media'), np.str_('Display'), np.str_('Social Media'), np.str_('Paid Search')]","['DSP_PROG_AWARE_01', 'SOC_PROSP_LOOKALIKE_01', 'DSP_PROG_AWARE_01', 'SOC_INFLUENCER_BOOST_03', 'SEM_BRAND_01']",0,0.0
USR_00487,3,Paid Search > Email > Display,SEM_GENERIC_PROD_02 > EML_NEWSLETTER_WKLY_01 > DSP_RETARG_ABANDON_02,Paid Search,SEM_GENERIC_PROD_02,Display,DSP_RETARG_ABANDON_02,"[np.str_('Paid Search'), np.str_('Email'), np.str_('Display')]","['SEM_GENERIC_PROD_02', 'EML_NEWSLETTER_WKLY_01', 'DSP_RETARG_ABANDON_02']",1,93.43
USR_00488,1,Organic Search,SEO_ORGANIC_DIRECT,Organic Search,SEO_ORGANIC_DIRECT,Organic Search,SEO_ORGANIC_DIRECT,[np.str_('Organic Search')],['SEO_ORGANIC_DIRECT'],1,87.1
USR_00489,1,Organic Search,SEO_ORGANIC_DIRECT,Organic Search,SEO_ORGANIC_DIRECT,Organic Search,SEO_ORGANIC_DIRECT,[np.str_('Organic Search')],['SEO_ORGANIC_DIRECT'],0,0.0
USR_00490,3,Social Media > Social Media > Paid Search,SOC_RETARG_DPA_02 > SOC_INFLUENCER_BOOST_03 > SEM_COMPETITOR_03,Social Media,SOC_RETARG_DPA_02,Paid Search,SEM_COMPETITOR_03,"[np.str_('Social Media'), np.str_('Social Media'), np.str_('Paid Search')]","['SOC_RETARG_DPA_02', 'SOC_INFLUENCER_BOOST_03', 'SEM_COMPETITOR_03']",0,0.0
USR_00491,4,Paid Search > Email > Social Media > Paid Search,SEM_BRAND_01 > EML_NEWSLETTER_WKLY_01 > SOC_PROSP_LOOKALIKE_01 > SEM_GENERIC_PROD_02,Paid Search,SEM_BRAND_01,Paid Search,SEM_GENERIC_PROD_02,"[np.str_('Paid Search'), np.str_('Email'), np.str_('Social Media'), np.str_('Paid Search')]","['SEM_BRAND_01', 'EML_NEWSLETTER_WKLY_01', 'SOC_PROSP_LOOKALIKE_01', 'SEM_GENERIC_PROD_02']",0,0.0
USR_00492,1,Social Media,SOC_INFLUENCER_BOOST_03,Social Media,SOC_INFLUENCER_BOOST_03,Social Media,SOC_INFLUENCER_BOOST_03,[np.str_('Social Media')],['SOC_INFLUENCER_BOOST_03'],0,0.0
USR_00493,1,Social Media,SOC_INFLUENCER_BOOST_03,Social Media,SOC_INFLUENCER_BOOST_03,Social Media,SOC_INFLUENCER_BOOST_03,[np.str_('Social Media')],['SOC_INFLUENCER_BOOST_03'],0,0.0
USR_00494,2,Display > Email,DSP_RETARG_ABANDON_02 > EML_WINBACK_90D_03,Display,DSP_RETARG_ABANDON_02,Email,EML_WINBACK_90D_03,"[np.str_('Display'), np.str_('Email')]","['DSP_RETARG_ABANDON_02', 'EML_WINBACK_90D_03']",0,0.0
USR_00495,2,Email > Email,EML_ABANDONED_CART_02 > EML_NEWSLETTER_WKLY_01,Email,EML_ABANDONED_CART_02,Email,EML_NEWSLETTER_WKLY_01,"[np.str_('Email'), np.str_('Email')]","['EML_ABANDONED_CART_02', 'EML_NEWSLETTER_WKLY_01']",0,0.0
USR_00496,1,Paid Search,SEM_COMPETITOR_03,Paid Search,SEM_COMPETITOR_03,Paid Search,SEM_COMPETITOR_03,[np.str_('Paid Search')],['SEM_COMPETITOR_03'],0,0.0
USR_00497,2,Display > Paid Search,DSP_RETARG_ABANDON_02 > SEM_COMPETITOR_03,Display,DSP_RETARG_ABANDON_02,Paid Search,SEM_COMPETITOR_03,"[np.str_('Display'), np.str_('Paid Search')]","['DSP_RETARG_ABANDON_02', 'SEM_COMPETITOR_03']",0,0.0
USR_00498,2,Organic Search > Social Media,SEO_ORGANIC_DIRECT > SOC_INFLUENCER_BOOST_03,Organic Search,SEO_ORGANIC_DIRECT,Social Media,SOC_INFLUENCER_BOOST_03,"[np.str_('Organic Search'), np.str_('Social Media')]","['SEO_ORGANIC_DIRECT', 'SOC_INFLUENCER_BOOST_03']",0,0.0
USR_00499,3,Display > Organic Search > Social Media,DSP_PROG_AWARE_01 > SEO_ORGANIC_DIRECT > SOC_RETARG_DPA_02,Display,DSP_PROG_AWARE_01,Social Media,SOC_RETARG_DPA_02,"[np.str_('Display'), np.str_('Organic Search'), np.str_('Social Media')]","['DSP_PROG_AWARE_01', 'SEO_ORGANIC_DIRECT', 'SOC_RETARG_DPA_02']",0,0.0
USR_00500,2,Display > Email,DSP_PROG_AWARE_01 > EML_NEWSLETTER_WKLY_01,Display,DSP_PROG_AWARE_01,Email,EML_NEWSLETTER_WKLY_01,"[np.str_('Display'), np.str_('Email')]","['DSP_PROG_AWARE_01', 'EML_NEWSLETTER_WKLY_01']",1,111.11
USR_00501,1,Organic Search,SEO_ORGANIC_DIRECT,Organic Search,SEO_ORGANIC_DIRECT,Organic Search,SEO_ORGANIC_DIRECT,[np.str_('Organic Search')],['SEO_ORGANIC_DIRECT'],0,0.0
USR_00502,1,Display,DSP_RETARG_ABANDON_02,Display,DSP_RETARG_ABANDON_02,Display,DSP_RETARG_ABANDON_02,[np.str_('Display')],['DSP_RETARG_ABANDON_02'],0,0.0
USR_00503,1,Paid Search,SEM_COMPETITOR_03,Paid Search,SEM_COMPETITOR_03,Paid Search,SEM_COMPETITOR_03,[np.str_('Paid Search')],['SEM_COMPETITOR_03'],0,0.0
USR_00504,2,Display > Social Media,DSP_RETARG_ABANDON_02 > SOC_RETARG_DPA_02,Display,DSP_RETARG_ABANDON_02,Social Media,SOC_RETARG_DPA_02,"[np.str_('Display'), np.str_('Social Media')]","['DSP_RETARG_ABANDON_02', 'SOC_RETARG_DPA_02']",1,153.59
USR_00505,2,Social Media > Email,SOC_PROSP_LOOKALIKE_01 > EML_WINBACK_90D_03,Social Media,SOC_PROSP_LOOKALIKE_01,Email,EML_WINBACK_90D_03,"[np.str_('Social Media'), np.str_('Email')]","['SOC_PROSP_LOOKALIKE_01', 'EML_WINBACK_90D_03']",1,116.46
USR_00506,1,Organic Search,SEO_ORGANIC_DIRECT,Organic Search,SEO_ORGANIC_DIRECT,Organic Search,SEO_ORGANIC_DIRECT,[np.str_('Organic Search')],['SEO_ORGANIC_DIRECT'],0,0.0
USR_00507,1,Social Media,SOC_PROSP_LOOKALIKE_01,Social Media,SOC_PROSP_LOOKALIKE_01,Social Media,SOC_PROSP_LOOKALIKE_01,[np.str_('Social Media')],['SOC_PROSP_LOOKALIKE_01'],0,0.0
USR_00508,4,Display > Email > Display > Email,DSP_PROG_AWARE_01 > EML_ABANDONED_CART_02 > DSP_RETARG_ABANDON_02 > EML_NEWSLETTER_WKLY_01,Display,DSP_PROG_AWARE_01,Email,EML_NEWSLETTER_WKLY_01,"[np.str_('Display'), np.str_('Email'), np.str_('Display'), np.str_('Email')]","['DSP_PROG_AWARE_01', 'EML_ABANDONED_CART_02', 'DSP_RETARG_ABANDON_02', 'EML_NEWSLETTER_WKLY_01']",0,0.0
USR_00509,2,Social Media > Paid Search,SOC_PROSP_LOOKALIKE_01 > SEM_GENERIC_PROD_02,Social Media,SOC_PROSP_LOOKALIKE_01,Paid Search,SEM_GENERIC_PROD_02,"[np.str_('Social Media'), np.str_('Paid Search')]","['SOC_PROSP_LOOKALIKE_01', 'SEM_GENERIC_PROD_02']",0,0.0
USR_00510,3,Display > Organic Search > Email,DSP_PROG_AWARE_01 > SEO_ORGANIC_DIRECT > EML_ABANDONED_CART_02,Display,DSP_PROG_AWARE_01,Email,EML_ABANDONED_CART_02,"[np.str_('Display'), np.str_('Organic Search'), np.str_('Email')]","['DSP_PROG_AWARE_01', 'SEO_ORGANIC_DIRECT', 'EML_ABANDONED_CART_02']",0,0.0
USR_00511,3,Social Media > Display > Email,SOC_PROSP_LOOKALIKE_01 > DSP_PROG_AWARE_01 > EML_NEWSLETTER_WKLY_01,Social Media,SOC_PROSP_LOOKALIKE_01,Email,EML_NEWSLETTER_WKLY_01,"[np.str_('Social Media'), np.str_('Display'), np.str_('Email')]","['SOC_PROSP_LOOKALIKE_01', 'DSP_PROG_AWARE_01', 'EML_NEWSLETTER_WKLY_01']",0,0.0
USR_00512,1,Email,EML_NEWSLETTER_WKLY_01,Email,EML_NEWSLETTER_WKLY_01,Email,EML_NEWSLETTER_WKLY_01,[np.str_('Email')],['EML_NEWSLETTER_WKLY_01'],0,0.0
USR_00513,2,Organic Search > Paid Search,SEO_ORGANIC_DIRECT > SEM_GENERIC_PROD_02,Organic Search,SEO_ORGANIC_DIRECT,Paid Search,SEM_GENERIC_PROD_02,"[np.str_('Organic Search'), np.str_('Paid Search')]","['SEO_ORGANIC_DIRECT', 'SEM_GENERIC_PROD_02']",1,136.51
USR_00514,3,Display > Display > Email,DSP_RETARG_ABANDON_02 > DSP_RETARG_ABANDON_02 > EML_NEWSLETTER_WKLY_01,Display,DSP_RETARG_ABANDON_02,Email,EML_NEWSLETTER_WKLY_01,"[np.str_('Display'), np.str_('Display'), np.str_('Email')]","['DSP_RETARG_ABANDON_02', 'DSP_RETARG_ABANDON_02', 'EML_NEWSLETTER_WKLY_01']",1,56.95
USR_00515,2,Social Media > Paid Search,SOC_INFLUENCER_BOOST_03 > SEM_COMPETITOR_03,Social Media,SOC_INFLUENCER_BOOST_03,Paid Search,SEM_COMPETITOR_03,"[np.str_('Social Media'), np.str_('Paid Search')]","['SOC_INFLUENCER_BOOST_03', 'SEM_COMPETITOR_03']",0,0.0
USR_00516,1,Paid Search,SEM_GENERIC_PROD_02,Paid Search,SEM_GENERIC_PROD_02,Paid Search,SEM_GENERIC_PROD_02,[np.str_('Paid Search')],['SEM_GENERIC_PROD_02'],0,0.0
USR_00517,2,Social Media > Display,SOC_PROSP_LOOKALIKE_01 > DSP_RETARG_ABANDON_02,Social Media,SOC_PROSP_LOOKALIKE_01,Display,DSP_RETARG_ABANDON_02,"[np.str_('Social Media'), np.str_('Display')]","['SOC_PROSP_LOOKALIKE_01', 'DSP_RETARG_ABANDON_02']",0,0.0
USR_00518,1,Paid Search,SEM_BRAND_01,Paid Search,SEM_BRAND_01,Paid Search,SEM_BRAND_01,[np.str_('Paid Search')],['SEM_BRAND_01'],0,0.0
USR_00519,1,Display,DSP_PROG_AWARE_01,Display,DSP_PROG_AWARE_01,Display,DSP_PROG_AWARE_01,[np.str_('Display')],['DSP_PROG_AWARE_01'],0,0.0
USR_00520,3,Social Media > Paid Search > Paid Search,SOC_PROSP_LOOKALIKE_01 > SEM_GENERIC_PROD_02 > SEM_COMPETITOR_03,Social Media,SOC_PROSP_LOOKALIKE_01,Paid Search,SEM_COMPETITOR_03,"[np.str_('Social Media'), np.str_('Paid Search'), np.str_('Paid Search')]","['SOC_PROSP_LOOKALIKE_01', 'SEM_GENERIC_PROD_02', 'SEM_COMPETITOR_03']",0,0.0
USR_00521,1,Email,EML_WINBACK_90D_03,Email,EML_WINBACK_90D_03,Email,EML_WINBACK_90D_03,[np.str_('Email')],['EML_WINBACK_90D_03'],0,0.0
USR_00522,1,Social Media,SOC_INFLUENCER_BOOST_03,Social Media,SOC_INFLUENCER_BOOST_03,Social Media,SOC_INFLUENCER_BOOST_03,[np.str_('Social Media')],['SOC_INFLUENCER_BOOST_03'],0,0.0
USR_00523,2,Display > Email,DSP_RETARG_ABANDON_02 > EML_WINBACK_90D_03,Display,DSP_RETARG_ABANDON_02,Email,EML_WINBACK_90D_03,"[np.str_('Display'), np.str_('Email')]","['DSP_RETARG_ABANDON_02', 'EML_WINBACK_90D_03']",0,0.0
USR_00524,1,Social Media,SOC_PROSP_LOOKALIKE_01,Social Media,SOC_PROSP_LOOKALIKE_01,Social Media,SOC_PROSP_LOOKALIKE_01,[np.str_('Social Media')],['SOC_PROSP_LOOKALIKE_01'],0,0.0
USR_00525,1,Paid Search,SEM_BRAND_01,Paid Search,SEM_BRAND_01,Paid Search,SEM_BRAND_01,[np.str_('Paid Search')],['SEM_BRAND_01'],0,0.0
USR_00526,1,Social Media,SOC_PROSP_LOOKALIKE_01,Social Media,SOC_PROSP_LOOKALIKE_01,Social Media,SOC_PROSP_LOOKALIKE_01,[np.str_('Social Media')],['SOC_PROSP_LOOKALIKE_01'],0,0.0
USR_00527,1,Social Media,SOC_INFLUENCER_BOOST_03,Social Media,SOC_INFLUENCER_BOOST_03,Social Media,SOC_INFLUENCER_BOOST_03,[np.str_('Social Media')],['SOC_INFLUENCER_BOOST_03'],0,0.0
USR_00528,1,Paid Search,SEM_COMPETITOR_03,Paid Search,SEM_COMPETITOR_03,Paid Search,SEM_COMPETITOR_03,[np.str_('Paid Search')],['SEM_COMPETITOR_03'],0,0.0
USR_00529,1,Organic Search,SEO_ORGANIC_DIRECT,Organic Search,SEO_ORGANIC_DIRECT,Organic Search,SEO_ORGANIC_DIRECT,[np.str_('Organic Search')],['SEO_ORGANIC_DIRECT'],0,0.0
USR_00530,1,Social Media,SOC_PROSP_LOOKALIKE_01,Social Media,SOC_PROSP_LOOKALIKE_01,Social Media,SOC_PROSP_LOOKALIKE_01,[np.str_('Social Media')],['SOC_PROSP_LOOKALIKE_01'],0,0.0
USR_00531,2,Social Media > Display,SOC_PROSP_LOOKALIKE_01 > DSP_RETARG_ABANDON_02,Social Media,SOC_PROSP_LOOKALIKE_01,Display,DSP_RETARG_ABANDON_02,"[np.str_('Social Media'), np.str_('Display')]","['SOC_PROSP_LOOKALIKE_01', 'DSP_RETARG_ABANDON_02']",0,0.0
USR_00532,1,Organic Search,SEO_ORGANIC_DIRECT,Organic Search,SEO_ORGANIC_DIRECT,Organic Search,SEO_ORGANIC_DIRECT,[np.str_('Organic Search')],['SEO_ORGANIC_DIRECT'],0,0.0
USR_00533,2,Display > Paid Search,DSP_PROG_AWARE_01 > SEM_COMPETITOR_03,Display,DSP_PROG_AWARE_01,Paid Search,SEM_COMPETITOR_03,"[np.str_('Display'), np.str_('Paid Search')]","['DSP_PROG_AWARE_01', 'SEM_COMPETITOR_03']",0,0.0
USR_00534,2,Email > Email,EML_ABANDONED_CART_02 > EML_ABANDONED_CART_02,Email,EML_ABANDONED_CART_02,Email,EML_ABANDONED_CART_02,"[np.str_('Email'), np.str_('Email')]","['EML_ABANDONED_CART_02', 'EML_ABANDONED_CART_02']",0,0.0
USR_00535,4,Paid Search > Display > Email > Paid Search,SEM_COMPETITOR_03 > DSP_PROG_AWARE_01 > EML_WINBACK_90D_03 > SEM_GENERIC_PROD_02,Paid Search,SEM_COMPETITOR_03,Paid Search,SEM_GENERIC_PROD_02,"[np.str_('Paid Search'), np.str_('Display'), np.str_('Email'), np.str_('Paid Search')]","['SEM_COMPETITOR_03', 'DSP_PROG_AWARE_01', 'EML_WINBACK_90D_03', 'SEM_GENERIC_PROD_02']",0,0.0
USR_00536,3,Social Media > Paid Search > Paid Search,SOC_INFLUENCER_BOOST_03 > SEM_GENERIC_PROD_02 > SEM_GENERIC_PROD_02,Social Media,SOC_INFLUENCER_BOOST_03,Paid Search,SEM_GENERIC_PROD_02,"[np.str_('Social Media'), np.str_('Paid Search'), np.str_('Paid Search')]","['SOC_INFLUENCER_BOOST_03', 'SEM_GENERIC_PROD_02', 'SEM_GENERIC_PROD_02']",1,147.53
USR_00537,1,Social Media,SOC_RETARG_DPA_02,Social Media,SOC_RETARG_DPA_02,Social Media,SOC_RETARG_DPA_02,[np.str_('Social Media')],['SOC_RETARG_DPA_02'],0,0.0
USR_00538,2,Display > Organic Search,DSP_RETARG_ABANDON_02 > SEO_ORGANIC_DIRECT,Display,DSP_RETARG_ABANDON_02,Organic Search,SEO_ORGANIC_DIRECT,"[np.str_('Display'), np.str_('Organic Search')]","['DSP_RETARG_ABANDON_02', 'SEO_ORGANIC_DIRECT']",0,0.0
USR_00539,1,Display,DSP_PROG_AWARE_01,Display,DSP_PROG_AWARE_01,Display,DSP_PROG_AWARE_01,[np.str_('Display')],['DSP_PROG_AWARE_01'],1,101.81
USR_00540,1,Organic Search,SEO_ORGANIC_DIRECT,Organic Search,SEO_ORGANIC_DIRECT,Organic Search,SEO_ORGANIC_DIRECT,[np.str_('Organic Search')],['SEO_ORGANIC_DIRECT'],0,0.0
USR_00541,1,Social Media,SOC_RETARG_DPA_02,Social Media,SOC_RETARG_DPA_02,Social Media,SOC_RETARG_DPA_02,[np.str_('Social Media')],['SOC_RETARG_DPA_02'],0,0.0
USR_00542,3,Social Media > Social Media > Display,SOC_INFLUENCER_BOOST_03 > SOC_INFLUENCER_BOOST_03 > DSP_RETARG_ABANDON_02,Social Media,SOC_INFLUENCER_BOOST_03,Display,DSP_RETARG_ABANDON_02,"[np.str_('Social Media'), np.str_('Social Media'), np.str_('Display')]","['SOC_INFLUENCER_BOOST_03', 'SOC_INFLUENCER_BOOST_03', 'DSP_RETARG_ABANDON_02']",0,0.0
USR_00543,1,Paid Search,SEM_COMPETITOR_03,Paid Search,SEM_COMPETITOR_03,Paid Search,SEM_COMPETITOR_03,[np.str_('Paid Search')],['SEM_COMPETITOR_03'],0,0.0
USR_00544,4,Social Media > Paid Search > Paid Search > Social Media,SOC_INFLUENCER_BOOST_03 > SEM_COMPETITOR_03 > SEM_COMPETITOR_03 > SOC_PROSP_LOOKALIKE_01,Social Media,SOC_INFLUENCER_BOOST_03,Social Media,SOC_PROSP_LOOKALIKE_01,"[np.str_('Social Media'), np.str_('Paid Search'), np.str_('Paid Search'), np.str_('Social Media')]","['SOC_INFLUENCER_BOOST_03', 'SEM_COMPETITOR_03', 'SEM_COMPETITOR_03', 'SOC_PROSP_LOOKALIKE_01']",0,0.0
USR_00545,1,Social Media,SOC_INFLUENCER_BOOST_03,Social Media,SOC_INFLUENCER_BOOST_03,Social Media,SOC_INFLUENCER_BOOST_03,[np.str_('Social Media')],['SOC_INFLUENCER_BOOST_03'],1,94.16
USR_00546,2,Organic Search > Paid Search,SEO_ORGANIC_DIRECT > SEM_BRAND_01,Organic Search,SEO_ORGANIC_DIRECT,Paid Search,SEM_BRAND_01,"[np.str_('Organic Search'), np.str_('Paid Search')]","['SEO_ORGANIC_DIRECT', 'SEM_BRAND_01']",1,152.07
USR_00547,1,Display,DSP_RETARG_ABANDON_02,Display,DSP_RETARG_ABANDON_02,Display,DSP_RETARG_ABANDON_02,[np.str_('Display')],['DSP_RETARG_ABANDON_02'],1,126.93
USR_00548,1,Display,DSP_RETARG_ABANDON_02,Display,DSP_RETARG_ABANDON_02,Display,DSP_RETARG_ABANDON_02,[np.str_('Display')],['DSP_RETARG_ABANDON_02'],0,0.0
USR_00549,1,Display,DSP_PROG_AWARE_01,Display,DSP_PROG_AWARE_01,Display,DSP_PROG_AWARE_01,[np.str_('Display')],['DSP_PROG_AWARE_01'],0,0.0
USR_00550,1,Social Media,SOC_INFLUENCER_BOOST_03,Social Media,SOC_INFLUENCER_BOOST_03,Social Media,SOC_INFLUENCER_BOOST_03,[np.str_('Social Media')],['SOC_INFLUENCER_BOOST_03'],0,0.0
USR_00551,2,Display > Paid Search,DSP_PROG_AWARE_01 > SEM_BRAND_01,Display,DSP_PROG_AWARE_01,Paid Search,SEM_BRAND_01,"[np.str_('Display'), np.str_('Paid Search')]","['DSP_PROG_AWARE_01', 'SEM_BRAND_01']",0,0.0
USR_00552,1,Display,DSP_RETARG_ABANDON_02,Display,DSP_RETARG_ABANDON_02,Display,DSP_RETARG_ABANDON_02,[np.str_('Display')],['DSP_RETARG_ABANDON_02'],0,0.0
USR_00553,2,Paid Search > Paid Search,SEM_GENERIC_PROD_02 > SEM_GENERIC_PROD_02,Paid Search,SEM_GENERIC_PROD_02,Paid Search,SEM_GENERIC_PROD_02,"[np.str_('Paid Search'), np.str_('Paid Search')]","['SEM_GENERIC_PROD_02', 'SEM_GENERIC_PROD_02']",0,0.0
USR_00554,5,Social Media > Email > Organic Search > Paid Search > Email,SOC_PROSP_LOOKALIKE_01 > EML_WINBACK_90D_03 > SEO_ORGANIC_DIRECT > SEM_BRAND_01 > EML_ABANDONED_CART_02,Social Media,SOC_PROSP_LOOKALIKE_01,Email,EML_ABANDONED_CART_02,"[np.str_('Social Media'), np.str_('Email'), np.str_('Organic Search'), np.str_('Paid Search'), np.str_('Email')]","['SOC_PROSP_LOOKALIKE_01', 'EML_WINBACK_90D_03', 'SEO_ORGANIC_DIRECT', 'SEM_BRAND_01', 'EML_ABANDONED_CART_02']",0,0.0
USR_00555,1,Social Media,SOC_INFLUENCER_BOOST_03,Social Media,SOC_INFLUENCER_BOOST_03,Social Media,SOC_INFLUENCER_BOOST_03,[np.str_('Social Media')],['SOC_INFLUENCER_BOOST_03'],0,0.0
USR_00556,1,Display,DSP_RETARG_ABANDON_02,Display,DSP_RETARG_ABANDON_02,Display,DSP_RETARG_ABANDON_02,[np.str_('Display')],['DSP_RETARG_ABANDON_02'],0,0.0
USR_00557,2,Display > Email,DSP_RETARG_ABANDON_02 > EML_NEWSLETTER_WKLY_01,Display,DSP_RETARG_ABANDON_02,Email,EML_NEWSLETTER_WKLY_01,"[np.str_('Display'), np.str_('Email')]","['DSP_RETARG_ABANDON_02', 'EML_NEWSLETTER_WKLY_01']",0,0.0
USR_00558,5,Social Media > Paid Search > Email > Social Media > Paid Search,SOC_PROSP_LOOKALIKE_01 > SEM_COMPETITOR_03 > EML_WINBACK_90D_03 > SOC_INFLUENCER_BOOST_03 > SEM_BRAND_01,Social Media,SOC_PROSP_LOOKALIKE_01,Paid Search,SEM_BRAND_01,"[np.str_('Social Media'), np.str_('Paid Search'), np.str_('Email'), np.str_('Social Media'), np.str_('Paid Search')]","['SOC_PROSP_LOOKALIKE_01', 'SEM_COMPETITOR_03', 'EML_WINBACK_90D_03', 'SOC_INFLUENCER_BOOST_03', 'SEM_BRAND_01']",0,0.0
USR_00559,2,Paid Search > Social Media,SEM_COMPETITOR_03 > SOC_RETARG_DPA_02,Paid Search,SEM_COMPETITOR_03,Social Media,SOC_RETARG_DPA_02,"[np.str_('Paid Search'), np.str_('Social Media')]","['SEM_COMPETITOR_03', 'SOC_RETARG_DPA_02']",0,0.0
USR_00560,1,Social Media,SOC_PROSP_LOOKALIKE_01,Social Media,SOC_PROSP_LOOKALIKE_01,Social Media,SOC_PROSP_LOOKALIKE_01,[np.str_('Social Media')],['SOC_PROSP_LOOKALIKE_01'],0,0.0
USR_00561,2,Social Media > Display,SOC_RETARG_DPA_02 > DSP_PROG_AWARE_01,Social Media,SOC_RETARG_DPA_02,Display,DSP_PROG_AWARE_01,"[np.str_('Social Media'), np.str_('Display')]","['SOC_RETARG_DPA_02', 'DSP_PROG_AWARE_01']",0,0.0
USR_00562,1,Social Media,SOC_RETARG_DPA_02,Social Media,SOC_RETARG_DPA_02,Social Media,SOC_RETARG_DPA_02,[np.str_('Social Media')],['SOC_RETARG_DPA_02'],0,0.0
USR_00563,1,Paid Search,SEM_COMPETITOR_03,Paid Search,SEM_COMPETITOR_03,Paid Search,SEM_COMPETITOR_03,[np.str_('Paid Search')],['SEM_COMPETITOR_03'],1,102.21
USR_00564,1,Organic Search,SEO_ORGANIC_DIRECT,Organic Search,SEO_ORGANIC_DIRECT,Organic Search,SEO_ORGANIC_DIRECT,[np.str_('Organic Search')],['SEO_ORGANIC_DIRECT'],1,132.57
USR_00565,4,Display > Email > Social Media > Paid Search,DSP_RETARG_ABANDON_02 > EML_WINBACK_90D_03 > SOC_PROSP_LOOKALIKE_01 > SEM_GENERIC_PROD_02,Display,DSP_RETARG_ABANDON_02,Paid Search,SEM_GENERIC_PROD_02,"[np.str_('Display'), np.str_('Email'), np.str_('Social Media'), np.str_('Paid Search')]","['DSP_RETARG_ABANDON_02', 'EML_WINBACK_90D_03', 'SOC_PROSP_LOOKALIKE_01', 'SEM_GENERIC_PROD_02']",0,0.0
USR_00566,1,Display,DSP_RETARG_ABANDON_02,Display,DSP_RETARG_ABANDON_02,Display,DSP_RETARG_ABANDON_02,[np.str_('Display')],['DSP_RETARG_ABANDON_02'],1,107.23
USR_00567,3,Social Media > Social Media > Social Media,SOC_RETARG_DPA_02 > SOC_PROSP_LOOKALIKE_01 > SOC_PROSP_LOOKALIKE_01,Social Media,SOC_RETARG_DPA_02,Social Media,SOC_PROSP_LOOKALIKE_01,"[np.str_('Social Media'), np.str_('Social Media'), np.str_('Social Media')]","['SOC_RETARG_DPA_02', 'SOC_PROSP_LOOKALIKE_01', 'SOC_PROSP_LOOKALIKE_01']",0,0.0
USR_00568,1,Paid Search,SEM_BRAND_01,Paid Search,SEM_BRAND_01,Paid Search,SEM_BRAND_01,[np.str_('Paid Search')],['SEM_BRAND_01'],0,0.0
USR_00569,2,Email > Paid Search,EML_ABANDONED_CART_02 > SEM_BRAND_01,Email,EML_ABANDONED_CART_02,Paid Search,SEM_BRAND_01,"[np.str_('Email'), np.str_('Paid Search')]","['EML_ABANDONED_CART_02', 'SEM_BRAND_01']",1,117.99
USR_00570,1,Paid Search,SEM_COMPETITOR_03,Paid Search,SEM_COMPETITOR_03,Paid Search,SEM_COMPETITOR_03,[np.str_('Paid Search')],['SEM_COMPETITOR_03'],1,120.0
USR_00571,2,Organic Search > Social Media,SEO_ORGANIC_DIRECT > SOC_RETARG_DPA_02,Organic Search,SEO_ORGANIC_DIRECT,Social Media,SOC_RETARG_DPA_02,"[np.str_('Organic Search'), np.str_('Social Media')]","['SEO_ORGANIC_DIRECT', 'SOC_RETARG_DPA_02']",0,0.0
USR_00572,5,Paid Search > Email > Paid Search > Display > Display,SEM_BRAND_01 > EML_WINBACK_90D_03 > SEM_COMPETITOR_03 > DSP_PROG_AWARE_01 > DSP_PROG_AWARE_01,Paid Search,SEM_BRAND_01,Display,DSP_PROG_AWARE_01,"[np.str_('Paid Search'), np.str_('Email'), np.str_('Paid Search'), np.str_('Display'), np.str_('Display')]","['SEM_BRAND_01', 'EML_WINBACK_90D_03', 'SEM_COMPETITOR_03', 'DSP_PROG_AWARE_01', 'DSP_PROG_AWARE_01']",0,0.0
USR_00573,1,Display,DSP_PROG_AWARE_01,Display,DSP_PROG_AWARE_01,Display,DSP_PROG_AWARE_01,[np.str_('Display')],['DSP_PROG_AWARE_01'],1,108.01
USR_00574,2,Email > Email,EML_NEWSLETTER_WKLY_01 > EML_WINBACK_90D_03,Email,EML_NEWSLETTER_WKLY_01,Email,EML_WINBACK_90D_03,"[np.str_('Email'), np.str_('Email')]","['EML_NEWSLETTER_WKLY_01', 'EML_WINBACK_90D_03']",1,119.75
USR_00575,1,Organic Search,SEO_ORGANIC_DIRECT,Organic Search,SEO_ORGANIC_DIRECT,Organic Search,SEO_ORGANIC_DIRECT,[np.str_('Organic Search')],['SEO_ORGANIC_DIRECT'],0,0.0
USR_00576,1,Email,EML_ABANDONED_CART_02,Email,EML_ABANDONED_CART_02,Email,EML_ABANDONED_CART_02,[np.str_('Email')],['EML_ABANDONED_CART_02'],0,0.0
USR_00577,4,Display > Paid Search > Social Media > Paid Search,DSP_PROG_AWARE_01 > SEM_GENERIC_PROD_02 > SOC_PROSP_LOOKALIKE_01 > SEM_COMPETITOR_03,Display,DSP_PROG_AWARE_01,Paid Search,SEM_COMPETITOR_03,"[np.str_('Display'), np.str_('Paid Search'), np.str_('Social Media'), np.str_('Paid Search')]","['DSP_PROG_AWARE_01', 'SEM_GENERIC_PROD_02', 'SOC_PROSP_LOOKALIKE_01', 'SEM_COMPETITOR_03']",0,0.0
USR_00578,3,Paid Search > Social Media > Email,SEM_COMPETITOR_03 > SOC_INFLUENCER_BOOST_03 > EML_ABANDONED_CART_02,Paid Search,SEM_COMPETITOR_03,Email,EML_ABANDONED_CART_02,"[np.str_('Paid Search'), np.str_('Social Media'), np.str_('Email')]","['SEM_COMPETITOR_03', 'SOC_INFLUENCER_BOOST_03', 'EML_ABANDONED_CART_02']",1,152.58
USR_00579,3,Display > Display > Email,DSP_RETARG_ABANDON_02 > DSP_PROG_AWARE_01 > EML_WINBACK_90D_03,Display,DSP_RETARG_ABANDON_02,Email,EML_WINBACK_90D_03,"[np.str_('Display'), np.str_('Display'), np.str_('Email')]","['DSP_RETARG_ABANDON_02', 'DSP_PROG_AWARE_01', 'EML_WINBACK_90D_03']",1,105.09
USR_00580,2,Paid Search > Display,SEM_BRAND_01 > DSP_PROG_AWARE_01,Paid Search,SEM_BRAND_01,Display,DSP_PROG_AWARE_01,"[np.str_('Paid Search'), np.str_('Display')]","['SEM_BRAND_01', 'DSP_PROG_AWARE_01']",0,0.0
USR_00581,5,Email > Organic Search > Social Media > Social Media > Organic Search,EML_WINBACK_90D_03 > SEO_ORGANIC_DIRECT > SOC_INFLUENCER_BOOST_03 > SOC_RETARG_DPA_02 > SEO_ORGANIC_DIRECT,Email,EML_WINBACK_90D_03,Organic Search,SEO_ORGANIC_DIRECT,"[np.str_('Email'), np.str_('Organic Search'), np.str_('Social Media'), np.str_('Social Media'), np.str_('Organic Search')]","['EML_WINBACK_90D_03', 'SEO_ORGANIC_DIRECT', 'SOC_INFLUENCER_BOOST_03', 'SOC_RETARG_DPA_02', 'SEO_ORGANIC_DIRECT']",0,0.0
USR_00582,1,Display,DSP_PROG_AWARE_01,Display,DSP_PROG_AWARE_01,Display,DSP_PROG_AWARE_01,[np.str_('Display')],['DSP_PROG_AWARE_01'],0,0.0
USR_00583,1,Organic Search,SEO_ORGANIC_DIRECT,Organic Search,SEO_ORGANIC_DIRECT,Organic Search,SEO_ORGANIC_DIRECT,[np.str_('Organic Search')],['SEO_ORGANIC_DIRECT'],0,0.0
USR_00584,1,Social Media,SOC_PROSP_LOOKALIKE_01,Social Media,SOC_PROSP_LOOKALIKE_01,Social Media,SOC_PROSP_LOOKALIKE_01,[np.str_('Social Media')],['SOC_PROSP_LOOKALIKE_01'],0,0.0
USR_00585,2,Paid Search > Organic Search,SEM_BRAND_01 > SEO_ORGANIC_DIRECT,Paid Search,SEM_BRAND_01,Organic Search,SEO_ORGANIC_DIRECT,"[np.str_('Paid Search'), np.str_('Organic Search')]","['SEM_BRAND_01', 'SEO_ORGANIC_DIRECT']",1,95.38
USR_00586,2,Social Media > Email,SOC_PROSP_LOOKALIKE_01 > EML_NEWSLETTER_WKLY_01,Social Media,SOC_PROSP_LOOKALIKE_01,Email,EML_NEWSLETTER_WKLY_01,"[np.str_('Social Media'), np.str_('Email')]","['SOC_PROSP_LOOKALIKE_01', 'EML_NEWSLETTER_WKLY_01']",0,0.0
USR_00587,1,Social Media,SOC_INFLUENCER_BOOST_03,Social Media,SOC_INFLUENCER_BOOST_03,Social Media,SOC_INFLUENCER_BOOST_03,[np.str_('Social Media')],['SOC_INFLUENCER_BOOST_03'],0,0.0
USR_00588,1,Social Media,SOC_PROSP_LOOKALIKE_01,Social Media,SOC_PROSP_LOOKALIKE_01,Social Media,SOC_PROSP_LOOKALIKE_01,[np.str_('Social Media')],['SOC_PROSP_LOOKALIKE_01'],0,0.0
USR_00589,1,Display,DSP_PROG_AWARE_01,Display,DSP_PROG_AWARE_01,Display,DSP_PROG_AWARE_01,[np.str_('Display')],['DSP_PROG_AWARE_01'],0,0.0
USR_00590,1,Social Media,SOC_RETARG_DPA_02,Social Media,SOC_RETARG_DPA_02,Social Media,SOC_RETARG_DPA_02,[np.str_('Social Media')],['SOC_RETARG_DPA_02'],0,0.0
USR_00591,1,Display,DSP_PROG_AWARE_01,Display,DSP_PROG_AWARE_01,Display,DSP_PROG_AWARE_01,[np.str_('Display')],['DSP_PROG_AWARE_01'],0,0.0
USR_00592,1,Paid Search,SEM_COMPETITOR_03,Paid Search,SEM_COMPETITOR_03,Paid Search,SEM_COMPETITOR_03,[np.str_('Paid Search')],['SEM_COMPETITOR_03'],0,0.0
USR_00593,1,Organic Search,SEO_ORGANIC_DIRECT,Organic Search,SEO_ORGANIC_DIRECT,Organic Search,SEO_ORGANIC_DIRECT,[np.str_('Organic Search')],['SEO_ORGANIC_DIRECT'],0,0.0
USR_00594,3,Paid Search > Social Media > Email,SEM_BRAND_01 > SOC_PROSP_LOOKALIKE_01 > EML_ABANDONED_CART_02,Paid Search,SEM_BRAND_01,Email,EML_ABANDONED_CART_02,"[np.str_('Paid Search'), np.str_('Social Media'), np.str_('Email')]","['SEM_BRAND_01', 'SOC_PROSP_LOOKALIKE_01', 'EML_ABANDONED_CART_02']",0,0.0
USR_00595,2,Display > Email,DSP_RETARG_ABANDON_02 > EML_ABANDONED_CART_02,Display,DSP_RETARG_ABANDON_02,Email,EML_ABANDONED_CART_02,"[np.str_('Display'), np.str_('Email')]","['DSP_RETARG_ABANDON_02', 'EML_ABANDONED_CART_02']",0,0.0
USR_00596,1,Organic Search,SEO_ORGANIC_DIRECT,Organic Search,SEO_ORGANIC_DIRECT,Organic Search,SEO_ORGANIC_DIRECT,[np.str_('Organic Search')],['SEO_ORGANIC_DIRECT'],0,0.0
USR_00597,1,Social Media,SOC_INFLUENCER_BOOST_03,Social Media,SOC_INFLUENCER_BOOST_03,Social Media,SOC_INFLUENCER_BOOST_03,[np.str_('Social Media')],['SOC_INFLUENCER_BOOST_03'],0,0.0
USR_00598,1,Social Media,SOC_INFLUENCER_BOOST_03,Social Media,SOC_INFLUENCER_BOOST_03,Social Media,SOC_INFLUENCER_BOOST_03,[np.str_('Social Media')],['SOC_INFLUENCER_BOOST_03'],0,0.0
USR_00599,1,Social Media,SOC_INFLUENCER_BOOST_03,Social Media,SOC_INFLUENCER_BOOST_03,Social Media,SOC_INFLUENCER_BOOST_03,[np.str_('Social Media')],['SOC_INFLUENCER_BOOST_03'],0,0.0
USR_00600,1,Social Media,SOC_PROSP_LOOKALIKE_01,Social Media,SOC_PROSP_LOOKALIKE_01,Social Media,SOC_PROSP_LOOKALIKE_01,[np.str_('Social Media')],['SOC_PROSP_LOOKALIKE_01'],0,0.0
USR_00601,2,Social Media > Paid Search,SOC_PROSP_LOOKALIKE_01 > SEM_COMPETITOR_03,Social Media,SOC_PROSP_LOOKALIKE_01,Paid Search,SEM_COMPETITOR_03,"[np.str_('Social Media'), np.str_('Paid Search')]","['SOC_PROSP_LOOKALIKE_01', 'SEM_COMPETITOR_03']",0,0.0
USR_00602,2,Display > Paid Search,DSP_RETARG_ABANDON_02 > SEM_BRAND_01,Display,DSP_RETARG_ABANDON_02,Paid Search,SEM_BRAND_01,"[np.str_('Display'), np.str_('Paid Search')]","['DSP_RETARG_ABANDON_02', 'SEM_BRAND_01']",0,0.0
USR_00603,1,Social Media,SOC_PROSP_LOOKALIKE_01,Social Media,SOC_PROSP_LOOKALIKE_01,Social Media,SOC_PROSP_LOOKALIKE_01,[np.str_('Social Media')],['SOC_PROSP_LOOKALIKE_01'],0,0.0
USR_00604,3,Paid Search > Paid Search > Social Media,SEM_BRAND_01 > SEM_BRAND_01 > SOC_PROSP_LOOKALIKE_01,Paid Search,SEM_BRAND_01,Social Media,SOC_PROSP_LOOKALIKE_01,"[np.str_('Paid Search'), np.str_('Paid Search'), np.str_('Social Media')]","['SEM_BRAND_01', 'SEM_BRAND_01', 'SOC_PROSP_LOOKALIKE_01']",0,0.0
USR_00605,1,Social Media,SOC_RETARG_DPA_02,Social Media,SOC_RETARG_DPA_02,Social Media,SOC_RETARG_DPA_02,[np.str_('Social Media')],['SOC_RETARG_DPA_02'],0,0.0
USR_00606,2,Display > Paid Search,DSP_RETARG_ABANDON_02 > SEM_BRAND_01,Display,DSP_RETARG_ABANDON_02,Paid Search,SEM_BRAND_01,"[np.str_('Display'), np.str_('Paid Search')]","['DSP_RETARG_ABANDON_02', 'SEM_BRAND_01']",0,0.0
USR_00607,1,Paid Search,SEM_BRAND_01,Paid Search,SEM_BRAND_01,Paid Search,SEM_BRAND_01,[np.str_('Paid Search')],['SEM_BRAND_01'],0,0.0
USR_00608,1,Paid Search,SEM_GENERIC_PROD_02,Paid Search,SEM_GENERIC_PROD_02,Paid Search,SEM_GENERIC_PROD_02,[np.str_('Paid Search')],['SEM_GENERIC_PROD_02'],0,0.0
USR_00609,5,Paid Search > Paid Search > Email > Display > Paid Search,SEM_BRAND_01 > SEM_BRAND_01 > EML_NEWSLETTER_WKLY_01 > DSP_RETARG_ABANDON_02 > SEM_COMPETITOR_03,Paid Search,SEM_BRAND_01,Paid Search,SEM_COMPETITOR_03,"[np.str_('Paid Search'), np.str_('Paid Search'), np.str_('Email'), np.str_('Display'), np.str_('Paid Search')]","['SEM_BRAND_01', 'SEM_BRAND_01', 'EML_NEWSLETTER_WKLY_01', 'DSP_RETARG_ABANDON_02', 'SEM_COMPETITOR_03']",0,0.0
USR_00610,2,Organic Search > Display,SEO_ORGANIC_DIRECT > DSP_RETARG_ABANDON_02,Organic Search,SEO_ORGANIC_DIRECT,Display,DSP_RETARG_ABANDON_02,"[np.str_('Organic Search'), np.str_('Display')]","['SEO_ORGANIC_DIRECT', 'DSP_RETARG_ABANDON_02']",0,0.0
USR_00611,2,Organic Search > Email,SEO_ORGANIC_DIRECT > EML_ABANDONED_CART_02,Organic Search,SEO_ORGANIC_DIRECT,Email,EML_ABANDONED_CART_02,"[np.str_('Organic Search'), np.str_('Email')]","['SEO_ORGANIC_DIRECT', 'EML_ABANDONED_CART_02']",0,0.0
USR_00612,1,Organic Search,SEO_ORGANIC_DIRECT,Organic Search,SEO_ORGANIC_DIRECT,Organic Search,SEO_ORGANIC_DIRECT,[np.str_('Organic Search')],['SEO_ORGANIC_DIRECT'],0,0.0
USR_00613,5,Display > Email > Social Media > Organic Search > Email,DSP_PROG_AWARE_01 > EML_ABANDONED_CART_02 > SOC_INFLUENCER_BOOST_03 > SEO_ORGANIC_DIRECT > EML_ABANDONED_CART_02,Display,DSP_PROG_AWARE_01,Email,EML_ABANDONED_CART_02,"[np.str_('Display'), np.str_('Email'), np.str_('Social Media'), np.str_('Organic Search'), np.str_('Email')]","['DSP_PROG_AWARE_01', 'EML_ABANDONED_CART_02', 'SOC_INFLUENCER_BOOST_03', 'SEO_ORGANIC_DIRECT', 'EML_ABANDONED_CART_02']",0,0.0
USR_00614,4,Display > Paid Search > Paid Search > Social Media,DSP_PROG_AWARE_01 > SEM_GENERIC_PROD_02 > SEM_BRAND_01 > SOC_RETARG_DPA_02,Display,DSP_PROG_AWARE_01,Social Media,SOC_RETARG_DPA_02,"[np.str_('Display'), np.str_('Paid Search'), np.str_('Paid Search'), np.str_('Social Media')]","['DSP_PROG_AWARE_01', 'SEM_GENERIC_PROD_02', 'SEM_BRAND_01', 'SOC_RETARG_DPA_02']",0,0.0
USR_00615,1,Social Media,SOC_INFLUENCER_BOOST_03,Social Media,SOC_INFLUENCER_BOOST_03,Social Media,SOC_INFLUENCER_BOOST_03,[np.str_('Social Media')],['SOC_INFLUENCER_BOOST_03'],0,0.0
USR_00616,1,Social Media,SOC_RETARG_DPA_02,Social Media,SOC_RETARG_DPA_02,Social Media,SOC_RETARG_DPA_02,[np.str_('Social Media')],['SOC_RETARG_DPA_02'],0,0.0
USR_00617,2,Social Media > Paid Search,SOC_PROSP_LOOKALIKE_01 > SEM_COMPETITOR_03,Social Media,SOC_PROSP_LOOKALIKE_01,Paid Search,SEM_COMPETITOR_03,"[np.str_('Social Media'), np.str_('Paid Search')]","['SOC_PROSP_LOOKALIKE_01', 'SEM_COMPETITOR_03']",0,0.0
USR_00618,4,Social Media > Paid Search > Social Media > Organic Search,SOC_INFLUENCER_BOOST_03 > SEM_COMPETITOR_03 > SOC_RETARG_DPA_02 > SEO_ORGANIC_DIRECT,Social Media,SOC_INFLUENCER_BOOST_03,Organic Search,SEO_ORGANIC_DIRECT,"[np.str_('Social Media'), np.str_('Paid Search'), np.str_('Social Media'), np.str_('Organic Search')]","['SOC_INFLUENCER_BOOST_03', 'SEM_COMPETITOR_03', 'SOC_RETARG_DPA_02', 'SEO_ORGANIC_DIRECT']",0,0.0
USR_00619,1,Display,DSP_RETARG_ABANDON_02,Display,DSP_RETARG_ABANDON_02,Display,DSP_RETARG_ABANDON_02,[np.str_('Display')],['DSP_RETARG_ABANDON_02'],0,0.0
USR_00620,1,Display,DSP_RETARG_ABANDON_02,Display,DSP_RETARG_ABANDON_02,Display,DSP_RETARG_ABANDON_02,[np.str_('Display')],['DSP_RETARG_ABANDON_02'],0,0.0
USR_00621,5,Social Media > Social Media > Display > Social Media > Paid Search,SOC_PROSP_LOOKALIKE_01 > SOC_PROSP_LOOKALIKE_01 > DSP_RETARG_ABANDON_02 > SOC_RETARG_DPA_02 > SEM_BRAND_01,Social Media,SOC_PROSP_LOOKALIKE_01,Paid Search,SEM_BRAND_01,"[np.str_('Social Media'), np.str_('Social Media'), np.str_('Display'), np.str_('Social Media'), np.str_('Paid Search')]","['SOC_PROSP_LOOKALIKE_01', 'SOC_PROSP_LOOKALIKE_01', 'DSP_RETARG_ABANDON_02', 'SOC_RETARG_DPA_02', 'SEM_BRAND_01']",1,101.98
USR_00622,1,Social Media,SOC_PROSP_LOOKALIKE_01,Social Media,SOC_PROSP_LOOKALIKE_01,Social Media,SOC_PROSP_LOOKALIKE_01,[np.str_('Social Media')],['SOC_PROSP_LOOKALIKE_01'],0,0.0
USR_00623,3,Organic Search > Display > Paid Search,SEO_ORGANIC_DIRECT > DSP_RETARG_ABANDON_02 > SEM_GENERIC_PROD_02,Organic Search,SEO_ORGANIC_DIRECT,Paid Search,SEM_GENERIC_PROD_02,"[np.str_('Organic Search'), np.str_('Display'), np.str_('Paid Search')]","['SEO_ORGANIC_DIRECT', 'DSP_RETARG_ABANDON_02', 'SEM_GENERIC_PROD_02']",0,0.0
USR_00624,1,Email,EML_ABANDONED_CART_02,Email,EML_ABANDONED_CART_02,Email,EML_ABANDONED_CART_02,[np.str_('Email')],['EML_ABANDONED_CART_02'],0,0.0
USR_00625,2,Display > Display,DSP_RETARG_ABANDON_02 > DSP_RETARG_ABANDON_02,Display,DSP_RETARG_ABANDON_02,Display,DSP_RETARG_ABANDON_02,"[np.str_('Display'), np.str_('Display')]","['DSP_RETARG_ABANDON_02', 'DSP_RETARG_ABANDON_02']",0,0.0
USR_00626,2,Paid Search > Paid Search,SEM_COMPETITOR_03 > SEM_COMPETITOR_03,Paid Search,SEM_COMPETITOR_03,Paid Search,SEM_COMPETITOR_03,"[np.str_('Paid Search'), np.str_('Paid Search')]","['SEM_COMPETITOR_03', 'SEM_COMPETITOR_03']",0,0.0
USR_00627,1,Paid Search,SEM_COMPETITOR_03,Paid Search,SEM_COMPETITOR_03,Paid Search,SEM_COMPETITOR_03,[np.str_('Paid Search')],['SEM_COMPETITOR_03'],0,0.0
USR_00628,1,Display,DSP_PROG_AWARE_01,Display,DSP_PROG_AWARE_01,Display,DSP_PROG_AWARE_01,[np.str_('Display')],['DSP_PROG_AWARE_01'],0,0.0
USR_00629,1,Paid Search,SEM_BRAND_01,Paid Search,SEM_BRAND_01,Paid Search,SEM_BRAND_01,[np.str_('Paid Search')],['SEM_BRAND_01'],0,0.0
USR_00630,5,Social Media > Organic Search > Social Media > Paid Search > Social Media,SOC_INFLUENCER_BOOST_03 > SEO_ORGANIC_DIRECT > SOC_PROSP_LOOKALIKE_01 > SEM_COMPETITOR_03 > SOC_INFLUENCER_BOOST_03,Social Media,SOC_INFLUENCER_BOOST_03,Social Media,SOC_INFLUENCER_BOOST_03,"[np.str_('Social Media'), np.str_('Organic Search'), np.str_('Social Media'), np.str_('Paid Search'), np.str_('Social Media')]","['SOC_INFLUENCER_BOOST_03', 'SEO_ORGANIC_DIRECT', 'SOC_PROSP_LOOKALIKE_01', 'SEM_COMPETITOR_03', 'SOC_INFLUENCER_BOOST_03']",1,140.49
USR_00631,1,Organic Search,SEO_ORGANIC_DIRECT,Organic Search,SEO_ORGANIC_DIRECT,Organic Search,SEO_ORGANIC_DIRECT,[np.str_('Organic Search')],['SEO_ORGANIC_DIRECT'],0,0.0
USR_00632,1,Display,DSP_RETARG_ABANDON_02,Display,DSP_RETARG_ABANDON_02,Display,DSP_RETARG_ABANDON_02,[np.str_('Display')],['DSP_RETARG_ABANDON_02'],0,0.0
USR_00633,1,Social Media,SOC_RETARG_DPA_02,Social Media,SOC_RETARG_DPA_02,Social Media,SOC_RETARG_DPA_02,[np.str_('Social Media')],['SOC_RETARG_DPA_02'],0,0.0
USR_00634,1,Social Media,SOC_PROSP_LOOKALIKE_01,Social Media,SOC_PROSP_LOOKALIKE_01,Social Media,SOC_PROSP_LOOKALIKE_01,[np.str_('Social Media')],['SOC_PROSP_LOOKALIKE_01'],0,0.0
USR_00635,4,Email > Organic Search > Social Media > Paid Search,EML_ABANDONED_CART_02 > SEO_ORGANIC_DIRECT > SOC_RETARG_DPA_02 > SEM_GENERIC_PROD_02,Email,EML_ABANDONED_CART_02,Paid Search,SEM_GENERIC_PROD_02,"[np.str_('Email'), np.str_('Organic Search'), np.str_('Social Media'), np.str_('Paid Search')]","['EML_ABANDONED_CART_02', 'SEO_ORGANIC_DIRECT', 'SOC_RETARG_DPA_02', 'SEM_GENERIC_PROD_02']",0,0.0
USR_00636,1,Display,DSP_RETARG_ABANDON_02,Display,DSP_RETARG_ABANDON_02,Display,DSP_RETARG_ABANDON_02,[np.str_('Display')],['DSP_RETARG_ABANDON_02'],0,0.0
USR_00637,5,Display > Social Media > Paid Search > Display > Organic Search,DSP_RETARG_ABANDON_02 > SOC_RETARG_DPA_02 > SEM_GENERIC_PROD_02 > DSP_RETARG_ABANDON_02 > SEO_ORGANIC_DIRECT,Display,DSP_RETARG_ABANDON_02,Organic Search,SEO_ORGANIC_DIRECT,"[np.str_('Display'), np.str_('Social Media'), np.str_('Paid Search'), np.str_('Display'), np.str_('Organic Search')]","['DSP_RETARG_ABANDON_02', 'SOC_RETARG_DPA_02', 'SEM_GENERIC_PROD_02', 'DSP_RETARG_ABANDON_02', 'SEO_ORGANIC_DIRECT']",0,0.0
USR_00638,1,Email,EML_NEWSLETTER_WKLY_01,Email,EML_NEWSLETTER_WKLY_01,Email,EML_NEWSLETTER_WKLY_01,[np.str_('Email')],['EML_NEWSLETTER_WKLY_01'],0,0.0
USR_00639,5,Social Media > Display > Display > Display > Paid Search,SOC_PROSP_LOOKALIKE_01 > DSP_PROG_AWARE_01 > DSP_RETARG_ABANDON_02 > DSP_RETARG_ABANDON_02 > SEM_BRAND_01,Social Media,SOC_PROSP_LOOKALIKE_01,Paid Search,SEM_BRAND_01,"[np.str_('Social Media'), np.str_('Display'), np.str_('Display'), np.str_('Display'), np.str_('Paid Search')]","['SOC_PROSP_LOOKALIKE_01', 'DSP_PROG_AWARE_01', 'DSP_RETARG_ABANDON_02', 'DSP_RETARG_ABANDON_02', 'SEM_BRAND_01']",0,0.0
USR_00640,4,Display > Display > Email > Paid Search,DSP_RETARG_ABANDON_02 > DSP_RETARG_ABANDON_02 > EML_ABANDONED_CART_02 > SEM_GENERIC_PROD_02,Display,DSP_RETARG_ABANDON_02,Paid Search,SEM_GENERIC_PROD_02,"[np.str_('Display'), np.str_('Display'), np.str_('Email'), np.str_('Paid Search')]","['DSP_RETARG_ABANDON_02', 'DSP_RETARG_ABANDON_02', 'EML_ABANDONED_CART_02', 'SEM_GENERIC_PROD_02']",0,0.0
USR_00641,5,Paid Search > Social Media > Paid Search > Paid Search > Display,SEM_GENERIC_PROD_02 > SOC_RETARG_DPA_02 > SEM_COMPETITOR_03 > SEM_GENERIC_PROD_02 > DSP_RETARG_ABANDON_02,Paid Search,SEM_GENERIC_PROD_02,Display,DSP_RETARG_ABANDON_02,"[np.str_('Paid Search'), np.str_('Social Media'), np.str_('Paid Search'), np.str_('Paid Search'), np.str_('Display')]","['SEM_GENERIC_PROD_02', 'SOC_RETARG_DPA_02', 'SEM_COMPETITOR_03', 'SEM_GENERIC_PROD_02', 'DSP_RETARG_ABANDON_02']",0,0.0
USR_00642,4,Paid Search > Social Media > Paid Search > Paid Search,SEM_GENERIC_PROD_02 > SOC_PROSP_LOOKALIKE_01 > SEM_BRAND_01 > SEM_COMPETITOR_03,Paid Search,SEM_GENERIC_PROD_02,Paid Search,SEM_COMPETITOR_03,"[np.str_('Paid Search'), np.str_('Social Media'), np.str_('Paid Search'), np.str_('Paid Search')]","['SEM_GENERIC_PROD_02', 'SOC_PROSP_LOOKALIKE_01', 'SEM_BRAND_01', 'SEM_COMPETITOR_03']",0,0.0
USR_00643,3,Social Media > Email > Email,SOC_INFLUENCER_BOOST_03 > EML_NEWSLETTER_WKLY_01 > EML_NEWSLETTER_WKLY_01,Social Media,SOC_INFLUENCER_BOOST_03,Email,EML_NEWSLETTER_WKLY_01,"[np.str_('Social Media'), np.str_('Email'), np.str_('Email')]","['SOC_INFLUENCER_BOOST_03', 'EML_NEWSLETTER_WKLY_01', 'EML_NEWSLETTER_WKLY_01']",0,0.0
USR_00644,2,Social Media > Paid Search,SOC_INFLUENCER_BOOST_03 > SEM_GENERIC_PROD_02,Social Media,SOC_INFLUENCER_BOOST_03,Paid Search,SEM_GENERIC_PROD_02,"[np.str_('Social Media'), np.str_('Paid Search')]","['SOC_INFLUENCER_BOOST_03', 'SEM_GENERIC_PROD_02']",0,0.0
USR_00645,2,Paid Search > Organic Search,SEM_GENERIC_PROD_02 > SEO_ORGANIC_DIRECT,Paid Search,SEM_GENERIC_PROD_02,Organic Search,SEO_ORGANIC_DIRECT,"[np.str_('Paid Search'), np.str_('Organic Search')]","['SEM_GENERIC_PROD_02', 'SEO_ORGANIC_DIRECT']",0,0.0
USR_00646,5,Email > Paid Search > Display > Social Media > Email,EML_NEWSLETTER_WKLY_01 > SEM_COMPETITOR_03 > DSP_RETARG_ABANDON_02 > SOC_PROSP_LOOKALIKE_01 > EML_NEWSLETTER_WKLY_01,Email,EML_NEWSLETTER_WKLY_01,Email,EML_NEWSLETTER_WKLY_01,"[np.str_('Email'), np.str_('Paid Search'), np.str_('Display'), np.str_('Social Media'), np.str_('Email')]","['EML_NEWSLETTER_WKLY_01', 'SEM_COMPETITOR_03', 'DSP_RETARG_ABANDON_02', 'SOC_PROSP_LOOKALIKE_01', 'EML_NEWSLETTER_WKLY_01']",1,112.99
USR_00647,1,Social Media,SOC_RETARG_DPA_02,Social Media,SOC_RETARG_DPA_02,Social Media,SOC_RETARG_DPA_02,[np.str_('Social Media')],['SOC_RETARG_DPA_02'],0,0.0
USR_00648,2,Social Media > Email,SOC_INFLUENCER_BOOST_03 > EML_WINBACK_90D_03,Social Media,SOC_INFLUENCER_BOOST_03,Email,EML_WINBACK_90D_03,"[np.str_('Social Media'), np.str_('Email')]","['SOC_INFLUENCER_BOOST_03', 'EML_WINBACK_90D_03']",0,0.0
USR_00649,3,Display > Paid Search > Paid Search,DSP_RETARG_ABANDON_02 > SEM_GENERIC_PROD_02 > SEM_BRAND_01,Display,DSP_RETARG_ABANDON_02,Paid Search,SEM_BRAND_01,"[np.str_('Display'), np.str_('Paid Search'), np.str_('Paid Search')]","['DSP_RETARG_ABANDON_02', 'SEM_GENERIC_PROD_02', 'SEM_BRAND_01']",0,0.0
USR_00650,2,Social Media > Display,SOC_INFLUENCER_BOOST_03 > DSP_RETARG_ABANDON_02,Social Media,SOC_INFLUENCER_BOOST_03,Display,DSP_RETARG_ABANDON_02,"[np.str_('Social Media'), np.str_('Display')]","['SOC_INFLUENCER_BOOST_03', 'DSP_RETARG_ABANDON_02']",0,0.0
USR_00651,2,Paid Search > Social Media,SEM_COMPETITOR_03 > SOC_RETARG_DPA_02,Paid Search,SEM_COMPETITOR_03,Social Media,SOC_RETARG_DPA_02,"[np.str_('Paid Search'), np.str_('Social Media')]","['SEM_COMPETITOR_03', 'SOC_RETARG_DPA_02']",1,121.22
USR_00652,3,Display > Display > Social Media,DSP_RETARG_ABANDON_02 > DSP_RETARG_ABANDON_02 > SOC_PROSP_LOOKALIKE_01,Display,DSP_RETARG_ABANDON_02,Social Media,SOC_PROSP_LOOKALIKE_01,"[np.str_('Display'), np.str_('Display'), np.str_('Social Media')]","['DSP_RETARG_ABANDON_02', 'DSP_RETARG_ABANDON_02', 'SOC_PROSP_LOOKALIKE_01']",0,0.0
USR_00653,2,Social Media > Paid Search,SOC_INFLUENCER_BOOST_03 > SEM_BRAND_01,Social Media,SOC_INFLUENCER_BOOST_03,Paid Search,SEM_BRAND_01,"[np.str_('Social Media'), np.str_('Paid Search')]","['SOC_INFLUENCER_BOOST_03', 'SEM_BRAND_01']",0,0.0
USR_00654,1,Social Media,SOC_INFLUENCER_BOOST_03,Social Media,SOC_INFLUENCER_BOOST_03,Social Media,SOC_INFLUENCER_BOOST_03,[np.str_('Social Media')],['SOC_INFLUENCER_BOOST_03'],0,0.0
USR_00655,1,Paid Search,SEM_BRAND_01,Paid Search,SEM_BRAND_01,Paid Search,SEM_BRAND_01,[np.str_('Paid Search')],['SEM_BRAND_01'],0,0.0
USR_00656,4,Social Media > Display > Social Media > Paid Search,SOC_RETARG_DPA_02 > DSP_RETARG_ABANDON_02 > SOC_INFLUENCER_BOOST_03 > SEM_COMPETITOR_03,Social Media,SOC_RETARG_DPA_02,Paid Search,SEM_COMPETITOR_03,"[np.str_('Social Media'), np.str_('Display'), np.str_('Social Media'), np.str_('Paid Search')]","['SOC_RETARG_DPA_02', 'DSP_RETARG_ABANDON_02', 'SOC_INFLUENCER_BOOST_03', 'SEM_COMPETITOR_03']",0,0.0
USR_00657,5,Social Media > Social Media > Email > Email > Email,SOC_INFLUENCER_BOOST_03 > SOC_RETARG_DPA_02 > EML_NEWSLETTER_WKLY_01 > EML_WINBACK_90D_03 > EML_NEWSLETTER_WKLY_01,Social Media,SOC_INFLUENCER_BOOST_03,Email,EML_NEWSLETTER_WKLY_01,"[np.str_('Social Media'), np.str_('Social Media'), np.str_('Email'), np.str_('Email'), np.str_('Email')]","['SOC_INFLUENCER_BOOST_03', 'SOC_RETARG_DPA_02', 'EML_NEWSLETTER_WKLY_01', 'EML_WINBACK_90D_03', 'EML_NEWSLETTER_WKLY_01']",0,0.0
USR_00658,1,Social Media,SOC_RETARG_DPA_02,Social Media,SOC_RETARG_DPA_02,Social Media,SOC_RETARG_DPA_02,[np.str_('Social Media')],['SOC_RETARG_DPA_02'],0,0.0
USR_00659,2,Display > Email,DSP_PROG_AWARE_01 > EML_ABANDONED_CART_02,Display,DSP_PROG_AWARE_01,Email,EML_ABANDONED_CART_02,"[np.str_('Display'), np.str_('Email')]","['DSP_PROG_AWARE_01', 'EML_ABANDONED_CART_02']",0,0.0
USR_00660,5,Social Media > Paid Search > Social Media > Social Media > Paid Search,SOC_PROSP_LOOKALIKE_01 > SEM_GENERIC_PROD_02 > SOC_RETARG_DPA_02 > SOC_PROSP_LOOKALIKE_01 > SEM_BRAND_01,Social Media,SOC_PROSP_LOOKALIKE_01,Paid Search,SEM_BRAND_01,"[np.str_('Social Media'), np.str_('Paid Search'), np.str_('Social Media'), np.str_('Social Media'), np.str_('Paid Search')]","['SOC_PROSP_LOOKALIKE_01', 'SEM_GENERIC_PROD_02', 'SOC_RETARG_DPA_02', 'SOC_PROSP_LOOKALIKE_01', 'SEM_BRAND_01']",0,0.0
USR_00661,2,Display > Email,DSP_PROG_AWARE_01 > EML_NEWSLETTER_WKLY_01,Display,DSP_PROG_AWARE_01,Email,EML_NEWSLETTER_WKLY_01,"[np.str_('Display'), np.str_('Email')]","['DSP_PROG_AWARE_01', 'EML_NEWSLETTER_WKLY_01']",0,0.0
USR_00662,1,Organic Search,SEO_ORGANIC_DIRECT,Organic Search,SEO_ORGANIC_DIRECT,Organic Search,SEO_ORGANIC_DIRECT,[np.str_('Organic Search')],['SEO_ORGANIC_DIRECT'],0,0.0
USR_00663,1,Social Media,SOC_PROSP_LOOKALIKE_01,Social Media,SOC_PROSP_LOOKALIKE_01,Social Media,SOC_PROSP_LOOKALIKE_01,[np.str_('Social Media')],['SOC_PROSP_LOOKALIKE_01'],0,0.0
USR_00664,5,Display > Display > Display > Email > Organic Search,DSP_RETARG_ABANDON_02 > DSP_PROG_AWARE_01 > DSP_RETARG_ABANDON_02 > EML_WINBACK_90D_03 > SEO_ORGANIC_DIRECT,Display,DSP_RETARG_ABANDON_02,Organic Search,SEO_ORGANIC_DIRECT,"[np.str_('Display'), np.str_('Display'), np.str_('Display'), np.str_('Email'), np.str_('Organic Search')]","['DSP_RETARG_ABANDON_02', 'DSP_PROG_AWARE_01', 'DSP_RETARG_ABANDON_02', 'EML_WINBACK_90D_03', 'SEO_ORGANIC_DIRECT']",0,0.0
USR_00665,1,Organic Search,SEO_ORGANIC_DIRECT,Organic Search,SEO_ORGANIC_DIRECT,Organic Search,SEO_ORGANIC_DIRECT,[np.str_('Organic Search')],['SEO_ORGANIC_DIRECT'],0,0.0
USR_00666,2,Social Media > Paid Search,SOC_RETARG_DPA_02 > SEM_COMPETITOR_03,Social Media,SOC_RETARG_DPA_02,Paid Search,SEM_COMPETITOR_03,"[np.str_('Social Media'), np.str_('Paid Search')]","['SOC_RETARG_DPA_02', 'SEM_COMPETITOR_03']",0,0.0
USR_00667,3,Paid Search > Social Media > Paid Search,SEM_BRAND_01 > SOC_INFLUENCER_BOOST_03 > SEM_COMPETITOR_03,Paid Search,SEM_BRAND_01,Paid Search,SEM_COMPETITOR_03,"[np.str_('Paid Search'), np.str_('Social Media'), np.str_('Paid Search')]","['SEM_BRAND_01', 'SOC_INFLUENCER_BOOST_03', 'SEM_COMPETITOR_03']",0,0.0
USR_00668,3,Paid Search > Social Media > Paid Search,SEM_BRAND_01 > SOC_INFLUENCER_BOOST_03 > SEM_GENERIC_PROD_02,Paid Search,SEM_BRAND_01,Paid Search,SEM_GENERIC_PROD_02,"[np.str_('Paid Search'), np.str_('Social Media'), np.str_('Paid Search')]","['SEM_BRAND_01', 'SOC_INFLUENCER_BOOST_03', 'SEM_GENERIC_PROD_02']",0,0.0
USR_00669,2,Display > Organic Search,DSP_PROG_AWARE_01 > SEO_ORGANIC_DIRECT,Display,DSP_PROG_AWARE_01,Organic Search,SEO_ORGANIC_DIRECT,"[np.str_('Display'), np.str_('Organic Search')]","['DSP_PROG_AWARE_01', 'SEO_ORGANIC_DIRECT']",0,0.0
USR_00670,1,Paid Search,SEM_COMPETITOR_03,Paid Search,SEM_COMPETITOR_03,Paid Search,SEM_COMPETITOR_03,[np.str_('Paid Search')],['SEM_COMPETITOR_03'],0,0.0
USR_00671,1,Display,DSP_RETARG_ABANDON_02,Display,DSP_RETARG_ABANDON_02,Display,DSP_RETARG_ABANDON_02,[np.str_('Display')],['DSP_RETARG_ABANDON_02'],0,0.0
USR_00672,5,Organic Search > Paid Search > Email > Email > Paid Search,SEO_ORGANIC_DIRECT > SEM_COMPETITOR_03 > EML_ABANDONED_CART_02 > EML_NEWSLETTER_WKLY_01 > SEM_GENERIC_PROD_02,Organic Search,SEO_ORGANIC_DIRECT,Paid Search,SEM_GENERIC_PROD_02,"[np.str_('Organic Search'), np.str_('Paid Search'), np.str_('Email'), np.str_('Email'), np.str_('Paid Search')]","['SEO_ORGANIC_DIRECT', 'SEM_COMPETITOR_03', 'EML_ABANDONED_CART_02', 'EML_NEWSLETTER_WKLY_01', 'SEM_GENERIC_PROD_02']",1,103.58
USR_00673,2,Social Media > Email,SOC_RETARG_DPA_02 > EML_WINBACK_90D_03,Social Media,SOC_RETARG_DPA_02,Email,EML_WINBACK_90D_03,"[np.str_('Social Media'), np.str_('Email')]","['SOC_RETARG_DPA_02', 'EML_WINBACK_90D_03']",0,0.0
USR_00674,1,Organic Search,SEO_ORGANIC_DIRECT,Organic Search,SEO_ORGANIC_DIRECT,Organic Search,SEO_ORGANIC_DIRECT,[np.str_('Organic Search')],['SEO_ORGANIC_DIRECT'],0,0.0
USR_00675,2,Email > Organic Search,EML_ABANDONED_CART_02 > SEO_ORGANIC_DIRECT,Email,EML_ABANDONED_CART_02,Organic Search,SEO_ORGANIC_DIRECT,"[np.str_('Email'), np.str_('Organic Search')]","['EML_ABANDONED_CART_02', 'SEO_ORGANIC_DIRECT']",1,62.53
USR_00676,1,Social Media,SOC_INFLUENCER_BOOST_03,Social Media,SOC_INFLUENCER_BOOST_03,Social Media,SOC_INFLUENCER_BOOST_03,[np.str_('Social Media')],['SOC_INFLUENCER_BOOST_03'],0,0.0
USR_00677,1,Social Media,SOC_RETARG_DPA_02,Social Media,SOC_RETARG_DPA_02,Social Media,SOC_RETARG_DPA_02,[np.str_('Social Media')],['SOC_RETARG_DPA_02'],0,0.0
USR_00678,1,Social Media,SOC_RETARG_DPA_02,Social Media,SOC_RETARG_DPA_02,Social Media,SOC_RETARG_DPA_02,[np.str_('Social Media')],['SOC_RETARG_DPA_02'],0,0.0
USR_00679,3,Paid Search > Social Media > Organic Search,SEM_GENERIC_PROD_02 > SOC_PROSP_LOOKALIKE_01 > SEO_ORGANIC_DIRECT,Paid Search,SEM_GENERIC_PROD_02,Organic Search,SEO_ORGANIC_DIRECT,"[np.str_('Paid Search'), np.str_('Social Media'), np.str_('Organic Search')]","['SEM_GENERIC_PROD_02', 'SOC_PROSP_LOOKALIKE_01', 'SEO_ORGANIC_DIRECT']",0,0.0
USR_00680,2,Social Media > Paid Search,SOC_PROSP_LOOKALIKE_01 > SEM_GENERIC_PROD_02,Social Media,SOC_PROSP_LOOKALIKE_01,Paid Search,SEM_GENERIC_PROD_02,"[np.str_('Social Media'), np.str_('Paid Search')]","['SOC_PROSP_LOOKALIKE_01', 'SEM_GENERIC_PROD_02']",0,0.0
USR_00681,3,Email > Organic Search > Organic Search,EML_WINBACK_90D_03 > SEO_ORGANIC_DIRECT > SEO_ORGANIC_DIRECT,Email,EML_WINBACK_90D_03,Organic Search,SEO_ORGANIC_DIRECT,"[np.str_('Email'), np.str_('Organic Search'), np.str_('Organic Search')]","['EML_WINBACK_90D_03', 'SEO_ORGANIC_DIRECT', 'SEO_ORGANIC_DIRECT']",1,127.81
USR_00682,2,Social Media > Paid Search,SOC_PROSP_LOOKALIKE_01 > SEM_GENERIC_PROD_02,Social Media,SOC_PROSP_LOOKALIKE_01,Paid Search,SEM_GENERIC_PROD_02,"[np.str_('Social Media'), np.str_('Paid Search')]","['SOC_PROSP_LOOKALIKE_01', 'SEM_GENERIC_PROD_02']",0,0.0
USR_00683,2,Display > Paid Search,DSP_PROG_AWARE_01 > SEM_COMPETITOR_03,Display,DSP_PROG_AWARE_01,Paid Search,SEM_COMPETITOR_03,"[np.str_('Display'), np.str_('Paid Search')]","['DSP_PROG_AWARE_01', 'SEM_COMPETITOR_03']",0,0.0
USR_00684,1,Social Media,SOC_RETARG_DPA_02,Social Media,SOC_RETARG_DPA_02,Social Media,SOC_RETARG_DPA_02,[np.str_('Social Media')],['SOC_RETARG_DPA_02'],0,0.0
USR_00685,1,Organic Search,SEO_ORGANIC_DIRECT,Organic Search,SEO_ORGANIC_DIRECT,Organic Search,SEO_ORGANIC_DIRECT,[np.str_('Organic Search')],['SEO_ORGANIC_DIRECT'],0,0.0
USR_00686,3,Organic Search > Social Media > Display,SEO_ORGANIC_DIRECT > SOC_PROSP_LOOKALIKE_01 > DSP_RETARG_ABANDON_02,Organic Search,SEO_ORGANIC_DIRECT,Display,DSP_RETARG_ABANDON_02,"[np.str_('Organic Search'), np.str_('Social Media'), np.str_('Display')]","['SEO_ORGANIC_DIRECT', 'SOC_PROSP_LOOKALIKE_01', 'DSP_RETARG_ABANDON_02']",0,0.0
USR_00687,1,Display,DSP_PROG_AWARE_01,Display,DSP_PROG_AWARE_01,Display,DSP_PROG_AWARE_01,[np.str_('Display')],['DSP_PROG_AWARE_01'],0,0.0
USR_00688,1,Paid Search,SEM_GENERIC_PROD_02,Paid Search,SEM_GENERIC_PROD_02,Paid Search,SEM_GENERIC_PROD_02,[np.str_('Paid Search')],['SEM_GENERIC_PROD_02'],1,179.98
USR_00689,2,Organic Search > Social Media,SEO_ORGANIC_DIRECT > SOC_INFLUENCER_BOOST_03,Organic Search,SEO_ORGANIC_DIRECT,Social Media,SOC_INFLUENCER_BOOST_03,"[np.str_('Organic Search'), np.str_('Social Media')]","['SEO_ORGANIC_DIRECT', 'SOC_INFLUENCER_BOOST_03']",0,0.0
USR_00690,1,Display,DSP_PROG_AWARE_01,Display,DSP_PROG_AWARE_01,Display,DSP_PROG_AWARE_01,[np.str_('Display')],['DSP_PROG_AWARE_01'],0,0.0
USR_00691,1,Paid Search,SEM_BRAND_01,Paid Search,SEM_BRAND_01,Paid Search,SEM_BRAND_01,[np.str_('Paid Search')],['SEM_BRAND_01'],0,0.0
USR_00692,3,Social Media > Organic Search > Paid Search,SOC_INFLUENCER_BOOST_03 > SEO_ORGANIC_DIRECT > SEM_COMPETITOR_03,Social Media,SOC_INFLUENCER_BOOST_03,Paid Search,SEM_COMPETITOR_03,"[np.str_('Social Media'), np.str_('Organic Search'), np.str_('Paid Search')]","['SOC_INFLUENCER_BOOST_03', 'SEO_ORGANIC_DIRECT', 'SEM_COMPETITOR_03']",0,0.0
USR_00693,1,Paid Search,SEM_GENERIC_PROD_02,Paid Search,SEM_GENERIC_PROD_02,Paid Search,SEM_GENERIC_PROD_02,[np.str_('Paid Search')],['SEM_GENERIC_PROD_02'],0,0.0
USR_00694,1,Organic Search,SEO_ORGANIC_DIRECT,Organic Search,SEO_ORGANIC_DIRECT,Organic Search,SEO_ORGANIC_DIRECT,[np.str_('Organic Search')],['SEO_ORGANIC_DIRECT'],0,0.0
USR_00695,2,Social Media > Organic Search,SOC_INFLUENCER_BOOST_03 > SEO_ORGANIC_DIRECT,Social Media,SOC_INFLUENCER_BOOST_03,Organic Search,SEO_ORGANIC_DIRECT,"[np.str_('Social Media'), np.str_('Organic Search')]","['SOC_INFLUENCER_BOOST_03', 'SEO_ORGANIC_DIRECT']",0,0.0
USR_00696,1,Email,EML_NEWSLETTER_WKLY_01,Email,EML_NEWSLETTER_WKLY_01,Email,EML_NEWSLETTER_WKLY_01,[np.str_('Email')],['EML_NEWSLETTER_WKLY_01'],1,78.83
USR_00697,5,Social Media > Social Media > Display > Display > Paid Search,SOC_RETARG_DPA_02 > SOC_PROSP_LOOKALIKE_01 > DSP_RETARG_ABANDON_02 > DSP_RETARG_ABANDON_02 > SEM_BRAND_01,Social Media,SOC_RETARG_DPA_02,Paid Search,SEM_BRAND_01,"[np.str_('Social Media'), np.str_('Social Media'), np.str_('Display'), np.str_('Display'), np.str_('Paid Search')]","['SOC_RETARG_DPA_02', 'SOC_PROSP_LOOKALIKE_01', 'DSP_RETARG_ABANDON_02', 'DSP_RETARG_ABANDON_02', 'SEM_BRAND_01']",0,0.0
USR_00698,1,Paid Search,SEM_COMPETITOR_03,Paid Search,SEM_COMPETITOR_03,Paid Search,SEM_COMPETITOR_03,[np.str_('Paid Search')],['SEM_COMPETITOR_03'],0,0.0
USR_00699,2,Organic Search > Social Media,SEO_ORGANIC_DIRECT > SOC_RETARG_DPA_02,Organic Search,SEO_ORGANIC_DIRECT,Social Media,SOC_RETARG_DPA_02,"[np.str_('Organic Search'), np.str_('Social Media')]","['SEO_ORGANIC_DIRECT', 'SOC_RETARG_DPA_02']",0,0.0
USR_00700,4,Social Media > Paid Search > Paid Search > Display,SOC_INFLUENCER_BOOST_03 > SEM_COMPETITOR_03 > SEM_GENERIC_PROD_02 > DSP_PROG_AWARE_01,Social Media,SOC_INFLUENCER_BOOST_03,Display,DSP_PROG_AWARE_01,"[np.str_('Social Media'), np.str_('Paid Search'), np.str_('Paid Search'), np.str_('Display')]","['SOC_INFLUENCER_BOOST_03', 'SEM_COMPETITOR_03', 'SEM_GENERIC_PROD_02', 'DSP_PROG_AWARE_01']",1,35.04
USR_00701,3,Display > Paid Search > Social Media,DSP_RETARG_ABANDON_02 > SEM_GENERIC_PROD_02 > SOC_PROSP_LOOKALIKE_01,Display,DSP_RETARG_ABANDON_02,Social Media,SOC_PROSP_LOOKALIKE_01,"[np.str_('Display'), np.str_('Paid Search'), np.str_('Social Media')]","['DSP_RETARG_ABANDON_02', 'SEM_GENERIC_PROD_02', 'SOC_PROSP_LOOKALIKE_01']",1,120.35
USR_00702,1,Social Media,SOC_INFLUENCER_BOOST_03,Social Media,SOC_INFLUENCER_BOOST_03,Social Media,SOC_INFLUENCER_BOOST_03,[np.str_('Social Media')],['SOC_INFLUENCER_BOOST_03'],1,95.77
USR_00703,3,Email > Organic Search > Paid Search,EML_WINBACK_90D_03 > SEO_ORGANIC_DIRECT > SEM_GENERIC_PROD_02,Email,EML_WINBACK_90D_03,Paid Search,SEM_GENERIC_PROD_02,"[np.str_('Email'), np.str_('Organic Search'), np.str_('Paid Search')]","['EML_WINBACK_90D_03', 'SEO_ORGANIC_DIRECT', 'SEM_GENERIC_PROD_02']",0,0.0
USR_00704,4,Paid Search > Paid Search > Social Media > Email,SEM_GENERIC_PROD_02 > SEM_COMPETITOR_03 > SOC_PROSP_LOOKALIKE_01 > EML_WINBACK_90D_03,Paid Search,SEM_GENERIC_PROD_02,Email,EML_WINBACK_90D_03,"[np.str_('Paid Search'), np.str_('Paid Search'), np.str_('Social Media'), np.str_('Email')]","['SEM_GENERIC_PROD_02', 'SEM_COMPETITOR_03', 'SOC_PROSP_LOOKALIKE_01', 'EML_WINBACK_90D_03']",0,0.0
USR_00705,2,Social Media > Social Media,SOC_PROSP_LOOKALIKE_01 > SOC_PROSP_LOOKALIKE_01,Social Media,SOC_PROSP_LOOKALIKE_01,Social Media,SOC_PROSP_LOOKALIKE_01,"[np.str_('Social Media'), np.str_('Social Media')]","['SOC_PROSP_LOOKALIKE_01', 'SOC_PROSP_LOOKALIKE_01']",0,0.0
USR_00706,1,Social Media,SOC_PROSP_LOOKALIKE_01,Social Media,SOC_PROSP_LOOKALIKE_01,Social Media,SOC_PROSP_LOOKALIKE_01,[np.str_('Social Media')],['SOC_PROSP_LOOKALIKE_01'],0,0.0
USR_00707,1,Organic Search,SEO_ORGANIC_DIRECT,Organic Search,SEO_ORGANIC_DIRECT,Organic Search,SEO_ORGANIC_DIRECT,[np.str_('Organic Search')],['SEO_ORGANIC_DIRECT'],0,0.0
USR_00708,3,Paid Search > Email > Social Media,SEM_BRAND_01 > EML_ABANDONED_CART_02 > SOC_INFLUENCER_BOOST_03,Paid Search,SEM_BRAND_01,Social Media,SOC_INFLUENCER_BOOST_03,"[np.str_('Paid Search'), np.str_('Email'), np.str_('Social Media')]","['SEM_BRAND_01', 'EML_ABANDONED_CART_02', 'SOC_INFLUENCER_BOOST_03']",1,56.69
USR_00709,4,Paid Search > Display > Social Media > Paid Search,SEM_COMPETITOR_03 > DSP_RETARG_ABANDON_02 > SOC_PROSP_LOOKALIKE_01 > SEM_GENERIC_PROD_02,Paid Search,SEM_COMPETITOR_03,Paid Search,SEM_GENERIC_PROD_02,"[np.str_('Paid Search'), np.str_('Display'), np.str_('Social Media'), np.str_('Paid Search')]","['SEM_COMPETITOR_03', 'DSP_RETARG_ABANDON_02', 'SOC_PROSP_LOOKALIKE_01', 'SEM_GENERIC_PROD_02']",1,124.17
USR_00710,1,Display,DSP_RETARG_ABANDON_02,Display,DSP_RETARG_ABANDON_02,Display,DSP_RETARG_ABANDON_02,[np.str_('Display')],['DSP_RETARG_ABANDON_02'],0,0.0
USR_00711,3,Paid Search > Paid Search > Email,SEM_BRAND_01 > SEM_GENERIC_PROD_02 > EML_WINBACK_90D_03,Paid Search,SEM_BRAND_01,Email,EML_WINBACK_90D_03,"[np.str_('Paid Search'), np.str_('Paid Search'), np.str_('Email')]","['SEM_BRAND_01', 'SEM_GENERIC_PROD_02', 'EML_WINBACK_90D_03']",1,89.78
USR_00712,2,Social Media > Email,SOC_PROSP_LOOKALIKE_01 > EML_ABANDONED_CART_02,Social Media,SOC_PROSP_LOOKALIKE_01,Email,EML_ABANDONED_CART_02,"[np.str_('Social Media'), np.str_('Email')]","['SOC_PROSP_LOOKALIKE_01', 'EML_ABANDONED_CART_02']",0,0.0
USR_00713,1,Social Media,SOC_PROSP_LOOKALIKE_01,Social Media,SOC_PROSP_LOOKALIKE_01,Social Media,SOC_PROSP_LOOKALIKE_01,[np.str_('Social Media')],['SOC_PROSP_LOOKALIKE_01'],0,0.0
USR_00714,1,Social Media,SOC_RETARG_DPA_02,Social Media,SOC_RETARG_DPA_02,Social Media,SOC_RETARG_DPA_02,[np.str_('Social Media')],['SOC_RETARG_DPA_02'],0,0.0
USR_00715,3,Social Media > Organic Search > Paid Search,SOC_INFLUENCER_BOOST_03 > SEO_ORGANIC_DIRECT > SEM_GENERIC_PROD_02,Social Media,SOC_INFLUENCER_BOOST_03,Paid Search,SEM_GENERIC_PROD_02,"[np.str_('Social Media'), np.str_('Organic Search'), np.str_('Paid Search')]","['SOC_INFLUENCER_BOOST_03', 'SEO_ORGANIC_DIRECT', 'SEM_GENERIC_PROD_02']",0,0.0
USR_00716,2,Social Media > Paid Search,SOC_RETARG_DPA_02 > SEM_BRAND_01,Social Media,SOC_RETARG_DPA_02,Paid Search,SEM_BRAND_01,"[np.str_('Social Media'), np.str_('Paid Search')]","['SOC_RETARG_DPA_02', 'SEM_BRAND_01']",0,0.0
USR_00717,1,Social Media,SOC_RETARG_DPA_02,Social Media,SOC_RETARG_DPA_02,Social Media,SOC_RETARG_DPA_02,[np.str_('Social Media')],['SOC_RETARG_DPA_02'],0,0.0
USR_00718,1,Paid Search,SEM_GENERIC_PROD_02,Paid Search,SEM_GENERIC_PROD_02,Paid Search,SEM_GENERIC_PROD_02,[np.str_('Paid Search')],['SEM_GENERIC_PROD_02'],0,0.0
USR_00719,1,Paid Search,SEM_COMPETITOR_03,Paid Search,SEM_COMPETITOR_03,Paid Search,SEM_COMPETITOR_03,[np.str_('Paid Search')],['SEM_COMPETITOR_03'],0,0.0
USR_00720,5,Display > Organic Search > Paid Search > Paid Search > Social Media,DSP_PROG_AWARE_01 > SEO_ORGANIC_DIRECT > SEM_GENERIC_PROD_02 > SEM_BRAND_01 > SOC_RETARG_DPA_02,Display,DSP_PROG_AWARE_01,Social Media,SOC_RETARG_DPA_02,"[np.str_('Display'), np.str_('Organic Search'), np.str_('Paid Search'), np.str_('Paid Search'), np.str_('Social Media')]","['DSP_PROG_AWARE_01', 'SEO_ORGANIC_DIRECT', 'SEM_GENERIC_PROD_02', 'SEM_BRAND_01', 'SOC_RETARG_DPA_02']",0,0.0
USR_00721,1,Social Media,SOC_PROSP_LOOKALIKE_01,Social Media,SOC_PROSP_LOOKALIKE_01,Social Media,SOC_PROSP_LOOKALIKE_01,[np.str_('Social Media')],['SOC_PROSP_LOOKALIKE_01'],0,0.0
USR_00722,1,Paid Search,SEM_BRAND_01,Paid Search,SEM_BRAND_01,Paid Search,SEM_BRAND_01,[np.str_('Paid Search')],['SEM_BRAND_01'],0,0.0
USR_00723,3,Social Media > Paid Search > Paid Search,SOC_RETARG_DPA_02 > SEM_GENERIC_PROD_02 > SEM_BRAND_01,Social Media,SOC_RETARG_DPA_02,Paid Search,SEM_BRAND_01,"[np.str_('Social Media'), np.str_('Paid Search'), np.str_('Paid Search')]","['SOC_RETARG_DPA_02', 'SEM_GENERIC_PROD_02', 'SEM_BRAND_01']",0,0.0
USR_00724,1,Organic Search,SEO_ORGANIC_DIRECT,Organic Search,SEO_ORGANIC_DIRECT,Organic Search,SEO_ORGANIC_DIRECT,[np.str_('Organic Search')],['SEO_ORGANIC_DIRECT'],0,0.0
USR_00725,1,Social Media,SOC_PROSP_LOOKALIKE_01,Social Media,SOC_PROSP_LOOKALIKE_01,Social Media,SOC_PROSP_LOOKALIKE_01,[np.str_('Social Media')],['SOC_PROSP_LOOKALIKE_01'],0,0.0
USR_00726,2,Organic Search > Display,SEO_ORGANIC_DIRECT > DSP_RETARG_ABANDON_02,Organic Search,SEO_ORGANIC_DIRECT,Display,DSP_RETARG_ABANDON_02,"[np.str_('Organic Search'), np.str_('Display')]","['SEO_ORGANIC_DIRECT', 'DSP_RETARG_ABANDON_02']",0,0.0
USR_00727,1,Display,DSP_RETARG_ABANDON_02,Display,DSP_RETARG_ABANDON_02,Display,DSP_RETARG_ABANDON_02,[np.str_('Display')],['DSP_RETARG_ABANDON_02'],0,0.0
USR_00728,5,Display > Email > Paid Search > Display > Social Media,DSP_PROG_AWARE_01 > EML_WINBACK_90D_03 > SEM_GENERIC_PROD_02 > DSP_RETARG_ABANDON_02 > SOC_PROSP_LOOKALIKE_01,Display,DSP_PROG_AWARE_01,Social Media,SOC_PROSP_LOOKALIKE_01,"[np.str_('Display'), np.str_('Email'), np.str_('Paid Search'), np.str_('Display'), np.str_('Social Media')]","['DSP_PROG_AWARE_01', 'EML_WINBACK_90D_03', 'SEM_GENERIC_PROD_02', 'DSP_RETARG_ABANDON_02', 'SOC_PROSP_LOOKALIKE_01']",0,0.0
USR_00729,1,Email,EML_ABANDONED_CART_02,Email,EML_ABANDONED_CART_02,Email,EML_ABANDONED_CART_02,[np.str_('Email')],['EML_ABANDONED_CART_02'],0,0.0
USR_00730,1,Display,DSP_PROG_AWARE_01,Display,DSP_PROG_AWARE_01,Display,DSP_PROG_AWARE_01,[np.str_('Display')],['DSP_PROG_AWARE_01'],0,0.0
USR_00731,2,Paid Search > Display,SEM_GENERIC_PROD_02 > DSP_RETARG_ABANDON_02,Paid Search,SEM_GENERIC_PROD_02,Display,DSP_RETARG_ABANDON_02,"[np.str_('Paid Search'), np.str_('Display')]","['SEM_GENERIC_PROD_02', 'DSP_RETARG_ABANDON_02']",0,0.0
USR_00732,1,Social Media,SOC_RETARG_DPA_02,Social Media,SOC_RETARG_DPA_02,Social Media,SOC_RETARG_DPA_02,[np.str_('Social Media')],['SOC_RETARG_DPA_02'],0,0.0
USR_00733,3,Display > Social Media > Email,DSP_RETARG_ABANDON_02 > SOC_PROSP_LOOKALIKE_01 > EML_ABANDONED_CART_02,Display,DSP_RETARG_ABANDON_02,Email,EML_ABANDONED_CART_02,"[np.str_('Display'), np.str_('Social Media'), np.str_('Email')]","['DSP_RETARG_ABANDON_02', 'SOC_PROSP_LOOKALIKE_01', 'EML_ABANDONED_CART_02']",0,0.0
USR_00734,2,Organic Search > Paid Search,SEO_ORGANIC_DIRECT > SEM_BRAND_01,Organic Search,SEO_ORGANIC_DIRECT,Paid Search,SEM_BRAND_01,"[np.str_('Organic Search'), np.str_('Paid Search')]","['SEO_ORGANIC_DIRECT', 'SEM_BRAND_01']",0,0.0
USR_00735,3,Paid Search > Organic Search > Paid Search,SEM_GENERIC_PROD_02 > SEO_ORGANIC_DIRECT > SEM_COMPETITOR_03,Paid Search,SEM_GENERIC_PROD_02,Paid Search,SEM_COMPETITOR_03,"[np.str_('Paid Search'), np.str_('Organic Search'), np.str_('Paid Search')]","['SEM_GENERIC_PROD_02', 'SEO_ORGANIC_DIRECT', 'SEM_COMPETITOR_03']",0,0.0
USR_00736,2,Paid Search > Organic Search,SEM_COMPETITOR_03 > SEO_ORGANIC_DIRECT,Paid Search,SEM_COMPETITOR_03,Organic Search,SEO_ORGANIC_DIRECT,"[np.str_('Paid Search'), np.str_('Organic Search')]","['SEM_COMPETITOR_03', 'SEO_ORGANIC_DIRECT']",0,0.0
USR_00737,2,Display > Paid Search,DSP_PROG_AWARE_01 > SEM_BRAND_01,Display,DSP_PROG_AWARE_01,Paid Search,SEM_BRAND_01,"[np.str_('Display'), np.str_('Paid Search')]","['DSP_PROG_AWARE_01', 'SEM_BRAND_01']",0,0.0
USR_00738,5,Social Media > Paid Search > Paid Search > Paid Search > Email,SOC_INFLUENCER_BOOST_03 > SEM_COMPETITOR_03 > SEM_COMPETITOR_03 > SEM_GENERIC_PROD_02 > EML_WINBACK_90D_03,Social Media,SOC_INFLUENCER_BOOST_03,Email,EML_WINBACK_90D_03,"[np.str_('Social Media'), np.str_('Paid Search'), np.str_('Paid Search'), np.str_('Paid Search'), np.str_('Email')]","['SOC_INFLUENCER_BOOST_03', 'SEM_COMPETITOR_03', 'SEM_COMPETITOR_03', 'SEM_GENERIC_PROD_02', 'EML_WINBACK_90D_03']",1,70.23
USR_00739,2,Paid Search > Email,SEM_COMPETITOR_03 > EML_NEWSLETTER_WKLY_01,Paid Search,SEM_COMPETITOR_03,Email,EML_NEWSLETTER_WKLY_01,"[np.str_('Paid Search'), np.str_('Email')]","['SEM_COMPETITOR_03', 'EML_NEWSLETTER_WKLY_01']",0,0.0
USR_00740,4,Display > Email > Email > Email,DSP_PROG_AWARE_01 > EML_WINBACK_90D_03 > EML_NEWSLETTER_WKLY_01 > EML_ABANDONED_CART_02,Display,DSP_PROG_AWARE_01,Email,EML_ABANDONED_CART_02,"[np.str_('Display'), np.str_('Email'), np.str_('Email'), np.str_('Email')]","['DSP_PROG_AWARE_01', 'EML_WINBACK_90D_03', 'EML_NEWSLETTER_WKLY_01', 'EML_ABANDONED_CART_02']",0,0.0
USR_00741,3,Organic Search > Organic Search > Display,SEO_ORGANIC_DIRECT > SEO_ORGANIC_DIRECT > DSP_RETARG_ABANDON_02,Organic Search,SEO_ORGANIC_DIRECT,Display,DSP_RETARG_ABANDON_02,"[np.str_('Organic Search'), np.str_('Organic Search'), np.str_('Display')]","['SEO_ORGANIC_DIRECT', 'SEO_ORGANIC_DIRECT', 'DSP_RETARG_ABANDON_02']",0,0.0
USR_00742,2,Organic Search > Social Media,SEO_ORGANIC_DIRECT > SOC_PROSP_LOOKALIKE_01,Organic Search,SEO_ORGANIC_DIRECT,Social Media,SOC_PROSP_LOOKALIKE_01,"[np.str_('Organic Search'), np.str_('Social Media')]","['SEO_ORGANIC_DIRECT', 'SOC_PROSP_LOOKALIKE_01']",0,0.0
USR_00743,5,Display > Display > Email > Email > Paid Search,DSP_RETARG_ABANDON_02 > DSP_PROG_AWARE_01 > EML_ABANDONED_CART_02 > EML_ABANDONED_CART_02 > SEM_BRAND_01,Display,DSP_RETARG_ABANDON_02,Paid Search,SEM_BRAND_01,"[np.str_('Display'), np.str_('Display'), np.str_('Email'), np.str_('Email'), np.str_('Paid Search')]","['DSP_RETARG_ABANDON_02', 'DSP_PROG_AWARE_01', 'EML_ABANDONED_CART_02', 'EML_ABANDONED_CART_02', 'SEM_BRAND_01']",0,0.0
USR_00744,1,Paid Search,SEM_COMPETITOR_03,Paid Search,SEM_COMPETITOR_03,Paid Search,SEM_COMPETITOR_03,[np.str_('Paid Search')],['SEM_COMPETITOR_03'],1,92.7
USR_00745,3,Display > Social Media > Social Media,DSP_RETARG_ABANDON_02 > SOC_RETARG_DPA_02 > SOC_RETARG_DPA_02,Display,DSP_RETARG_ABANDON_02,Social Media,SOC_RETARG_DPA_02,"[np.str_('Display'), np.str_('Social Media'), np.str_('Social Media')]","['DSP_RETARG_ABANDON_02', 'SOC_RETARG_DPA_02', 'SOC_RETARG_DPA_02']",0,0.0
USR_00746,1,Paid Search,SEM_GENERIC_PROD_02,Paid Search,SEM_GENERIC_PROD_02,Paid Search,SEM_GENERIC_PROD_02,[np.str_('Paid Search')],['SEM_GENERIC_PROD_02'],0,0.0
USR_00747,1,Paid Search,SEM_BRAND_01,Paid Search,SEM_BRAND_01,Paid Search,SEM_BRAND_01,[np.str_('Paid Search')],['SEM_BRAND_01'],0,0.0
USR_00748,2,Social Media > Email,SOC_PROSP_LOOKALIKE_01 > EML_ABANDONED_CART_02,Social Media,SOC_PROSP_LOOKALIKE_01,Email,EML_ABANDONED_CART_02,"[np.str_('Social Media'), np.str_('Email')]","['SOC_PROSP_LOOKALIKE_01', 'EML_ABANDONED_CART_02']",0,0.0
USR_00749,1,Social Media,SOC_RETARG_DPA_02,Social Media,SOC_RETARG_DPA_02,Social Media,SOC_RETARG_DPA_02,[np.str_('Social Media')],['SOC_RETARG_DPA_02'],0,0.0
USR_00750,1,Email,EML_NEWSLETTER_WKLY_01,Email,EML_NEWSLETTER_WKLY_01,Email,EML_NEWSLETTER_WKLY_01,[np.str_('Email')],['EML_NEWSLETTER_WKLY_01'],0,0.0
USR_00751,1,Social Media,SOC_INFLUENCER_BOOST_03,Social Media,SOC_INFLUENCER_BOOST_03,Social Media,SOC_INFLUENCER_BOOST_03,[np.str_('Social Media')],['SOC_INFLUENCER_BOOST_03'],0,0.0
USR_00752,3,Email > Organic Search > Organic Search,EML_ABANDONED_CART_02 > SEO_ORGANIC_DIRECT > SEO_ORGANIC_DIRECT,Email,EML_ABANDONED_CART_02,Organic Search,SEO_ORGANIC_DIRECT,"[np.str_('Email'), np.str_('Organic Search'), np.str_('Organic Search')]","['EML_ABANDONED_CART_02', 'SEO_ORGANIC_DIRECT', 'SEO_ORGANIC_DIRECT']",0,0.0
USR_00753,2,Paid Search > Paid Search,SEM_GENERIC_PROD_02 > SEM_GENERIC_PROD_02,Paid Search,SEM_GENERIC_PROD_02,Paid Search,SEM_GENERIC_PROD_02,"[np.str_('Paid Search'), np.str_('Paid Search')]","['SEM_GENERIC_PROD_02', 'SEM_GENERIC_PROD_02']",0,0.0
USR_00754,1,Social Media,SOC_RETARG_DPA_02,Social Media,SOC_RETARG_DPA_02,Social Media,SOC_RETARG_DPA_02,[np.str_('Social Media')],['SOC_RETARG_DPA_02'],0,0.0
USR_00755,1,Organic Search,SEO_ORGANIC_DIRECT,Organic Search,SEO_ORGANIC_DIRECT,Organic Search,SEO_ORGANIC_DIRECT,[np.str_('Organic Search')],['SEO_ORGANIC_DIRECT'],0,0.0
USR_00756,1,Social Media,SOC_PROSP_LOOKALIKE_01,Social Media,SOC_PROSP_LOOKALIKE_01,Social Media,SOC_PROSP_LOOKALIKE_01,[np.str_('Social Media')],['SOC_PROSP_LOOKALIKE_01'],0,0.0
USR_00757,1,Social Media,SOC_INFLUENCER_BOOST_03,Social Media,SOC_INFLUENCER_BOOST_03,Social Media,SOC_INFLUENCER_BOOST_03,[np.str_('Social Media')],['SOC_INFLUENCER_BOOST_03'],0,0.0
USR_00758,1,Display,DSP_PROG_AWARE_01,Display,DSP_PROG_AWARE_01,Display,DSP_PROG_AWARE_01,[np.str_('Display')],['DSP_PROG_AWARE_01'],0,0.0
USR_00759,4,Social Media > Social Media > Paid Search > Email,SOC_INFLUENCER_BOOST_03 > SOC_RETARG_DPA_02 > SEM_BRAND_01 > EML_WINBACK_90D_03,Social Media,SOC_INFLUENCER_BOOST_03,Email,EML_WINBACK_90D_03,"[np.str_('Social Media'), np.str_('Social Media'), np.str_('Paid Search'), np.str_('Email')]","['SOC_INFLUENCER_BOOST_03', 'SOC_RETARG_DPA_02', 'SEM_BRAND_01', 'EML_WINBACK_90D_03']",0,0.0
USR_00760,1,Social Media,SOC_INFLUENCER_BOOST_03,Social Media,SOC_INFLUENCER_BOOST_03,Social Media,SOC_INFLUENCER_BOOST_03,[np.str_('Social Media')],['SOC_INFLUENCER_BOOST_03'],0,0.0
USR_00761,2,Social Media > Email,SOC_INFLUENCER_BOOST_03 > EML_NEWSLETTER_WKLY_01,Social Media,SOC_INFLUENCER_BOOST_03,Email,EML_NEWSLETTER_WKLY_01,"[np.str_('Social Media'), np.str_('Email')]","['SOC_INFLUENCER_BOOST_03', 'EML_NEWSLETTER_WKLY_01']",0,0.0
USR_00762,1,Display,DSP_PROG_AWARE_01,Display,DSP_PROG_AWARE_01,Display,DSP_PROG_AWARE_01,[np.str_('Display')],['DSP_PROG_AWARE_01'],0,0.0
USR_00763,2,Social Media > Email,SOC_INFLUENCER_BOOST_03 > EML_ABANDONED_CART_02,Social Media,SOC_INFLUENCER_BOOST_03,Email,EML_ABANDONED_CART_02,"[np.str_('Social Media'), np.str_('Email')]","['SOC_INFLUENCER_BOOST_03', 'EML_ABANDONED_CART_02']",0,0.0
USR_00764,2,Paid Search > Email,SEM_BRAND_01 > EML_ABANDONED_CART_02,Paid Search,SEM_BRAND_01,Email,EML_ABANDONED_CART_02,"[np.str_('Paid Search'), np.str_('Email')]","['SEM_BRAND_01', 'EML_ABANDONED_CART_02']",0,0.0
USR_00765,2,Paid Search > Paid Search,SEM_COMPETITOR_03 > SEM_COMPETITOR_03,Paid Search,SEM_COMPETITOR_03,Paid Search,SEM_COMPETITOR_03,"[np.str_('Paid Search'), np.str_('Paid Search')]","['SEM_COMPETITOR_03', 'SEM_COMPETITOR_03']",0,0.0
USR_00766,3,Display > Social Media > Organic Search,DSP_PROG_AWARE_01 > SOC_RETARG_DPA_02 > SEO_ORGANIC_DIRECT,Display,DSP_PROG_AWARE_01,Organic Search,SEO_ORGANIC_DIRECT,"[np.str_('Display'), np.str_('Social Media'), np.str_('Organic Search')]","['DSP_PROG_AWARE_01', 'SOC_RETARG_DPA_02', 'SEO_ORGANIC_DIRECT']",0,0.0
USR_00767,1,Paid Search,SEM_GENERIC_PROD_02,Paid Search,SEM_GENERIC_PROD_02,Paid Search,SEM_GENERIC_PROD_02,[np.str_('Paid Search')],['SEM_GENERIC_PROD_02'],0,0.0
USR_00768,1,Email,EML_ABANDONED_CART_02,Email,EML_ABANDONED_CART_02,Email,EML_ABANDONED_CART_02,[np.str_('Email')],['EML_ABANDONED_CART_02'],1,139.03
USR_00769,4,Paid Search > Display > Organic Search > Email,SEM_GENERIC_PROD_02 > DSP_RETARG_ABANDON_02 > SEO_ORGANIC_DIRECT > EML_ABANDONED_CART_02,Paid Search,SEM_GENERIC_PROD_02,Email,EML_ABANDONED_CART_02,"[np.str_('Paid Search'), np.str_('Display'), np.str_('Organic Search'), np.str_('Email')]","['SEM_GENERIC_PROD_02', 'DSP_RETARG_ABANDON_02', 'SEO_ORGANIC_DIRECT', 'EML_ABANDONED_CART_02']",1,117.15
USR_00770,1,Display,DSP_PROG_AWARE_01,Display,DSP_PROG_AWARE_01,Display,DSP_PROG_AWARE_01,[np.str_('Display')],['DSP_PROG_AWARE_01'],0,0.0
USR_00771,1,Email,EML_NEWSLETTER_WKLY_01,Email,EML_NEWSLETTER_WKLY_01,Email,EML_NEWSLETTER_WKLY_01,[np.str_('Email')],['EML_NEWSLETTER_WKLY_01'],0,0.0
USR_00772,1,Organic Search,SEO_ORGANIC_DIRECT,Organic Search,SEO_ORGANIC_DIRECT,Organic Search,SEO_ORGANIC_DIRECT,[np.str_('Organic Search')],['SEO_ORGANIC_DIRECT'],0,0.0
USR_00773,5,Social Media > Paid Search > Display > Email > Social Media,SOC_RETARG_DPA_02 > SEM_GENERIC_PROD_02 > DSP_RETARG_ABANDON_02 > EML_NEWSLETTER_WKLY_01 > SOC_INFLUENCER_BOOST_03,Social Media,SOC_RETARG_DPA_02,Social Media,SOC_INFLUENCER_BOOST_03,"[np.str_('Social Media'), np.str_('Paid Search'), np.str_('Display'), np.str_('Email'), np.str_('Social Media')]","['SOC_RETARG_DPA_02', 'SEM_GENERIC_PROD_02', 'DSP_RETARG_ABANDON_02', 'EML_NEWSLETTER_WKLY_01', 'SOC_INFLUENCER_BOOST_03']",1,85.31
USR_00774,3,Paid Search > Paid Search > Organic Search,SEM_GENERIC_PROD_02 > SEM_BRAND_01 > SEO_ORGANIC_DIRECT,Paid Search,SEM_GENERIC_PROD_02,Organic Search,SEO_ORGANIC_DIRECT,"[np.str_('Paid Search'), np.str_('Paid Search'), np.str_('Organic Search')]","['SEM_GENERIC_PROD_02', 'SEM_BRAND_01', 'SEO_ORGANIC_DIRECT']",0,0.0
USR_00775,2,Paid Search > Organic Search,SEM_COMPETITOR_03 > SEO_ORGANIC_DIRECT,Paid Search,SEM_COMPETITOR_03,Organic Search,SEO_ORGANIC_DIRECT,"[np.str_('Paid Search'), np.str_('Organic Search')]","['SEM_COMPETITOR_03', 'SEO_ORGANIC_DIRECT']",0,0.0
USR_00776,1,Organic Search,SEO_ORGANIC_DIRECT,Organic Search,SEO_ORGANIC_DIRECT,Organic Search,SEO_ORGANIC_DIRECT,[np.str_('Organic Search')],['SEO_ORGANIC_DIRECT'],0,0.0
USR_00777,2,Display > Paid Search,DSP_RETARG_ABANDON_02 > SEM_BRAND_01,Display,DSP_RETARG_ABANDON_02,Paid Search,SEM_BRAND_01,"[np.str_('Display'), np.str_('Paid Search')]","['DSP_RETARG_ABANDON_02', 'SEM_BRAND_01']",1,84.19
USR_00778,1,Paid Search,SEM_COMPETITOR_03,Paid Search,SEM_COMPETITOR_03,Paid Search,SEM_COMPETITOR_03,[np.str_('Paid Search')],['SEM_COMPETITOR_03'],0,0.0
USR_00779,2,Social Media > Social Media,SOC_RETARG_DPA_02 > SOC_PROSP_LOOKALIKE_01,Social Media,SOC_RETARG_DPA_02,Social Media,SOC_PROSP_LOOKALIKE_01,"[np.str_('Social Media'), np.str_('Social Media')]","['SOC_RETARG_DPA_02', 'SOC_PROSP_LOOKALIKE_01']",0,0.0
USR_00780,2,Paid Search > Email,SEM_BRAND_01 > EML_WINBACK_90D_03,Paid Search,SEM_BRAND_01,Email,EML_WINBACK_90D_03,"[np.str_('Paid Search'), np.str_('Email')]","['SEM_BRAND_01', 'EML_WINBACK_90D_03']",0,0.0
USR_00781,2,Social Media > Paid Search,SOC_PROSP_LOOKALIKE_01 > SEM_BRAND_01,Social Media,SOC_PROSP_LOOKALIKE_01,Paid Search,SEM_BRAND_01,"[np.str_('Social Media'), np.str_('Paid Search')]","['SOC_PROSP_LOOKALIKE_01', 'SEM_BRAND_01']",0,0.0
USR_00782,3,Social Media > Display > Paid Search,SOC_PROSP_LOOKALIKE_01 > DSP_RETARG_ABANDON_02 > SEM_COMPETITOR_03,Social Media,SOC_PROSP_LOOKALIKE_01,Paid Search,SEM_COMPETITOR_03,"[np.str_('Social Media'), np.str_('Display'), np.str_('Paid Search')]","['SOC_PROSP_LOOKALIKE_01', 'DSP_RETARG_ABANDON_02', 'SEM_COMPETITOR_03']",0,0.0
USR_00783,5,Social Media > Email > Email > Email > Social Media,SOC_RETARG_DPA_02 > EML_ABANDONED_CART_02 > EML_WINBACK_90D_03 > EML_ABANDONED_CART_02 > SOC_RETARG_DPA_02,Social Media,SOC_RETARG_DPA_02,Social Media,SOC_RETARG_DPA_02,"[np.str_('Social Media'), np.str_('Email'), np.str_('Email'), np.str_('Email'), np.str_('Social Media')]","['SOC_RETARG_DPA_02', 'EML_ABANDONED_CART_02', 'EML_WINBACK_90D_03', 'EML_ABANDONED_CART_02', 'SOC_RETARG_DPA_02']",0,0.0
USR_00784,1,Social Media,SOC_PROSP_LOOKALIKE_01,Social Media,SOC_PROSP_LOOKALIKE_01,Social Media,SOC_PROSP_LOOKALIKE_01,[np.str_('Social Media')],['SOC_PROSP_LOOKALIKE_01'],0,0.0
USR_00785,2,Paid Search > Social Media,SEM_GENERIC_PROD_02 > SOC_PROSP_LOOKALIKE_01,Paid Search,SEM_GENERIC_PROD_02,Social Media,SOC_PROSP_LOOKALIKE_01,"[np.str_('Paid Search'), np.str_('Social Media')]","['SEM_GENERIC_PROD_02', 'SOC_PROSP_LOOKALIKE_01']",0,0.0
USR_00786,1,Organic Search,SEO_ORGANIC_DIRECT,Organic Search,SEO_ORGANIC_DIRECT,Organic Search,SEO_ORGANIC_DIRECT,[np.str_('Organic Search')],['SEO_ORGANIC_DIRECT'],0,0.0
USR_00787,1,Display,DSP_RETARG_ABANDON_02,Display,DSP_RETARG_ABANDON_02,Display,DSP_RETARG_ABANDON_02,[np.str_('Display')],['DSP_RETARG_ABANDON_02'],0,0.0
USR_00788,1,Social Media,SOC_RETARG_DPA_02,Social Media,SOC_RETARG_DPA_02,Social Media,SOC_RETARG_DPA_02,[np.str_('Social Media')],['SOC_RETARG_DPA_02'],0,0.0
USR_00789,1,Display,DSP_RETARG_ABANDON_02,Display,DSP_RETARG_ABANDON_02,Display,DSP_RETARG_ABANDON_02,[np.str_('Display')],['DSP_RETARG_ABANDON_02'],0,0.0
USR_00790,1,Social Media,SOC_PROSP_LOOKALIKE_01,Social Media,SOC_PROSP_LOOKALIKE_01,Social Media,SOC_PROSP_LOOKALIKE_01,[np.str_('Social Media')],['SOC_PROSP_LOOKALIKE_01'],0,0.0
USR_00791,1,Paid Search,SEM_COMPETITOR_03,Paid Search,SEM_COMPETITOR_03,Paid Search,SEM_COMPETITOR_03,[np.str_('Paid Search')],['SEM_COMPETITOR_03'],0,0.0
USR_00792,1,Social Media,SOC_PROSP_LOOKALIKE_01,Social Media,SOC_PROSP_LOOKALIKE_01,Social Media,SOC_PROSP_LOOKALIKE_01,[np.str_('Social Media')],['SOC_PROSP_LOOKALIKE_01'],0,0.0
USR_00793,4,Social Media > Social Media > Display > Email,SOC_PROSP_LOOKALIKE_01 > SOC_INFLUENCER_BOOST_03 > DSP_PROG_AWARE_01 > EML_NEWSLETTER_WKLY_01,Social Media,SOC_PROSP_LOOKALIKE_01,Email,EML_NEWSLETTER_WKLY_01,"[np.str_('Social Media'), np.str_('Social Media'), np.str_('Display'), np.str_('Email')]","['SOC_PROSP_LOOKALIKE_01', 'SOC_INFLUENCER_BOOST_03', 'DSP_PROG_AWARE_01', 'EML_NEWSLETTER_WKLY_01']",0,0.0
USR_00794,2,Paid Search > Organic Search,SEM_BRAND_01 > SEO_ORGANIC_DIRECT,Paid Search,SEM_BRAND_01,Organic Search,SEO_ORGANIC_DIRECT,"[np.str_('Paid Search'), np.str_('Organic Search')]","['SEM_BRAND_01', 'SEO_ORGANIC_DIRECT']",1,102.13
USR_00795,1,Paid Search,SEM_COMPETITOR_03,Paid Search,SEM_COMPETITOR_03,Paid Search,SEM_COMPETITOR_03,[np.str_('Paid Search')],['SEM_COMPETITOR_03'],0,0.0
USR_00796,2,Social Media > Paid Search,SOC_INFLUENCER_BOOST_03 > SEM_BRAND_01,Social Media,SOC_INFLUENCER_BOOST_03,Paid Search,SEM_BRAND_01,"[np.str_('Social Media'), np.str_('Paid Search')]","['SOC_INFLUENCER_BOOST_03', 'SEM_BRAND_01']",0,0.0
USR_00797,1,Social Media,SOC_RETARG_DPA_02,Social Media,SOC_RETARG_DPA_02,Social Media,SOC_RETARG_DPA_02,[np.str_('Social Media')],['SOC_RETARG_DPA_02'],0,0.0
USR_00798,5,Display > Organic Search > Social Media > Email > Organic Search,DSP_RETARG_ABANDON_02 > SEO_ORGANIC_DIRECT > SOC_PROSP_LOOKALIKE_01 > EML_WINBACK_90D_03 > SEO_ORGANIC_DIRECT,Display,DSP_RETARG_ABANDON_02,Organic Search,SEO_ORGANIC_DIRECT,"[np.str_('Display'), np.str_('Organic Search'), np.str_('Social Media'), np.str_('Email'), np.str_('Organic Search')]","['DSP_RETARG_ABANDON_02', 'SEO_ORGANIC_DIRECT', 'SOC_PROSP_LOOKALIKE_01', 'EML_WINBACK_90D_03', 'SEO_ORGANIC_DIRECT']",1,66.96
USR_00799,5,Display > Social Media > Display > Organic Search > Paid Search,DSP_RETARG_ABANDON_02 > SOC_INFLUENCER_BOOST_03 > DSP_PROG_AWARE_01 > SEO_ORGANIC_DIRECT > SEM_GENERIC_PROD_02,Display,DSP_RETARG_ABANDON_02,Paid Search,SEM_GENERIC_PROD_02,"[np.str_('Display'), np.str_('Social Media'), np.str_('Display'), np.str_('Organic Search'), np.str_('Paid Search')]","['DSP_RETARG_ABANDON_02', 'SOC_INFLUENCER_BOOST_03', 'DSP_PROG_AWARE_01', 'SEO_ORGANIC_DIRECT', 'SEM_GENERIC_PROD_02']",0,0.0
USR_00800,1,Paid Search,SEM_GENERIC_PROD_02,Paid Search,SEM_GENERIC_PROD_02,Paid Search,SEM_GENERIC_PROD_02,[np.str_('Paid Search')],['SEM_GENERIC_PROD_02'],0,0.0
USR_00801,1,Social Media,SOC_RETARG_DPA_02,Social Media,SOC_RETARG_DPA_02,Social Media,SOC_RETARG_DPA_02,[np.str_('Social Media')],['SOC_RETARG_DPA_02'],0,0.0
USR_00802,2,Display > Display,DSP_RETARG_ABANDON_02 > DSP_PROG_AWARE_01,Display,DSP_RETARG_ABANDON_02,Display,DSP_PROG_AWARE_01,"[np.str_('Display'), np.str_('Display')]","['DSP_RETARG_ABANDON_02', 'DSP_PROG_AWARE_01']",0,0.0
USR_00803,4,Paid Search > Organic Search > Display > Email,SEM_GENERIC_PROD_02 > SEO_ORGANIC_DIRECT > DSP_PROG_AWARE_01 > EML_NEWSLETTER_WKLY_01,Paid Search,SEM_GENERIC_PROD_02,Email,EML_NEWSLETTER_WKLY_01,"[np.str_('Paid Search'), np.str_('Organic Search'), np.str_('Display'), np.str_('Email')]","['SEM_GENERIC_PROD_02', 'SEO_ORGANIC_DIRECT', 'DSP_PROG_AWARE_01', 'EML_NEWSLETTER_WKLY_01']",0,0.0
USR_00804,5,Social Media > Social Media > Email > Social Media > Email,SOC_RETARG_DPA_02 > SOC_RETARG_DPA_02 > EML_WINBACK_90D_03 > SOC_RETARG_DPA_02 > EML_ABANDONED_CART_02,Social Media,SOC_RETARG_DPA_02,Email,EML_ABANDONED_CART_02,"[np.str_('Social Media'), np.str_('Social Media'), np.str_('Email'), np.str_('Social Media'), np.str_('Email')]","['SOC_RETARG_DPA_02', 'SOC_RETARG_DPA_02', 'EML_WINBACK_90D_03', 'SOC_RETARG_DPA_02', 'EML_ABANDONED_CART_02']",0,0.0
USR_00805,2,Paid Search > Social Media,SEM_COMPETITOR_03 > SOC_INFLUENCER_BOOST_03,Paid Search,SEM_COMPETITOR_03,Social Media,SOC_INFLUENCER_BOOST_03,"[np.str_('Paid Search'), np.str_('Social Media')]","['SEM_COMPETITOR_03', 'SOC_INFLUENCER_BOOST_03']",1,65.0
USR_00806,1,Social Media,SOC_PROSP_LOOKALIKE_01,Social Media,SOC_PROSP_LOOKALIKE_01,Social Media,SOC_PROSP_LOOKALIKE_01,[np.str_('Social Media')],['SOC_PROSP_LOOKALIKE_01'],1,74.97
USR_00807,1,Paid Search,SEM_COMPETITOR_03,Paid Search,SEM_COMPETITOR_03,Paid Search,SEM_COMPETITOR_03,[np.str_('Paid Search')],['SEM_COMPETITOR_03'],0,0.0
USR_00808,3,Display > Paid Search > Email,DSP_PROG_AWARE_01 > SEM_COMPETITOR_03 > EML_NEWSLETTER_WKLY_01,Display,DSP_PROG_AWARE_01,Email,EML_NEWSLETTER_WKLY_01,"[np.str_('Display'), np.str_('Paid Search'), np.str_('Email')]","['DSP_PROG_AWARE_01', 'SEM_COMPETITOR_03', 'EML_NEWSLETTER_WKLY_01']",0,0.0
USR_00809,5,Display > Paid Search > Email > Display > Paid Search,DSP_RETARG_ABANDON_02 > SEM_BRAND_01 > EML_ABANDONED_CART_02 > DSP_RETARG_ABANDON_02 > SEM_GENERIC_PROD_02,Display,DSP_RETARG_ABANDON_02,Paid Search,SEM_GENERIC_PROD_02,"[np.str_('Display'), np.str_('Paid Search'), np.str_('Email'), np.str_('Display'), np.str_('Paid Search')]","['DSP_RETARG_ABANDON_02', 'SEM_BRAND_01', 'EML_ABANDONED_CART_02', 'DSP_RETARG_ABANDON_02', 'SEM_GENERIC_PROD_02']",0,0.0
USR_00810,4,Paid Search > Social Media > Organic Search > Paid Search,SEM_COMPETITOR_03 > SOC_PROSP_LOOKALIKE_01 > SEO_ORGANIC_DIRECT > SEM_COMPETITOR_03,Paid Search,SEM_COMPETITOR_03,Paid Search,SEM_COMPETITOR_03,"[np.str_('Paid Search'), np.str_('Social Media'), np.str_('Organic Search'), np.str_('Paid Search')]","['SEM_COMPETITOR_03', 'SOC_PROSP_LOOKALIKE_01', 'SEO_ORGANIC_DIRECT', 'SEM_COMPETITOR_03']",0,0.0
USR_00811,2,Social Media > Organic Search,SOC_INFLUENCER_BOOST_03 > SEO_ORGANIC_DIRECT,Social Media,SOC_INFLUENCER_BOOST_03,Organic Search,SEO_ORGANIC_DIRECT,"[np.str_('Social Media'), np.str_('Organic Search')]","['SOC_INFLUENCER_BOOST_03', 'SEO_ORGANIC_DIRECT']",0,0.0
USR_00812,2,Paid Search > Paid Search,SEM_COMPETITOR_03 > SEM_GENERIC_PROD_02,Paid Search,SEM_COMPETITOR_03,Paid Search,SEM_GENERIC_PROD_02,"[np.str_('Paid Search'), np.str_('Paid Search')]","['SEM_COMPETITOR_03', 'SEM_GENERIC_PROD_02']",0,0.0
USR_00813,2,Social Media > Email,SOC_INFLUENCER_BOOST_03 > EML_WINBACK_90D_03,Social Media,SOC_INFLUENCER_BOOST_03,Email,EML_WINBACK_90D_03,"[np.str_('Social Media'), np.str_('Email')]","['SOC_INFLUENCER_BOOST_03', 'EML_WINBACK_90D_03']",1,110.76
USR_00814,1,Social Media,SOC_RETARG_DPA_02,Social Media,SOC_RETARG_DPA_02,Social Media,SOC_RETARG_DPA_02,[np.str_('Social Media')],['SOC_RETARG_DPA_02'],0,0.0
USR_00815,2,Social Media > Social Media,SOC_PROSP_LOOKALIKE_01 > SOC_PROSP_LOOKALIKE_01,Social Media,SOC_PROSP_LOOKALIKE_01,Social Media,SOC_PROSP_LOOKALIKE_01,"[np.str_('Social Media'), np.str_('Social Media')]","['SOC_PROSP_LOOKALIKE_01', 'SOC_PROSP_LOOKALIKE_01']",0,0.0
USR_00816,2,Display > Organic Search,DSP_RETARG_ABANDON_02 > SEO_ORGANIC_DIRECT,Display,DSP_RETARG_ABANDON_02,Organic Search,SEO_ORGANIC_DIRECT,"[np.str_('Display'), np.str_('Organic Search')]","['DSP_RETARG_ABANDON_02', 'SEO_ORGANIC_DIRECT']",0,0.0
USR_00817,2,Display > Paid Search,DSP_RETARG_ABANDON_02 > SEM_GENERIC_PROD_02,Display,DSP_RETARG_ABANDON_02,Paid Search,SEM_GENERIC_PROD_02,"[np.str_('Display'), np.str_('Paid Search')]","['DSP_RETARG_ABANDON_02', 'SEM_GENERIC_PROD_02']",0,0.0
USR_00818,3,Paid Search > Paid Search > Organic Search,SEM_COMPETITOR_03 > SEM_COMPETITOR_03 > SEO_ORGANIC_DIRECT,Paid Search,SEM_COMPETITOR_03,Organic Search,SEO_ORGANIC_DIRECT,"[np.str_('Paid Search'), np.str_('Paid Search'), np.str_('Organic Search')]","['SEM_COMPETITOR_03', 'SEM_COMPETITOR_03', 'SEO_ORGANIC_DIRECT']",0,0.0
USR_00819,1,Display,DSP_PROG_AWARE_01,Display,DSP_PROG_AWARE_01,Display,DSP_PROG_AWARE_01,[np.str_('Display')],['DSP_PROG_AWARE_01'],0,0.0
USR_00820,2,Social Media > Paid Search,SOC_PROSP_LOOKALIKE_01 > SEM_COMPETITOR_03,Social Media,SOC_PROSP_LOOKALIKE_01,Paid Search,SEM_COMPETITOR_03,"[np.str_('Social Media'), np.str_('Paid Search')]","['SOC_PROSP_LOOKALIKE_01', 'SEM_COMPETITOR_03']",0,0.0
USR_00821,3,Paid Search > Paid Search > Email,SEM_BRAND_01 > SEM_GENERIC_PROD_02 > EML_NEWSLETTER_WKLY_01,Paid Search,SEM_BRAND_01,Email,EML_NEWSLETTER_WKLY_01,"[np.str_('Paid Search'), np.str_('Paid Search'), np.str_('Email')]","['SEM_BRAND_01', 'SEM_GENERIC_PROD_02', 'EML_NEWSLETTER_WKLY_01']",0,0.0
USR_00822,3,Social Media > Email > Email,SOC_RETARG_DPA_02 > EML_ABANDONED_CART_02 > EML_WINBACK_90D_03,Social Media,SOC_RETARG_DPA_02,Email,EML_WINBACK_90D_03,"[np.str_('Social Media'), np.str_('Email'), np.str_('Email')]","['SOC_RETARG_DPA_02', 'EML_ABANDONED_CART_02', 'EML_WINBACK_90D_03']",0,0.0
USR_00823,1,Paid Search,SEM_BRAND_01,Paid Search,SEM_BRAND_01,Paid Search,SEM_BRAND_01,[np.str_('Paid Search')],['SEM_BRAND_01'],0,0.0
USR_00824,1,Organic Search,SEO_ORGANIC_DIRECT,Organic Search,SEO_ORGANIC_DIRECT,Organic Search,SEO_ORGANIC_DIRECT,[np.str_('Organic Search')],['SEO_ORGANIC_DIRECT'],0,0.0
USR_00825,1,Social Media,SOC_INFLUENCER_BOOST_03,Social Media,SOC_INFLUENCER_BOOST_03,Social Media,SOC_INFLUENCER_BOOST_03,[np.str_('Social Media')],['SOC_INFLUENCER_BOOST_03'],0,0.0
USR_00826,1,Social Media,SOC_RETARG_DPA_02,Social Media,SOC_RETARG_DPA_02,Social Media,SOC_RETARG_DPA_02,[np.str_('Social Media')],['SOC_RETARG_DPA_02'],0,0.0
USR_00827,1,Organic Search,SEO_ORGANIC_DIRECT,Organic Search,SEO_ORGANIC_DIRECT,Organic Search,SEO_ORGANIC_DIRECT,[np.str_('Organic Search')],['SEO_ORGANIC_DIRECT'],0,0.0
USR_00828,1,Social Media,SOC_INFLUENCER_BOOST_03,Social Media,SOC_INFLUENCER_BOOST_03,Social Media,SOC_INFLUENCER_BOOST_03,[np.str_('Social Media')],['SOC_INFLUENCER_BOOST_03'],0,0.0
USR_00829,1,Social Media,SOC_INFLUENCER_BOOST_03,Social Media,SOC_INFLUENCER_BOOST_03,Social Media,SOC_INFLUENCER_BOOST_03,[np.str_('Social Media')],['SOC_INFLUENCER_BOOST_03'],0,0.0
USR_00830,4,Paid Search > Email > Email > Email,SEM_GENERIC_PROD_02 > EML_ABANDONED_CART_02 > EML_NEWSLETTER_WKLY_01 > EML_WINBACK_90D_03,Paid Search,SEM_GENERIC_PROD_02,Email,EML_WINBACK_90D_03,"[np.str_('Paid Search'), np.str_('Email'), np.str_('Email'), np.str_('Email')]","['SEM_GENERIC_PROD_02', 'EML_ABANDONED_CART_02', 'EML_NEWSLETTER_WKLY_01', 'EML_WINBACK_90D_03']",0,0.0
USR_00831,1,Paid Search,SEM_GENERIC_PROD_02,Paid Search,SEM_GENERIC_PROD_02,Paid Search,SEM_GENERIC_PROD_02,[np.str_('Paid Search')],['SEM_GENERIC_PROD_02'],0,0.0
USR_00832,4,Social Media > Social Media > Paid Search > Social Media,SOC_PROSP_LOOKALIKE_01 > SOC_PROSP_LOOKALIKE_01 > SEM_COMPETITOR_03 > SOC_RETARG_DPA_02,Social Media,SOC_PROSP_LOOKALIKE_01,Social Media,SOC_RETARG_DPA_02,"[np.str_('Social Media'), np.str_('Social Media'), np.str_('Paid Search'), np.str_('Social Media')]","['SOC_PROSP_LOOKALIKE_01', 'SOC_PROSP_LOOKALIKE_01', 'SEM_COMPETITOR_03', 'SOC_RETARG_DPA_02']",0,0.0
USR_00833,3,Social Media > Social Media > Paid Search,SOC_RETARG_DPA_02 > SOC_INFLUENCER_BOOST_03 > SEM_GENERIC_PROD_02,Social Media,SOC_RETARG_DPA_02,Paid Search,SEM_GENERIC_PROD_02,"[np.str_('Social Media'), np.str_('Social Media'), np.str_('Paid Search')]","['SOC_RETARG_DPA_02', 'SOC_INFLUENCER_BOOST_03', 'SEM_GENERIC_PROD_02']",0,0.0
USR_00834,5,Display > Social Media > Paid Search > Paid Search > Social Media,DSP_RETARG_ABANDON_02 > SOC_RETARG_DPA_02 > SEM_COMPETITOR_03 > SEM_GENERIC_PROD_02 > SOC_PROSP_LOOKALIKE_01,Display,DSP_RETARG_ABANDON_02,Social Media,SOC_PROSP_LOOKALIKE_01,"[np.str_('Display'), np.str_('Social Media'), np.str_('Paid Search'), np.str_('Paid Search'), np.str_('Social Media')]","['DSP_RETARG_ABANDON_02', 'SOC_RETARG_DPA_02', 'SEM_COMPETITOR_03', 'SEM_GENERIC_PROD_02', 'SOC_PROSP_LOOKALIKE_01']",0,0.0
USR_00835,3,Display > Paid Search > Social Media,DSP_RETARG_ABANDON_02 > SEM_BRAND_01 > SOC_RETARG_DPA_02,Display,DSP_RETARG_ABANDON_02,Social Media,SOC_RETARG_DPA_02,"[np.str_('Display'), np.str_('Paid Search'), np.str_('Social Media')]","['DSP_RETARG_ABANDON_02', 'SEM_BRAND_01', 'SOC_RETARG_DPA_02']",0,0.0
USR_00836,1,Display,DSP_PROG_AWARE_01,Display,DSP_PROG_AWARE_01,Display,DSP_PROG_AWARE_01,[np.str_('Display')],['DSP_PROG_AWARE_01'],0,0.0
USR_00837,1,Display,DSP_PROG_AWARE_01,Display,DSP_PROG_AWARE_01,Display,DSP_PROG_AWARE_01,[np.str_('Display')],['DSP_PROG_AWARE_01'],0,0.0
USR_00838,2,Organic Search > Email,SEO_ORGANIC_DIRECT > EML_WINBACK_90D_03,Organic Search,SEO_ORGANIC_DIRECT,Email,EML_WINBACK_90D_03,"[np.str_('Organic Search'), np.str_('Email')]","['SEO_ORGANIC_DIRECT', 'EML_WINBACK_90D_03']",0,0.0
USR_00839,2,Display > Social Media,DSP_RETARG_ABANDON_02 > SOC_PROSP_LOOKALIKE_01,Display,DSP_RETARG_ABANDON_02,Social Media,SOC_PROSP_LOOKALIKE_01,"[np.str_('Display'), np.str_('Social Media')]","['DSP_RETARG_ABANDON_02', 'SOC_PROSP_LOOKALIKE_01']",0,0.0
USR_00840,2,Paid Search > Organic Search,SEM_GENERIC_PROD_02 > SEO_ORGANIC_DIRECT,Paid Search,SEM_GENERIC_PROD_02,Organic Search,SEO_ORGANIC_DIRECT,"[np.str_('Paid Search'), np.str_('Organic Search')]","['SEM_GENERIC_PROD_02', 'SEO_ORGANIC_DIRECT']",0,0.0
USR_00841,2,Social Media > Display,SOC_PROSP_LOOKALIKE_01 > DSP_RETARG_ABANDON_02,Social Media,SOC_PROSP_LOOKALIKE_01,Display,DSP_RETARG_ABANDON_02,"[np.str_('Social Media'), np.str_('Display')]","['SOC_PROSP_LOOKALIKE_01', 'DSP_RETARG_ABANDON_02']",0,0.0
USR_00842,1,Social Media,SOC_RETARG_DPA_02,Social Media,SOC_RETARG_DPA_02,Social Media,SOC_RETARG_DPA_02,[np.str_('Social Media')],['SOC_RETARG_DPA_02'],0,0.0
USR_00843,1,Social Media,SOC_PROSP_LOOKALIKE_01,Social Media,SOC_PROSP_LOOKALIKE_01,Social Media,SOC_PROSP_LOOKALIKE_01,[np.str_('Social Media')],['SOC_PROSP_LOOKALIKE_01'],0,0.0
USR_00844,5,Display > Paid Search > Social Media > Organic Search > Paid Search,DSP_PROG_AWARE_01 > SEM_BRAND_01 > SOC_PROSP_LOOKALIKE_01 > SEO_ORGANIC_DIRECT > SEM_GENERIC_PROD_02,Display,DSP_PROG_AWARE_01,Paid Search,SEM_GENERIC_PROD_02,"[np.str_('Display'), np.str_('Paid Search'), np.str_('Social Media'), np.str_('Organic Search'), np.str_('Paid Search')]","['DSP_PROG_AWARE_01', 'SEM_BRAND_01', 'SOC_PROSP_LOOKALIKE_01', 'SEO_ORGANIC_DIRECT', 'SEM_GENERIC_PROD_02']",1,126.2
USR_00845,1,Email,EML_NEWSLETTER_WKLY_01,Email,EML_NEWSLETTER_WKLY_01,Email,EML_NEWSLETTER_WKLY_01,[np.str_('Email')],['EML_NEWSLETTER_WKLY_01'],0,0.0
USR_00846,1,Paid Search,SEM_COMPETITOR_03,Paid Search,SEM_COMPETITOR_03,Paid Search,SEM_COMPETITOR_03,[np.str_('Paid Search')],['SEM_COMPETITOR_03'],0,0.0
USR_00847,2,Paid Search > Display,SEM_GENERIC_PROD_02 > DSP_RETARG_ABANDON_02,Paid Search,SEM_GENERIC_PROD_02,Display,DSP_RETARG_ABANDON_02,"[np.str_('Paid Search'), np.str_('Display')]","['SEM_GENERIC_PROD_02', 'DSP_RETARG_ABANDON_02']",0,0.0
USR_00848,5,Display > Paid Search > Organic Search > Organic Search > Paid Search,DSP_RETARG_ABANDON_02 > SEM_GENERIC_PROD_02 > SEO_ORGANIC_DIRECT > SEO_ORGANIC_DIRECT > SEM_GENERIC_PROD_02,Display,DSP_RETARG_ABANDON_02,Paid Search,SEM_GENERIC_PROD_02,"[np.str_('Display'), np.str_('Paid Search'), np.str_('Organic Search'), np.str_('Organic Search'), np.str_('Paid Search')]","['DSP_RETARG_ABANDON_02', 'SEM_GENERIC_PROD_02', 'SEO_ORGANIC_DIRECT', 'SEO_ORGANIC_DIRECT', 'SEM_GENERIC_PROD_02']",1,100.05
USR_00849,1,Paid Search,SEM_BRAND_01,Paid Search,SEM_BRAND_01,Paid Search,SEM_BRAND_01,[np.str_('Paid Search')],['SEM_BRAND_01'],0,0.0
USR_00850,3,Organic Search > Social Media > Paid Search,SEO_ORGANIC_DIRECT > SOC_PROSP_LOOKALIKE_01 > SEM_GENERIC_PROD_02,Organic Search,SEO_ORGANIC_DIRECT,Paid Search,SEM_GENERIC_PROD_02,"[np.str_('Organic Search'), np.str_('Social Media'), np.str_('Paid Search')]","['SEO_ORGANIC_DIRECT', 'SOC_PROSP_LOOKALIKE_01', 'SEM_GENERIC_PROD_02']",0,0.0
USR_00851,2,Social Media > Organic Search,SOC_INFLUENCER_BOOST_03 > SEO_ORGANIC_DIRECT,Social Media,SOC_INFLUENCER_BOOST_03,Organic Search,SEO_ORGANIC_DIRECT,"[np.str_('Social Media'), np.str_('Organic Search')]","['SOC_INFLUENCER_BOOST_03', 'SEO_ORGANIC_DIRECT']",0,0.0
USR_00852,1,Organic Search,SEO_ORGANIC_DIRECT,Organic Search,SEO_ORGANIC_DIRECT,Organic Search,SEO_ORGANIC_DIRECT,[np.str_('Organic Search')],['SEO_ORGANIC_DIRECT'],0,0.0
USR_00853,1,Social Media,SOC_RETARG_DPA_02,Social Media,SOC_RETARG_DPA_02,Social Media,SOC_RETARG_DPA_02,[np.str_('Social Media')],['SOC_RETARG_DPA_02'],0,0.0
USR_00854,2,Display > Organic Search,DSP_RETARG_ABANDON_02 > SEO_ORGANIC_DIRECT,Display,DSP_RETARG_ABANDON_02,Organic Search,SEO_ORGANIC_DIRECT,"[np.str_('Display'), np.str_('Organic Search')]","['DSP_RETARG_ABANDON_02', 'SEO_ORGANIC_DIRECT']",0,0.0
USR_00855,1,Display,DSP_PROG_AWARE_01,Display,DSP_PROG_AWARE_01,Display,DSP_PROG_AWARE_01,[np.str_('Display')],['DSP_PROG_AWARE_01'],0,0.0
USR_00856,1,Organic Search,SEO_ORGANIC_DIRECT,Organic Search,SEO_ORGANIC_DIRECT,Organic Search,SEO_ORGANIC_DIRECT,[np.str_('Organic Search')],['SEO_ORGANIC_DIRECT'],0,0.0
USR_00857,1,Paid Search,SEM_GENERIC_PROD_02,Paid Search,SEM_GENERIC_PROD_02,Paid Search,SEM_GENERIC_PROD_02,[np.str_('Paid Search')],['SEM_GENERIC_PROD_02'],0,0.0
USR_00858,2,Social Media > Paid Search,SOC_RETARG_DPA_02 > SEM_GENERIC_PROD_02,Social Media,SOC_RETARG_DPA_02,Paid Search,SEM_GENERIC_PROD_02,"[np.str_('Social Media'), np.str_('Paid Search')]","['SOC_RETARG_DPA_02', 'SEM_GENERIC_PROD_02']",0,0.0
USR_00859,2,Organic Search > Email,SEO_ORGANIC_DIRECT > EML_WINBACK_90D_03,Organic Search,SEO_ORGANIC_DIRECT,Email,EML_WINBACK_90D_03,"[np.str_('Organic Search'), np.str_('Email')]","['SEO_ORGANIC_DIRECT', 'EML_WINBACK_90D_03']",0,0.0
USR_00860,3,Social Media > Paid Search > Social Media,SOC_PROSP_LOOKALIKE_01 > SEM_COMPETITOR_03 > SOC_INFLUENCER_BOOST_03,Social Media,SOC_PROSP_LOOKALIKE_01,Social Media,SOC_INFLUENCER_BOOST_03,"[np.str_('Social Media'), np.str_('Paid Search'), np.str_('Social Media')]","['SOC_PROSP_LOOKALIKE_01', 'SEM_COMPETITOR_03', 'SOC_INFLUENCER_BOOST_03']",1,95.98
USR_00861,1,Organic Search,SEO_ORGANIC_DIRECT,Organic Search,SEO_ORGANIC_DIRECT,Organic Search,SEO_ORGANIC_DIRECT,[np.str_('Organic Search')],['SEO_ORGANIC_DIRECT'],0,0.0
USR_00862,1,Display,DSP_RETARG_ABANDON_02,Display,DSP_RETARG_ABANDON_02,Display,DSP_RETARG_ABANDON_02,[np.str_('Display')],['DSP_RETARG_ABANDON_02'],0,0.0
USR_00863,2,Paid Search > Paid Search,SEM_BRAND_01 > SEM_BRAND_01,Paid Search,SEM_BRAND_01,Paid Search,SEM_BRAND_01,"[np.str_('Paid Search'), np.str_('Paid Search')]","['SEM_BRAND_01', 'SEM_BRAND_01']",0,0.0
USR_00864,1,Organic Search,SEO_ORGANIC_DIRECT,Organic Search,SEO_ORGANIC_DIRECT,Organic Search,SEO_ORGANIC_DIRECT,[np.str_('Organic Search')],['SEO_ORGANIC_DIRECT'],1,110.1
USR_00865,2,Organic Search > Email,SEO_ORGANIC_DIRECT > EML_WINBACK_90D_03,Organic Search,SEO_ORGANIC_DIRECT,Email,EML_WINBACK_90D_03,"[np.str_('Organic Search'), np.str_('Email')]","['SEO_ORGANIC_DIRECT', 'EML_WINBACK_90D_03']",0,0.0
USR_00866,2,Paid Search > Social Media,SEM_BRAND_01 > SOC_INFLUENCER_BOOST_03,Paid Search,SEM_BRAND_01,Social Media,SOC_INFLUENCER_BOOST_03,"[np.str_('Paid Search'), np.str_('Social Media')]","['SEM_BRAND_01', 'SOC_INFLUENCER_BOOST_03']",0,0.0
USR_00867,5,Organic Search > Organic Search > Display > Display > Paid Search,SEO_ORGANIC_DIRECT > SEO_ORGANIC_DIRECT > DSP_RETARG_ABANDON_02 > DSP_PROG_AWARE_01 > SEM_GENERIC_PROD_02,Organic Search,SEO_ORGANIC_DIRECT,Paid Search,SEM_GENERIC_PROD_02,"[np.str_('Organic Search'), np.str_('Organic Search'), np.str_('Display'), np.str_('Display'), np.str_('Paid Search')]","['SEO_ORGANIC_DIRECT', 'SEO_ORGANIC_DIRECT', 'DSP_RETARG_ABANDON_02', 'DSP_PROG_AWARE_01', 'SEM_GENERIC_PROD_02']",0,0.0
USR_00868,1,Display,DSP_PROG_AWARE_01,Display,DSP_PROG_AWARE_01,Display,DSP_PROG_AWARE_01,[np.str_('Display')],['DSP_PROG_AWARE_01'],0,0.0
USR_00869,2,Social Media > Email,SOC_PROSP_LOOKALIKE_01 > EML_WINBACK_90D_03,Social Media,SOC_PROSP_LOOKALIKE_01,Email,EML_WINBACK_90D_03,"[np.str_('Social Media'), np.str_('Email')]","['SOC_PROSP_LOOKALIKE_01', 'EML_WINBACK_90D_03']",1,84.89
USR_00870,4,Social Media > Organic Search > Display > Email,SOC_INFLUENCER_BOOST_03 > SEO_ORGANIC_DIRECT > DSP_PROG_AWARE_01 > EML_NEWSLETTER_WKLY_01,Social Media,SOC_INFLUENCER_BOOST_03,Email,EML_NEWSLETTER_WKLY_01,"[np.str_('Social Media'), np.str_('Organic Search'), np.str_('Display'), np.str_('Email')]","['SOC_INFLUENCER_BOOST_03', 'SEO_ORGANIC_DIRECT', 'DSP_PROG_AWARE_01', 'EML_NEWSLETTER_WKLY_01']",1,123.53
USR_00871,3,Display > Display > Email,DSP_RETARG_ABANDON_02 > DSP_PROG_AWARE_01 > EML_NEWSLETTER_WKLY_01,Display,DSP_RETARG_ABANDON_02,Email,EML_NEWSLETTER_WKLY_01,"[np.str_('Display'), np.str_('Display'), np.str_('Email')]","['DSP_RETARG_ABANDON_02', 'DSP_PROG_AWARE_01', 'EML_NEWSLETTER_WKLY_01']",0,0.0
USR_00872,1,Display,DSP_PROG_AWARE_01,Display,DSP_PROG_AWARE_01,Display,DSP_PROG_AWARE_01,[np.str_('Display')],['DSP_PROG_AWARE_01'],0,0.0
USR_00873,1,Display,DSP_PROG_AWARE_01,Display,DSP_PROG_AWARE_01,Display,DSP_PROG_AWARE_01,[np.str_('Display')],['DSP_PROG_AWARE_01'],0,0.0
USR_00874,3,Paid Search > Paid Search > Paid Search,SEM_GENERIC_PROD_02 > SEM_COMPETITOR_03 > SEM_GENERIC_PROD_02,Paid Search,SEM_GENERIC_PROD_02,Paid Search,SEM_GENERIC_PROD_02,"[np.str_('Paid Search'), np.str_('Paid Search'), np.str_('Paid Search')]","['SEM_GENERIC_PROD_02', 'SEM_COMPETITOR_03', 'SEM_GENERIC_PROD_02']",0,0.0
USR_00875,4,Organic Search > Organic Search > Display > Paid Search,SEO_ORGANIC_DIRECT > SEO_ORGANIC_DIRECT > DSP_PROG_AWARE_01 > SEM_GENERIC_PROD_02,Organic Search,SEO_ORGANIC_DIRECT,Paid Search,SEM_GENERIC_PROD_02,"[np.str_('Organic Search'), np.str_('Organic Search'), np.str_('Display'), np.str_('Paid Search')]","['SEO_ORGANIC_DIRECT', 'SEO_ORGANIC_DIRECT', 'DSP_PROG_AWARE_01', 'SEM_GENERIC_PROD_02']",0,0.0
USR_00876,3,Social Media > Email > Social Media,SOC_PROSP_LOOKALIKE_01 > EML_NEWSLETTER_WKLY_01 > SOC_RETARG_DPA_02,Social Media,SOC_PROSP_LOOKALIKE_01,Social Media,SOC_RETARG_DPA_02,"[np.str_('Social Media'), np.str_('Email'), np.str_('Social Media')]","['SOC_PROSP_LOOKALIKE_01', 'EML_NEWSLETTER_WKLY_01', 'SOC_RETARG_DPA_02']",0,0.0
USR_00877,2,Social Media > Social Media,SOC_PROSP_LOOKALIKE_01 > SOC_RETARG_DPA_02,Social Media,SOC_PROSP_LOOKALIKE_01,Social Media,SOC_RETARG_DPA_02,"[np.str_('Social Media'), np.str_('Social Media')]","['SOC_PROSP_LOOKALIKE_01', 'SOC_RETARG_DPA_02']",0,0.0
USR_00878,1,Social Media,SOC_INFLUENCER_BOOST_03,Social Media,SOC_INFLUENCER_BOOST_03,Social Media,SOC_INFLUENCER_BOOST_03,[np.str_('Social Media')],['SOC_INFLUENCER_BOOST_03'],0,0.0
USR_00879,1,Display,DSP_PROG_AWARE_01,Display,DSP_PROG_AWARE_01,Display,DSP_PROG_AWARE_01,[np.str_('Display')],['DSP_PROG_AWARE_01'],0,0.0
USR_00880,1,Organic Search,SEO_ORGANIC_DIRECT,Organic Search,SEO_ORGANIC_DIRECT,Organic Search,SEO_ORGANIC_DIRECT,[np.str_('Organic Search')],['SEO_ORGANIC_DIRECT'],1,93.37
USR_00881,2,Display > Social Media,DSP_RETARG_ABANDON_02 > SOC_RETARG_DPA_02,Display,DSP_RETARG_ABANDON_02,Social Media,SOC_RETARG_DPA_02,"[np.str_('Display'), np.str_('Social Media')]","['DSP_RETARG_ABANDON_02', 'SOC_RETARG_DPA_02']",1,74.77
USR_00882,1,Social Media,SOC_INFLUENCER_BOOST_03,Social Media,SOC_INFLUENCER_BOOST_03,Social Media,SOC_INFLUENCER_BOOST_03,[np.str_('Social Media')],['SOC_INFLUENCER_BOOST_03'],0,0.0
USR_00883,4,Display > Paid Search > Organic Search > Paid Search,DSP_PROG_AWARE_01 > SEM_BRAND_01 > SEO_ORGANIC_DIRECT > SEM_COMPETITOR_03,Display,DSP_PROG_AWARE_01,Paid Search,SEM_COMPETITOR_03,"[np.str_('Display'), np.str_('Paid Search'), np.str_('Organic Search'), np.str_('Paid Search')]","['DSP_PROG_AWARE_01', 'SEM_BRAND_01', 'SEO_ORGANIC_DIRECT', 'SEM_COMPETITOR_03']",0,0.0
USR_00884,4,Display > Social Media > Email > Email,DSP_PROG_AWARE_01 > SOC_INFLUENCER_BOOST_03 > EML_WINBACK_90D_03 > EML_WINBACK_90D_03,Display,DSP_PROG_AWARE_01,Email,EML_WINBACK_90D_03,"[np.str_('Display'), np.str_('Social Media'), np.str_('Email'), np.str_('Email')]","['DSP_PROG_AWARE_01', 'SOC_INFLUENCER_BOOST_03', 'EML_WINBACK_90D_03', 'EML_WINBACK_90D_03']",1,115.77
USR_00885,1,Display,DSP_RETARG_ABANDON_02,Display,DSP_RETARG_ABANDON_02,Display,DSP_RETARG_ABANDON_02,[np.str_('Display')],['DSP_RETARG_ABANDON_02'],0,0.0
USR_00886,5,Organic Search > Display > Email > Organic Search > Email,SEO_ORGANIC_DIRECT > DSP_PROG_AWARE_01 > EML_NEWSLETTER_WKLY_01 > SEO_ORGANIC_DIRECT > EML_WINBACK_90D_03,Organic Search,SEO_ORGANIC_DIRECT,Email,EML_WINBACK_90D_03,"[np.str_('Organic Search'), np.str_('Display'), np.str_('Email'), np.str_('Organic Search'), np.str_('Email')]","['SEO_ORGANIC_DIRECT', 'DSP_PROG_AWARE_01', 'EML_NEWSLETTER_WKLY_01', 'SEO_ORGANIC_DIRECT', 'EML_WINBACK_90D_03']",0,0.0
USR_00887,1,Display,DSP_PROG_AWARE_01,Display,DSP_PROG_AWARE_01,Display,DSP_PROG_AWARE_01,[np.str_('Display')],['DSP_PROG_AWARE_01'],0,0.0
USR_00888,1,Social Media,SOC_INFLUENCER_BOOST_03,Social Media,SOC_INFLUENCER_BOOST_03,Social Media,SOC_INFLUENCER_BOOST_03,[np.str_('Social Media')],['SOC_INFLUENCER_BOOST_03'],0,0.0
USR_00889,4,Email > Email > Email > Social Media,EML_WINBACK_90D_03 > EML_NEWSLETTER_WKLY_01 > EML_ABANDONED_CART_02 > SOC_INFLUENCER_BOOST_03,Email,EML_WINBACK_90D_03,Social Media,SOC_INFLUENCER_BOOST_03,"[np.str_('Email'), np.str_('Email'), np.str_('Email'), np.str_('Social Media')]","['EML_WINBACK_90D_03', 'EML_NEWSLETTER_WKLY_01', 'EML_ABANDONED_CART_02', 'SOC_INFLUENCER_BOOST_03']",1,91.86
USR_00890,4,Display > Social Media > Email > Organic Search,DSP_RETARG_ABANDON_02 > SOC_INFLUENCER_BOOST_03 > EML_WINBACK_90D_03 > SEO_ORGANIC_DIRECT,Display,DSP_RETARG_ABANDON_02,Organic Search,SEO_ORGANIC_DIRECT,"[np.str_('Display'), np.str_('Social Media'), np.str_('Email'), np.str_('Organic Search')]","['DSP_RETARG_ABANDON_02', 'SOC_INFLUENCER_BOOST_03', 'EML_WINBACK_90D_03', 'SEO_ORGANIC_DIRECT']",0,0.0
USR_00891,1,Social Media,SOC_PROSP_LOOKALIKE_01,Social Media,SOC_PROSP_LOOKALIKE_01,Social Media,SOC_PROSP_LOOKALIKE_01,[np.str_('Social Media')],['SOC_PROSP_LOOKALIKE_01'],0,0.0
USR_00892,1,Social Media,SOC_RETARG_DPA_02,Social Media,SOC_RETARG_DPA_02,Social Media,SOC_RETARG_DPA_02,[np.str_('Social Media')],['SOC_RETARG_DPA_02'],0,0.0
USR_00893,2,Paid Search > Paid Search,SEM_GENERIC_PROD_02 > SEM_COMPETITOR_03,Paid Search,SEM_GENERIC_PROD_02,Paid Search,SEM_COMPETITOR_03,"[np.str_('Paid Search'), np.str_('Paid Search')]","['SEM_GENERIC_PROD_02', 'SEM_COMPETITOR_03']",0,0.0
USR_00894,1,Organic Search,SEO_ORGANIC_DIRECT,Organic Search,SEO_ORGANIC_DIRECT,Organic Search,SEO_ORGANIC_DIRECT,[np.str_('Organic Search')],['SEO_ORGANIC_DIRECT'],0,0.0
USR_00895,1,Paid Search,SEM_BRAND_01,Paid Search,SEM_BRAND_01,Paid Search,SEM_BRAND_01,[np.str_('Paid Search')],['SEM_BRAND_01'],0,0.0
USR_00896,1,Display,DSP_RETARG_ABANDON_02,Display,DSP_RETARG_ABANDON_02,Display,DSP_RETARG_ABANDON_02,[np.str_('Display')],['DSP_RETARG_ABANDON_02'],0,0.0
USR_00897,1,Social Media,SOC_RETARG_DPA_02,Social Media,SOC_RETARG_DPA_02,Social Media,SOC_RETARG_DPA_02,[np.str_('Social Media')],['SOC_RETARG_DPA_02'],0,0.0
USR_00898,1,Organic Search,SEO_ORGANIC_DIRECT,Organic Search,SEO_ORGANIC_DIRECT,Organic Search,SEO_ORGANIC_DIRECT,[np.str_('Organic Search')],['SEO_ORGANIC_DIRECT'],0,0.0
USR_00899,1,Social Media,SOC_RETARG_DPA_02,Social Media,SOC_RETARG_DPA_02,Social Media,SOC_RETARG_DPA_02,[np.str_('Social Media')],['SOC_RETARG_DPA_02'],0,0.0
USR_00900,4,Display > Paid Search > Social Media > Social Media,DSP_RETARG_ABANDON_02 > SEM_BRAND_01 > SOC_INFLUENCER_BOOST_03 > SOC_INFLUENCER_BOOST_03,Display,DSP_RETARG_ABANDON_02,Social Media,SOC_INFLUENCER_BOOST_03,"[np.str_('Display'), np.str_('Paid Search'), np.str_('Social Media'), np.str_('Social Media')]","['DSP_RETARG_ABANDON_02', 'SEM_BRAND_01', 'SOC_INFLUENCER_BOOST_03', 'SOC_INFLUENCER_BOOST_03']",1,122.32
USR_00901,3,Display > Paid Search > Email,DSP_PROG_AWARE_01 > SEM_BRAND_01 > EML_ABANDONED_CART_02,Display,DSP_PROG_AWARE_01,Email,EML_ABANDONED_CART_02,"[np.str_('Display'), np.str_('Paid Search'), np.str_('Email')]","['DSP_PROG_AWARE_01', 'SEM_BRAND_01', 'EML_ABANDONED_CART_02']",0,0.0
USR_00902,2,Organic Search > Organic Search,SEO_ORGANIC_DIRECT > SEO_ORGANIC_DIRECT,Organic Search,SEO_ORGANIC_DIRECT,Organic Search,SEO_ORGANIC_DIRECT,"[np.str_('Organic Search'), np.str_('Organic Search')]","['SEO_ORGANIC_DIRECT', 'SEO_ORGANIC_DIRECT']",0,0.0
USR_00903,3,Paid Search > Paid Search > Social Media,SEM_COMPETITOR_03 > SEM_GENERIC_PROD_02 > SOC_RETARG_DPA_02,Paid Search,SEM_COMPETITOR_03,Social Media,SOC_RETARG_DPA_02,"[np.str_('Paid Search'), np.str_('Paid Search'), np.str_('Social Media')]","['SEM_COMPETITOR_03', 'SEM_GENERIC_PROD_02', 'SOC_RETARG_DPA_02']",0,0.0
USR_00904,2,Paid Search > Paid Search,SEM_GENERIC_PROD_02 > SEM_BRAND_01,Paid Search,SEM_GENERIC_PROD_02,Paid Search,SEM_BRAND_01,"[np.str_('Paid Search'), np.str_('Paid Search')]","['SEM_GENERIC_PROD_02', 'SEM_BRAND_01']",0,0.0
USR_00905,2,Paid Search > Email,SEM_BRAND_01 > EML_NEWSLETTER_WKLY_01,Paid Search,SEM_BRAND_01,Email,EML_NEWSLETTER_WKLY_01,"[np.str_('Paid Search'), np.str_('Email')]","['SEM_BRAND_01', 'EML_NEWSLETTER_WKLY_01']",0,0.0
USR_00906,5,Social Media > Social Media > Paid Search > Display > Paid Search,SOC_RETARG_DPA_02 > SOC_RETARG_DPA_02 > SEM_COMPETITOR_03 > DSP_RETARG_ABANDON_02 > SEM_BRAND_01,Social Media,SOC_RETARG_DPA_02,Paid Search,SEM_BRAND_01,"[np.str_('Social Media'), np.str_('Social Media'), np.str_('Paid Search'), np.str_('Display'), np.str_('Paid Search')]","['SOC_RETARG_DPA_02', 'SOC_RETARG_DPA_02', 'SEM_COMPETITOR_03', 'DSP_RETARG_ABANDON_02', 'SEM_BRAND_01']",1,126.52
USR_00907,5,Display > Paid Search > Email > Paid Search > Display,DSP_RETARG_ABANDON_02 > SEM_GENERIC_PROD_02 > EML_WINBACK_90D_03 > SEM_BRAND_01 > DSP_RETARG_ABANDON_02,Display,DSP_RETARG_ABANDON_02,Display,DSP_RETARG_ABANDON_02,"[np.str_('Display'), np.str_('Paid Search'), np.str_('Email'), np.str_('Paid Search'), np.str_('Display')]","['DSP_RETARG_ABANDON_02', 'SEM_GENERIC_PROD_02', 'EML_WINBACK_90D_03', 'SEM_BRAND_01', 'DSP_RETARG_ABANDON_02']",0,0.0
USR_00908,1,Display,DSP_RETARG_ABANDON_02,Display,DSP_RETARG_ABANDON_02,Display,DSP_RETARG_ABANDON_02,[np.str_('Display')],['DSP_RETARG_ABANDON_02'],1,103.5
USR_00909,3,Paid Search > Organic Search > Social Media,SEM_COMPETITOR_03 > SEO_ORGANIC_DIRECT > SOC_RETARG_DPA_02,Paid Search,SEM_COMPETITOR_03,Social Media,SOC_RETARG_DPA_02,"[np.str_('Paid Search'), np.str_('Organic Search'), np.str_('Social Media')]","['SEM_COMPETITOR_03', 'SEO_ORGANIC_DIRECT', 'SOC_RETARG_DPA_02']",0,0.0
USR_00910,5,Social Media > Social Media > Paid Search > Email > Display,SOC_RETARG_DPA_02 > SOC_PROSP_LOOKALIKE_01 > SEM_GENERIC_PROD_02 > EML_WINBACK_90D_03 > DSP_PROG_AWARE_01,Social Media,SOC_RETARG_DPA_02,Display,DSP_PROG_AWARE_01,"[np.str_('Social Media'), np.str_('Social Media'), np.str_('Paid Search'), np.str_('Email'), np.str_('Display')]","['SOC_RETARG_DPA_02', 'SOC_PROSP_LOOKALIKE_01', 'SEM_GENERIC_PROD_02', 'EML_WINBACK_90D_03', 'DSP_PROG_AWARE_01']",0,0.0
USR_00911,1,Display,DSP_PROG_AWARE_01,Display,DSP_PROG_AWARE_01,Display,DSP_PROG_AWARE_01,[np.str_('Display')],['DSP_PROG_AWARE_01'],0,0.0
USR_00912,4,Social Media > Social Media > Organic Search > Paid Search,SOC_INFLUENCER_BOOST_03 > SOC_RETARG_DPA_02 > SEO_ORGANIC_DIRECT > SEM_COMPETITOR_03,Social Media,SOC_INFLUENCER_BOOST_03,Paid Search,SEM_COMPETITOR_03,"[np.str_('Social Media'), np.str_('Social Media'), np.str_('Organic Search'), np.str_('Paid Search')]","['SOC_INFLUENCER_BOOST_03', 'SOC_RETARG_DPA_02', 'SEO_ORGANIC_DIRECT', 'SEM_COMPETITOR_03']",0,0.0
USR_00913,1,Social Media,SOC_PROSP_LOOKALIKE_01,Social Media,SOC_PROSP_LOOKALIKE_01,Social Media,SOC_PROSP_LOOKALIKE_01,[np.str_('Social Media')],['SOC_PROSP_LOOKALIKE_01'],0,0.0
USR_00914,1,Display,DSP_PROG_AWARE_01,Display,DSP_PROG_AWARE_01,Display,DSP_PROG_AWARE_01,[np.str_('Display')],['DSP_PROG_AWARE_01'],0,0.0
USR_00915,5,Display > Paid Search > Social Media > Email > Email,DSP_RETARG_ABANDON_02 > SEM_COMPETITOR_03 > SOC_INFLUENCER_BOOST_03 > EML_WINBACK_90D_03 > EML_WINBACK_90D_03,Display,DSP_RETARG_ABANDON_02,Email,EML_WINBACK_90D_03,"[np.str_('Display'), np.str_('Paid Search'), np.str_('Social Media'), np.str_('Email'), np.str_('Email')]","['DSP_RETARG_ABANDON_02', 'SEM_COMPETITOR_03', 'SOC_INFLUENCER_BOOST_03', 'EML_WINBACK_90D_03', 'EML_WINBACK_90D_03']",1,82.67
USR_00916,2,Paid Search > Social Media,SEM_COMPETITOR_03 > SOC_RETARG_DPA_02,Paid Search,SEM_COMPETITOR_03,Social Media,SOC_RETARG_DPA_02,"[np.str_('Paid Search'), np.str_('Social Media')]","['SEM_COMPETITOR_03', 'SOC_RETARG_DPA_02']",0,0.0
USR_00917,2,Paid Search > Social Media,SEM_BRAND_01 > SOC_PROSP_LOOKALIKE_01,Paid Search,SEM_BRAND_01,Social Media,SOC_PROSP_LOOKALIKE_01,"[np.str_('Paid Search'), np.str_('Social Media')]","['SEM_BRAND_01', 'SOC_PROSP_LOOKALIKE_01']",0,0.0
USR_00918,2,Organic Search > Paid Search,SEO_ORGANIC_DIRECT > SEM_GENERIC_PROD_02,Organic Search,SEO_ORGANIC_DIRECT,Paid Search,SEM_GENERIC_PROD_02,"[np.str_('Organic Search'), np.str_('Paid Search')]","['SEO_ORGANIC_DIRECT', 'SEM_GENERIC_PROD_02']",0,0.0
USR_00919,1,Social Media,SOC_INFLUENCER_BOOST_03,Social Media,SOC_INFLUENCER_BOOST_03,Social Media,SOC_INFLUENCER_BOOST_03,[np.str_('Social Media')],['SOC_INFLUENCER_BOOST_03'],0,0.0
USR_00920,3,Display > Paid Search > Email,DSP_RETARG_ABANDON_02 > SEM_BRAND_01 > EML_NEWSLETTER_WKLY_01,Display,DSP_RETARG_ABANDON_02,Email,EML_NEWSLETTER_WKLY_01,"[np.str_('Display'), np.str_('Paid Search'), np.str_('Email')]","['DSP_RETARG_ABANDON_02', 'SEM_BRAND_01', 'EML_NEWSLETTER_WKLY_01']",1,85.0
USR_00921,1,Paid Search,SEM_GENERIC_PROD_02,Paid Search,SEM_GENERIC_PROD_02,Paid Search,SEM_GENERIC_PROD_02,[np.str_('Paid Search')],['SEM_GENERIC_PROD_02'],0,0.0
USR_00922,3,Display > Email > Social Media,DSP_PROG_AWARE_01 > EML_WINBACK_90D_03 > SOC_INFLUENCER_BOOST_03,Display,DSP_PROG_AWARE_01,Social Media,SOC_INFLUENCER_BOOST_03,"[np.str_('Display'), np.str_('Email'), np.str_('Social Media')]","['DSP_PROG_AWARE_01', 'EML_WINBACK_90D_03', 'SOC_INFLUENCER_BOOST_03']",0,0.0
USR_00923,1,Social Media,SOC_PROSP_LOOKALIKE_01,Social Media,SOC_PROSP_LOOKALIKE_01,Social Media,SOC_PROSP_LOOKALIKE_01,[np.str_('Social Media')],['SOC_PROSP_LOOKALIKE_01'],0,0.0
USR_00924,4,Organic Search > Organic Search > Email > Email,SEO_ORGANIC_DIRECT > SEO_ORGANIC_DIRECT > EML_WINBACK_90D_03 > EML_ABANDONED_CART_02,Organic Search,SEO_ORGANIC_DIRECT,Email,EML_ABANDONED_CART_02,"[np.str_('Organic Search'), np.str_('Organic Search'), np.str_('Email'), np.str_('Email')]","['SEO_ORGANIC_DIRECT', 'SEO_ORGANIC_DIRECT', 'EML_WINBACK_90D_03', 'EML_ABANDONED_CART_02']",1,106.46
USR_00925,2,Social Media > Social Media,SOC_RETARG_DPA_02 > SOC_PROSP_LOOKALIKE_01,Social Media,SOC_RETARG_DPA_02,Social Media,SOC_PROSP_LOOKALIKE_01,"[np.str_('Social Media'), np.str_('Social Media')]","['SOC_RETARG_DPA_02', 'SOC_PROSP_LOOKALIKE_01']",0,0.0
USR_00926,1,Paid Search,SEM_BRAND_01,Paid Search,SEM_BRAND_01,Paid Search,SEM_BRAND_01,[np.str_('Paid Search')],['SEM_BRAND_01'],0,0.0
USR_00927,1,Organic Search,SEO_ORGANIC_DIRECT,Organic Search,SEO_ORGANIC_DIRECT,Organic Search,SEO_ORGANIC_DIRECT,[np.str_('Organic Search')],['SEO_ORGANIC_DIRECT'],0,0.0
USR_00928,4,Social Media > Paid Search > Organic Search > Email,SOC_RETARG_DPA_02 > SEM_BRAND_01 > SEO_ORGANIC_DIRECT > EML_ABANDONED_CART_02,Social Media,SOC_RETARG_DPA_02,Email,EML_ABANDONED_CART_02,"[np.str_('Social Media'), np.str_('Paid Search'), np.str_('Organic Search'), np.str_('Email')]","['SOC_RETARG_DPA_02', 'SEM_BRAND_01', 'SEO_ORGANIC_DIRECT', 'EML_ABANDONED_CART_02']",0,0.0
USR_00929,3,Display > Display > Paid Search,DSP_PROG_AWARE_01 > DSP_PROG_AWARE_01 > SEM_BRAND_01,Display,DSP_PROG_AWARE_01,Paid Search,SEM_BRAND_01,"[np.str_('Display'), np.str_('Display'), np.str_('Paid Search')]","['DSP_PROG_AWARE_01', 'DSP_PROG_AWARE_01', 'SEM_BRAND_01']",1,133.62
USR_00930,1,Display,DSP_PROG_AWARE_01,Display,DSP_PROG_AWARE_01,Display,DSP_PROG_AWARE_01,[np.str_('Display')],['DSP_PROG_AWARE_01'],0,0.0
USR_00931,2,Display > Email,DSP_RETARG_ABANDON_02 > EML_ABANDONED_CART_02,Display,DSP_RETARG_ABANDON_02,Email,EML_ABANDONED_CART_02,"[np.str_('Display'), np.str_('Email')]","['DSP_RETARG_ABANDON_02', 'EML_ABANDONED_CART_02']",0,0.0
USR_00932,1,Paid Search,SEM_COMPETITOR_03,Paid Search,SEM_COMPETITOR_03,Paid Search,SEM_COMPETITOR_03,[np.str_('Paid Search')],['SEM_COMPETITOR_03'],0,0.0
USR_00933,2,Display > Email,DSP_RETARG_ABANDON_02 > EML_NEWSLETTER_WKLY_01,Display,DSP_RETARG_ABANDON_02,Email,EML_NEWSLETTER_WKLY_01,"[np.str_('Display'), np.str_('Email')]","['DSP_RETARG_ABANDON_02', 'EML_NEWSLETTER_WKLY_01']",1,108.07
USR_00934,2,Display > Email,DSP_PROG_AWARE_01 > EML_ABANDONED_CART_02,Display,DSP_PROG_AWARE_01,Email,EML_ABANDONED_CART_02,"[np.str_('Display'), np.str_('Email')]","['DSP_PROG_AWARE_01', 'EML_ABANDONED_CART_02']",0,0.0
USR_00935,1,Social Media,SOC_PROSP_LOOKALIKE_01,Social Media,SOC_PROSP_LOOKALIKE_01,Social Media,SOC_PROSP_LOOKALIKE_01,[np.str_('Social Media')],['SOC_PROSP_LOOKALIKE_01'],0,0.0
USR_00936,1,Social Media,SOC_RETARG_DPA_02,Social Media,SOC_RETARG_DPA_02,Social Media,SOC_RETARG_DPA_02,[np.str_('Social Media')],['SOC_RETARG_DPA_02'],1,76.06
USR_00937,1,Social Media,SOC_PROSP_LOOKALIKE_01,Social Media,SOC_PROSP_LOOKALIKE_01,Social Media,SOC_PROSP_LOOKALIKE_01,[np.str_('Social Media')],['SOC_PROSP_LOOKALIKE_01'],1,120.17
USR_00938,1,Display,DSP_PROG_AWARE_01,Display,DSP_PROG_AWARE_01,Display,DSP_PROG_AWARE_01,[np.str_('Display')],['DSP_PROG_AWARE_01'],1,90.86
USR_00939,3,Display > Social Media > Email,DSP_PROG_AWARE_01 > SOC_PROSP_LOOKALIKE_01 > EML_NEWSLETTER_WKLY_01,Display,DSP_PROG_AWARE_01,Email,EML_NEWSLETTER_WKLY_01,"[np.str_('Display'), np.str_('Social Media'), np.str_('Email')]","['DSP_PROG_AWARE_01', 'SOC_PROSP_LOOKALIKE_01', 'EML_NEWSLETTER_WKLY_01']",1,75.97
USR_00940,3,Paid Search > Paid Search > Organic Search,SEM_GENERIC_PROD_02 > SEM_GENERIC_PROD_02 > SEO_ORGANIC_DIRECT,Paid Search,SEM_GENERIC_PROD_02,Organic Search,SEO_ORGANIC_DIRECT,"[np.str_('Paid Search'), np.str_('Paid Search'), np.str_('Organic Search')]","['SEM_GENERIC_PROD_02', 'SEM_GENERIC_PROD_02', 'SEO_ORGANIC_DIRECT']",0,0.0
USR_00941,1,Social Media,SOC_INFLUENCER_BOOST_03,Social Media,SOC_INFLUENCER_BOOST_03,Social Media,SOC_INFLUENCER_BOOST_03,[np.str_('Social Media')],['SOC_INFLUENCER_BOOST_03'],0,0.0
USR_00942,4,Email > Display > Display > Organic Search,EML_WINBACK_90D_03 > DSP_RETARG_ABANDON_02 > DSP_PROG_AWARE_01 > SEO_ORGANIC_DIRECT,Email,EML_WINBACK_90D_03,Organic Search,SEO_ORGANIC_DIRECT,"[np.str_('Email'), np.str_('Display'), np.str_('Display'), np.str_('Organic Search')]","['EML_WINBACK_90D_03', 'DSP_RETARG_ABANDON_02', 'DSP_PROG_AWARE_01', 'SEO_ORGANIC_DIRECT']",0,0.0
USR_00943,1,Paid Search,SEM_BRAND_01,Paid Search,SEM_BRAND_01,Paid Search,SEM_BRAND_01,[np.str_('Paid Search')],['SEM_BRAND_01'],0,0.0
USR_00944,4,Paid Search > Display > Paid Search > Email,SEM_COMPETITOR_03 > DSP_RETARG_ABANDON_02 > SEM_GENERIC_PROD_02 > EML_NEWSLETTER_WKLY_01,Paid Search,SEM_COMPETITOR_03,Email,EML_NEWSLETTER_WKLY_01,"[np.str_('Paid Search'), np.str_('Display'), np.str_('Paid Search'), np.str_('Email')]","['SEM_COMPETITOR_03', 'DSP_RETARG_ABANDON_02', 'SEM_GENERIC_PROD_02', 'EML_NEWSLETTER_WKLY_01']",0,0.0
USR_00945,5,Organic Search > Paid Search > Paid Search > Paid Search > Paid Search,SEO_ORGANIC_DIRECT > SEM_BRAND_01 > SEM_BRAND_01 > SEM_COMPETITOR_03 > SEM_BRAND_01,Organic Search,SEO_ORGANIC_DIRECT,Paid Search,SEM_BRAND_01,"[np.str_('Organic Search'), np.str_('Paid Search'), np.str_('Paid Search'), np.str_('Paid Search'), np.str_('Paid Search')]","['SEO_ORGANIC_DIRECT', 'SEM_BRAND_01', 'SEM_BRAND_01', 'SEM_COMPETITOR_03', 'SEM_BRAND_01']",0,0.0
USR_00946,1,Display,DSP_RETARG_ABANDON_02,Display,DSP_RETARG_ABANDON_02,Display,DSP_RETARG_ABANDON_02,[np.str_('Display')],['DSP_RETARG_ABANDON_02'],1,126.77
USR_00947,3,Paid Search > Display > Email,SEM_COMPETITOR_03 > DSP_PROG_AWARE_01 > EML_NEWSLETTER_WKLY_01,Paid Search,SEM_COMPETITOR_03,Email,EML_NEWSLETTER_WKLY_01,"[np.str_('Paid Search'), np.str_('Display'), np.str_('Email')]","['SEM_COMPETITOR_03', 'DSP_PROG_AWARE_01', 'EML_NEWSLETTER_WKLY_01']",0,0.0
USR_00948,1,Display,DSP_RETARG_ABANDON_02,Display,DSP_RETARG_ABANDON_02,Display,DSP_RETARG_ABANDON_02,[np.str_('Display')],['DSP_RETARG_ABANDON_02'],0,0.0
USR_00949,3,Social Media > Display > Organic Search,SOC_INFLUENCER_BOOST_03 > DSP_RETARG_ABANDON_02 > SEO_ORGANIC_DIRECT,Social Media,SOC_INFLUENCER_BOOST_03,Organic Search,SEO_ORGANIC_DIRECT,"[np.str_('Social Media'), np.str_('Display'), np.str_('Organic Search')]","['SOC_INFLUENCER_BOOST_03', 'DSP_RETARG_ABANDON_02', 'SEO_ORGANIC_DIRECT']",1,119.57
USR_00950,5,Display > Paid Search > Paid Search > Display > Paid Search,DSP_PROG_AWARE_01 > SEM_COMPETITOR_03 > SEM_GENERIC_PROD_02 > DSP_RETARG_ABANDON_02 > SEM_COMPETITOR_03,Display,DSP_PROG_AWARE_01,Paid Search,SEM_COMPETITOR_03,"[np.str_('Display'), np.str_('Paid Search'), np.str_('Paid Search'), np.str_('Display'), np.str_('Paid Search')]","['DSP_PROG_AWARE_01', 'SEM_COMPETITOR_03', 'SEM_GENERIC_PROD_02', 'DSP_RETARG_ABANDON_02', 'SEM_COMPETITOR_03']",0,0.0
USR_00951,1,Organic Search,SEO_ORGANIC_DIRECT,Organic Search,SEO_ORGANIC_DIRECT,Organic Search,SEO_ORGANIC_DIRECT,[np.str_('Organic Search')],['SEO_ORGANIC_DIRECT'],0,0.0
USR_00952,1,Display,DSP_RETARG_ABANDON_02,Display,DSP_RETARG_ABANDON_02,Display,DSP_RETARG_ABANDON_02,[np.str_('Display')],['DSP_RETARG_ABANDON_02'],0,0.0
USR_00953,1,Social Media,SOC_INFLUENCER_BOOST_03,Social Media,SOC_INFLUENCER_BOOST_03,Social Media,SOC_INFLUENCER_BOOST_03,[np.str_('Social Media')],['SOC_INFLUENCER_BOOST_03'],1,64.06
USR_00954,1,Organic Search,SEO_ORGANIC_DIRECT,Organic Search,SEO_ORGANIC_DIRECT,Organic Search,SEO_ORGANIC_DIRECT,[np.str_('Organic Search')],['SEO_ORGANIC_DIRECT'],0,0.0
USR_00955,1,Paid Search,SEM_COMPETITOR_03,Paid Search,SEM_COMPETITOR_03,Paid Search,SEM_COMPETITOR_03,[np.str_('Paid Search')],['SEM_COMPETITOR_03'],1,106.86
USR_00956,2,Paid Search > Organic Search,SEM_COMPETITOR_03 > SEO_ORGANIC_DIRECT,Paid Search,SEM_COMPETITOR_03,Organic Search,SEO_ORGANIC_DIRECT,"[np.str_('Paid Search'), np.str_('Organic Search')]","['SEM_COMPETITOR_03', 'SEO_ORGANIC_DIRECT']",0,0.0
USR_00957,1,Social Media,SOC_RETARG_DPA_02,Social Media,SOC_RETARG_DPA_02,Social Media,SOC_RETARG_DPA_02,[np.str_('Social Media')],['SOC_RETARG_DPA_02'],0,0.0
USR_00958,5,Display > Display > Social Media > Paid Search > Email,DSP_RETARG_ABANDON_02 > DSP_RETARG_ABANDON_02 > SOC_RETARG_DPA_02 > SEM_BRAND_01 > EML_NEWSLETTER_WKLY_01,Display,DSP_RETARG_ABANDON_02,Email,EML_NEWSLETTER_WKLY_01,"[np.str_('Display'), np.str_('Display'), np.str_('Social Media'), np.str_('Paid Search'), np.str_('Email')]","['DSP_RETARG_ABANDON_02', 'DSP_RETARG_ABANDON_02', 'SOC_RETARG_DPA_02', 'SEM_BRAND_01', 'EML_NEWSLETTER_WKLY_01']",0,0.0
USR_00959,4,Social Media > Organic Search > Display > Paid Search,SOC_PROSP_LOOKALIKE_01 > SEO_ORGANIC_DIRECT > DSP_RETARG_ABANDON_02 > SEM_COMPETITOR_03,Social Media,SOC_PROSP_LOOKALIKE_01,Paid Search,SEM_COMPETITOR_03,"[np.str_('Social Media'), np.str_('Organic Search'), np.str_('Display'), np.str_('Paid Search')]","['SOC_PROSP_LOOKALIKE_01', 'SEO_ORGANIC_DIRECT', 'DSP_RETARG_ABANDON_02', 'SEM_COMPETITOR_03']",0,0.0
USR_00960,5,Display > Email > Organic Search > Organic Search > Email,DSP_PROG_AWARE_01 > EML_ABANDONED_CART_02 > SEO_ORGANIC_DIRECT > SEO_ORGANIC_DIRECT > EML_NEWSLETTER_WKLY_01,Display,DSP_PROG_AWARE_01,Email,EML_NEWSLETTER_WKLY_01,"[np.str_('Display'), np.str_('Email'), np.str_('Organic Search'), np.str_('Organic Search'), np.str_('Email')]","['DSP_PROG_AWARE_01', 'EML_ABANDONED_CART_02', 'SEO_ORGANIC_DIRECT', 'SEO_ORGANIC_DIRECT', 'EML_NEWSLETTER_WKLY_01']",0,0.0
USR_00961,2,Display > Paid Search,DSP_RETARG_ABANDON_02 > SEM_COMPETITOR_03,Display,DSP_RETARG_ABANDON_02,Paid Search,SEM_COMPETITOR_03,"[np.str_('Display'), np.str_('Paid Search')]","['DSP_RETARG_ABANDON_02', 'SEM_COMPETITOR_03']",0,0.0
USR_00962,5,Display > Organic Search > Organic Search > Paid Search > Paid Search,DSP_PROG_AWARE_01 > SEO_ORGANIC_DIRECT > SEO_ORGANIC_DIRECT > SEM_GENERIC_PROD_02 > SEM_GENERIC_PROD_02,Display,DSP_PROG_AWARE_01,Paid Search,SEM_GENERIC_PROD_02,"[np.str_('Display'), np.str_('Organic Search'), np.str_('Organic Search'), np.str_('Paid Search'), np.str_('Paid Search')]","['DSP_PROG_AWARE_01', 'SEO_ORGANIC_DIRECT', 'SEO_ORGANIC_DIRECT', 'SEM_GENERIC_PROD_02', 'SEM_GENERIC_PROD_02']",0,0.0
USR_00963,2,Social Media > Email,SOC_PROSP_LOOKALIKE_01 > EML_ABANDONED_CART_02,Social Media,SOC_PROSP_LOOKALIKE_01,Email,EML_ABANDONED_CART_02,"[np.str_('Social Media'), np.str_('Email')]","['SOC_PROSP_LOOKALIKE_01', 'EML_ABANDONED_CART_02']",0,0.0
USR_00964,1,Paid Search,SEM_GENERIC_PROD_02,Paid Search,SEM_GENERIC_PROD_02,Paid Search,SEM_GENERIC_PROD_02,[np.str_('Paid Search')],['SEM_GENERIC_PROD_02'],0,0.0
USR_00965,2,Organic Search > Display,SEO_ORGANIC_DIRECT > DSP_RETARG_ABANDON_02,Organic Search,SEO_ORGANIC_DIRECT,Display,DSP_RETARG_ABANDON_02,"[np.str_('Organic Search'), np.str_('Display')]","['SEO_ORGANIC_DIRECT', 'DSP_RETARG_ABANDON_02']",0,0.0
USR_00966,3,Organic Search > Social Media > Social Media,SEO_ORGANIC_DIRECT > SOC_PROSP_LOOKALIKE_01 > SOC_RETARG_DPA_02,Organic Search,SEO_ORGANIC_DIRECT,Social Media,SOC_RETARG_DPA_02,"[np.str_('Organic Search'), np.str_('Social Media'), np.str_('Social Media')]","['SEO_ORGANIC_DIRECT', 'SOC_PROSP_LOOKALIKE_01', 'SOC_RETARG_DPA_02']",1,146.57
USR_00967,1,Display,DSP_PROG_AWARE_01,Display,DSP_PROG_AWARE_01,Display,DSP_PROG_AWARE_01,[np.str_('Display')],['DSP_PROG_AWARE_01'],0,0.0
USR_00968,1,Paid Search,SEM_GENERIC_PROD_02,Paid Search,SEM_GENERIC_PROD_02,Paid Search,SEM_GENERIC_PROD_02,[np.str_('Paid Search')],['SEM_GENERIC_PROD_02'],0,0.0
USR_00969,1,Paid Search,SEM_BRAND_01,Paid Search,SEM_BRAND_01,Paid Search,SEM_BRAND_01,[np.str_('Paid Search')],['SEM_BRAND_01'],0,0.0
USR_00970,3,Email > Social Media > Paid Search,EML_WINBACK_90D_03 > SOC_INFLUENCER_BOOST_03 > SEM_COMPETITOR_03,Email,EML_WINBACK_90D_03,Paid Search,SEM_COMPETITOR_03,"[np.str_('Email'), np.str_('Social Media'), np.str_('Paid Search')]","['EML_WINBACK_90D_03', 'SOC_INFLUENCER_BOOST_03', 'SEM_COMPETITOR_03']",0,0.0
USR_00971,1,Social Media,SOC_RETARG_DPA_02,Social Media,SOC_RETARG_DPA_02,Social Media,SOC_RETARG_DPA_02,[np.str_('Social Media')],['SOC_RETARG_DPA_02'],0,0.0
USR_00972,1,Display,DSP_PROG_AWARE_01,Display,DSP_PROG_AWARE_01,Display,DSP_PROG_AWARE_01,[np.str_('Display')],['DSP_PROG_AWARE_01'],0,0.0
USR_00973,2,Display > Social Media,DSP_RETARG_ABANDON_02 > SOC_RETARG_DPA_02,Display,DSP_RETARG_ABANDON_02,Social Media,SOC_RETARG_DPA_02,"[np.str_('Display'), np.str_('Social Media')]","['DSP_RETARG_ABANDON_02', 'SOC_RETARG_DPA_02']",0,0.0
USR_00974,2,Display > Paid Search,DSP_PROG_AWARE_01 > SEM_COMPETITOR_03,Display,DSP_PROG_AWARE_01,Paid Search,SEM_COMPETITOR_03,"[np.str_('Display'), np.str_('Paid Search')]","['DSP_PROG_AWARE_01', 'SEM_COMPETITOR_03']",0,0.0
USR_00975,2,Social Media > Social Media,SOC_INFLUENCER_BOOST_03 > SOC_INFLUENCER_BOOST_03,Social Media,SOC_INFLUENCER_BOOST_03,Social Media,SOC_INFLUENCER_BOOST_03,"[np.str_('Social Media'), np.str_('Social Media')]","['SOC_INFLUENCER_BOOST_03', 'SOC_INFLUENCER_BOOST_03']",0,0.0
USR_00976,1,Display,DSP_PROG_AWARE_01,Display,DSP_PROG_AWARE_01,Display,DSP_PROG_AWARE_01,[np.str_('Display')],['DSP_PROG_AWARE_01'],0,0.0
USR_00977,2,Organic Search > Email,SEO_ORGANIC_DIRECT > EML_WINBACK_90D_03,Organic Search,SEO_ORGANIC_DIRECT,Email,EML_WINBACK_90D_03,"[np.str_('Organic Search'), np.str_('Email')]","['SEO_ORGANIC_DIRECT', 'EML_WINBACK_90D_03']",0,0.0
USR_00978,2,Social Media > Display,SOC_PROSP_LOOKALIKE_01 > DSP_PROG_AWARE_01,Social Media,SOC_PROSP_LOOKALIKE_01,Display,DSP_PROG_AWARE_01,"[np.str_('Social Media'), np.str_('Display')]","['SOC_PROSP_LOOKALIKE_01', 'DSP_PROG_AWARE_01']",0,0.0
USR_00979,1,Display,DSP_RETARG_ABANDON_02,Display,DSP_RETARG_ABANDON_02,Display,DSP_RETARG_ABANDON_02,[np.str_('Display')],['DSP_RETARG_ABANDON_02'],1,122.25
USR_00980,1,Social Media,SOC_PROSP_LOOKALIKE_01,Social Media,SOC_PROSP_LOOKALIKE_01,Social Media,SOC_PROSP_LOOKALIKE_01,[np.str_('Social Media')],['SOC_PROSP_LOOKALIKE_01'],0,0.0
USR_00981,1,Email,EML_NEWSLETTER_WKLY_01,Email,EML_NEWSLETTER_WKLY_01,Email,EML_NEWSLETTER_WKLY_01,[np.str_('Email')],['EML_NEWSLETTER_WKLY_01'],0,0.0
USR_00982,1,Paid Search,SEM_COMPETITOR_03,Paid Search,SEM_COMPETITOR_03,Paid Search,SEM_COMPETITOR_03,[np.str_('Paid Search')],['SEM_COMPETITOR_03'],0,0.0
USR_00983,4,Social Media > Paid Search > Paid Search > Email,SOC_RETARG_DPA_02 > SEM_BRAND_01 > SEM_GENERIC_PROD_02 > EML_WINBACK_90D_03,Social Media,SOC_RETARG_DPA_02,Email,EML_WINBACK_90D_03,"[np.str_('Social Media'), np.str_('Paid Search'), np.str_('Paid Search'), np.str_('Email')]","['SOC_RETARG_DPA_02', 'SEM_BRAND_01', 'SEM_GENERIC_PROD_02', 'EML_WINBACK_90D_03']",0,0.0
USR_00984,1,Display,DSP_RETARG_ABANDON_02,Display,DSP_RETARG_ABANDON_02,Display,DSP_RETARG_ABANDON_02,[np.str_('Display')],['DSP_RETARG_ABANDON_02'],0,0.0
USR_00985,2,Organic Search > Email,SEO_ORGANIC_DIRECT > EML_NEWSLETTER_WKLY_01,Organic Search,SEO_ORGANIC_DIRECT,Email,EML_NEWSLETTER_WKLY_01,"[np.str_('Organic Search'), np.str_('Email')]","['SEO_ORGANIC_DIRECT', 'EML_NEWSLETTER_WKLY_01']",0,0.0
USR_00986,4,Paid Search > Display > Organic Search > Paid Search,SEM_BRAND_01 > DSP_PROG_AWARE_01 > SEO_ORGANIC_DIRECT > SEM_COMPETITOR_03,Paid Search,SEM_BRAND_01,Paid Search,SEM_COMPETITOR_03,"[np.str_('Paid Search'), np.str_('Display'), np.str_('Organic Search'), np.str_('Paid Search')]","['SEM_BRAND_01', 'DSP_PROG_AWARE_01', 'SEO_ORGANIC_DIRECT', 'SEM_COMPETITOR_03']",0,0.0
USR_00987,1,Display,DSP_RETARG_ABANDON_02,Display,DSP_RETARG_ABANDON_02,Display,DSP_RETARG_ABANDON_02,[np.str_('Display')],['DSP_RETARG_ABANDON_02'],0,0.0
USR_00988,2,Display > Social Media,DSP_RETARG_ABANDON_02 > SOC_PROSP_LOOKALIKE_01,Display,DSP_RETARG_ABANDON_02,Social Media,SOC_PROSP_LOOKALIKE_01,"[np.str_('Display'), np.str_('Social Media')]","['DSP_RETARG_ABANDON_02', 'SOC_PROSP_LOOKALIKE_01']",0,0.0
USR_00989,3,Paid Search > Social Media > Organic Search,SEM_GENERIC_PROD_02 > SOC_RETARG_DPA_02 > SEO_ORGANIC_DIRECT,Paid Search,SEM_GENERIC_PROD_02,Organic Search,SEO_ORGANIC_DIRECT,"[np.str_('Paid Search'), np.str_('Social Media'), np.str_('Organic Search')]","['SEM_GENERIC_PROD_02', 'SOC_RETARG_DPA_02', 'SEO_ORGANIC_DIRECT']",0,0.0
USR_00990,1,Display,DSP_RETARG_ABANDON_02,Display,DSP_RETARG_ABANDON_02,Display,DSP_RETARG_ABANDON_02,[np.str_('Display')],['DSP_RETARG_ABANDON_02'],0,0.0
USR_00991,5,Social Media > Display > Social Media > Display > Social Media,SOC_PROSP_LOOKALIKE_01 > DSP_RETARG_ABANDON_02 > SOC_PROSP_LOOKALIKE_01 > DSP_RETARG_ABANDON_02 > SOC_INFLUENCER_BOOST_03,Social Media,SOC_PROSP_LOOKALIKE_01,Social Media,SOC_INFLUENCER_BOOST_03,"[np.str_('Social Media'), np.str_('Display'), np.str_('Social Media'), np.str_('Display'), np.str_('Social Media')]","['SOC_PROSP_LOOKALIKE_01', 'DSP_RETARG_ABANDON_02', 'SOC_PROSP_LOOKALIKE_01', 'DSP_RETARG_ABANDON_02', 'SOC_INFLUENCER_BOOST_03']",0,0.0
USR_00992,1,Email,EML_ABANDONED_CART_02,Email,EML_ABANDONED_CART_02,Email,EML_ABANDONED_CART_02,[np.str_('Email')],['EML_ABANDONED_CART_02'],0,0.0
USR_00993,1,Paid Search,SEM_BRAND_01,Paid Search,SEM_BRAND_01,Paid Search,SEM_BRAND_01,[np.str_('Paid Search')],['SEM_BRAND_01'],0,0.0
USR_00994,1,Social Media,SOC_PROSP_LOOKALIKE_01,Social Media,SOC_PROSP_LOOKALIKE_01,Social Media,SOC_PROSP_LOOKALIKE_01,[np.str_('Social Media')],['SOC_PROSP_LOOKALIKE_01'],0,0.0
USR_00995,1,Social Media,SOC_RETARG_DPA_02,Social Media,SOC_RETARG_DPA_02,Social Media,SOC_RETARG_DPA_02,[np.str_('Social Media')],['SOC_RETARG_DPA_02'],0,0.0
USR_00996,5,Display > Email > Organic Search > Paid Search > Organic Search,DSP_RETARG_ABANDON_02 > EML_WINBACK_90D_03 > SEO_ORGANIC_DIRECT > SEM_BRAND_01 > SEO_ORGANIC_DIRECT,Display,DSP_RETARG_ABANDON_02,Organic Search,SEO_ORGANIC_DIRECT,"[np.str_('Display'), np.str_('Email'), np.str_('Organic Search'), np.str_('Paid Search'), np.str_('Organic Search')]","['DSP_RETARG_ABANDON_02', 'EML_WINBACK_90D_03', 'SEO_ORGANIC_DIRECT', 'SEM_BRAND_01', 'SEO_ORGANIC_DIRECT']",0,0.0
USR_00997,1,Social Media,SOC_PROSP_LOOKALIKE_01,Social Media,SOC_PROSP_LOOKALIKE_01,Social Media,SOC_PROSP_LOOKALIKE_01,[np.str_('Social Media')],['SOC_PROSP_LOOKALIKE_01'],0,0.0
USR_00998,1,Organic Search,SEO_ORGANIC_DIRECT,Organic Search,SEO_ORGANIC_DIRECT,Organic Search,SEO_ORGANIC_DIRECT,[np.str_('Organic Search')],['SEO_ORGANIC_DIRECT'],0,0.0
USR_00999,1,Social Media,SOC_PROSP_LOOKALIKE_01,Social Media,SOC_PROSP_LOOKALIKE_01,Social Media,SOC_PROSP_LOOKALIKE_01,[np.str_('Social Media')],['SOC_PROSP_LOOKALIKE_01'],0,0.0
USR_01000,1,Display,DSP_PROG_AWARE_01,Display,DSP_PROG_AWARE_01,Display,DSP_PROG_AWARE_01,[np.str_('Display')],['DSP_PROG_AWARE_01'],0,0.0
USR_01001,2,Social Media > Paid Search,SOC_RETARG_DPA_02 > SEM_BRAND_01,Social Media,SOC_RETARG_DPA_02,Paid Search,SEM_BRAND_01,"[np.str_('Social Media'), np.str_('Paid Search')]","['SOC_RETARG_DPA_02', 'SEM_BRAND_01']",0,0.0
USR_01002,4,Display > Organic Search > Paid Search > Display,DSP_PROG_AWARE_01 > SEO_ORGANIC_DIRECT > SEM_BRAND_01 > DSP_RETARG_ABANDON_02,Display,DSP_PROG_AWARE_01,Display,DSP_RETARG_ABANDON_02,"[np.str_('Display'), np.str_('Organic Search'), np.str_('Paid Search'), np.str_('Display')]","['DSP_PROG_AWARE_01', 'SEO_ORGANIC_DIRECT', 'SEM_BRAND_01', 'DSP_RETARG_ABANDON_02']",0,0.0
USR_01003,5,Paid Search > Paid Search > Social Media > Display > Paid Search,SEM_GENERIC_PROD_02 > SEM_GENERIC_PROD_02 > SOC_INFLUENCER_BOOST_03 > DSP_PROG_AWARE_01 > SEM_GENERIC_PROD_02,Paid Search,SEM_GENERIC_PROD_02,Paid Search,SEM_GENERIC_PROD_02,"[np.str_('Paid Search'), np.str_('Paid Search'), np.str_('Social Media'), np.str_('Display'), np.str_('Paid Search')]","['SEM_GENERIC_PROD_02', 'SEM_GENERIC_PROD_02', 'SOC_INFLUENCER_BOOST_03', 'DSP_PROG_AWARE_01', 'SEM_GENERIC_PROD_02']",0,0.0
USR_01004,1,Paid Search,SEM_GENERIC_PROD_02,Paid Search,SEM_GENERIC_PROD_02,Paid Search,SEM_GENERIC_PROD_02,[np.str_('Paid Search')],['SEM_GENERIC_PROD_02'],0,0.0
USR_01005,3,Paid Search > Organic Search > Organic Search,SEM_BRAND_01 > SEO_ORGANIC_DIRECT > SEO_ORGANIC_DIRECT,Paid Search,SEM_BRAND_01,Organic Search,SEO_ORGANIC_DIRECT,"[np.str_('Paid Search'), np.str_('Organic Search'), np.str_('Organic Search')]","['SEM_BRAND_01', 'SEO_ORGANIC_DIRECT', 'SEO_ORGANIC_DIRECT']",0,0.0
USR_01006,1,Email,EML_WINBACK_90D_03,Email,EML_WINBACK_90D_03,Email,EML_WINBACK_90D_03,[np.str_('Email')],['EML_WINBACK_90D_03'],0,0.0
USR_01007,2,Display > Social Media,DSP_RETARG_ABANDON_02 > SOC_PROSP_LOOKALIKE_01,Display,DSP_RETARG_ABANDON_02,Social Media,SOC_PROSP_LOOKALIKE_01,"[np.str_('Display'), np.str_('Social Media')]","['DSP_RETARG_ABANDON_02', 'SOC_PROSP_LOOKALIKE_01']",0,0.0
USR_01008,4,Social Media > Organic Search > Social Media > Paid Search,SOC_RETARG_DPA_02 > SEO_ORGANIC_DIRECT > SOC_INFLUENCER_BOOST_03 > SEM_COMPETITOR_03,Social Media,SOC_RETARG_DPA_02,Paid Search,SEM_COMPETITOR_03,"[np.str_('Social Media'), np.str_('Organic Search'), np.str_('Social Media'), np.str_('Paid Search')]","['SOC_RETARG_DPA_02', 'SEO_ORGANIC_DIRECT', 'SOC_INFLUENCER_BOOST_03', 'SEM_COMPETITOR_03']",0,0.0
USR_01009,4,Display > Organic Search > Display > Paid Search,DSP_RETARG_ABANDON_02 > SEO_ORGANIC_DIRECT > DSP_PROG_AWARE_01 > SEM_COMPETITOR_03,Display,DSP_RETARG_ABANDON_02,Paid Search,SEM_COMPETITOR_03,"[np.str_('Display'), np.str_('Organic Search'), np.str_('Display'), np.str_('Paid Search')]","['DSP_RETARG_ABANDON_02', 'SEO_ORGANIC_DIRECT', 'DSP_PROG_AWARE_01', 'SEM_COMPETITOR_03']",0,0.0
USR_01010,1,Display,DSP_PROG_AWARE_01,Display,DSP_PROG_AWARE_01,Display,DSP_PROG_AWARE_01,[np.str_('Display')],['DSP_PROG_AWARE_01'],0,0.0
USR_01011,2,Social Media > Organic Search,SOC_INFLUENCER_BOOST_03 > SEO_ORGANIC_DIRECT,Social Media,SOC_INFLUENCER_BOOST_03,Organic Search,SEO_ORGANIC_DIRECT,"[np.str_('Social Media'), np.str_('Organic Search')]","['SOC_INFLUENCER_BOOST_03', 'SEO_ORGANIC_DIRECT']",0,0.0
USR_01012,1,Paid Search,SEM_COMPETITOR_03,Paid Search,SEM_COMPETITOR_03,Paid Search,SEM_COMPETITOR_03,[np.str_('Paid Search')],['SEM_COMPETITOR_03'],1,106.58
USR_01013,5,Social Media > Social Media > Social Media > Social Media > Display,SOC_PROSP_LOOKALIKE_01 > SOC_RETARG_DPA_02 > SOC_RETARG_DPA_02 > SOC_PROSP_LOOKALIKE_01 > DSP_PROG_AWARE_01,Social Media,SOC_PROSP_LOOKALIKE_01,Display,DSP_PROG_AWARE_01,"[np.str_('Social Media'), np.str_('Social Media'), np.str_('Social Media'), np.str_('Social Media'), np.str_('Display')]","['SOC_PROSP_LOOKALIKE_01', 'SOC_RETARG_DPA_02', 'SOC_RETARG_DPA_02', 'SOC_PROSP_LOOKALIKE_01', 'DSP_PROG_AWARE_01']",1,61.78
USR_01014,5,Social Media > Social Media > Social Media > Organic Search > Organic Search,SOC_PROSP_LOOKALIKE_01 > SOC_PROSP_LOOKALIKE_01 > SOC_RETARG_DPA_02 > SEO_ORGANIC_DIRECT > SEO_ORGANIC_DIRECT,Social Media,SOC_PROSP_LOOKALIKE_01,Organic Search,SEO_ORGANIC_DIRECT,"[np.str_('Social Media'), np.str_('Social Media'), np.str_('Social Media'), np.str_('Organic Search'), np.str_('Organic Search')]","['SOC_PROSP_LOOKALIKE_01', 'SOC_PROSP_LOOKALIKE_01', 'SOC_RETARG_DPA_02', 'SEO_ORGANIC_DIRECT', 'SEO_ORGANIC_DIRECT']",0,0.0
USR_01015,1,Social Media,SOC_PROSP_LOOKALIKE_01,Social Media,SOC_PROSP_LOOKALIKE_01,Social Media,SOC_PROSP_LOOKALIKE_01,[np.str_('Social Media')],['SOC_PROSP_LOOKALIKE_01'],0,0.0
USR_01016,1,Social Media,SOC_INFLUENCER_BOOST_03,Social Media,SOC_INFLUENCER_BOOST_03,Social Media,SOC_INFLUENCER_BOOST_03,[np.str_('Social Media')],['SOC_INFLUENCER_BOOST_03'],0,0.0
USR_01017,1,Display,DSP_RETARG_ABANDON_02,Display,DSP_RETARG_ABANDON_02,Display,DSP_RETARG_ABANDON_02,[np.str_('Display')],['DSP_RETARG_ABANDON_02'],0,0.0
USR_01018,2,Paid Search > Email,SEM_BRAND_01 > EML_ABANDONED_CART_02,Paid Search,SEM_BRAND_01,Email,EML_ABANDONED_CART_02,"[np.str_('Paid Search'), np.str_('Email')]","['SEM_BRAND_01', 'EML_ABANDONED_CART_02']",0,0.0
USR_01019,2,Display > Email,DSP_RETARG_ABANDON_02 > EML_NEWSLETTER_WKLY_01,Display,DSP_RETARG_ABANDON_02,Email,EML_NEWSLETTER_WKLY_01,"[np.str_('Display'), np.str_('Email')]","['DSP_RETARG_ABANDON_02', 'EML_NEWSLETTER_WKLY_01']",1,125.83
USR_01020,3,Paid Search > Paid Search > Display,SEM_BRAND_01 > SEM_BRAND_01 > DSP_RETARG_ABANDON_02,Paid Search,SEM_BRAND_01,Display,DSP_RETARG_ABANDON_02,"[np.str_('Paid Search'), np.str_('Paid Search'), np.str_('Display')]","['SEM_BRAND_01', 'SEM_BRAND_01', 'DSP_RETARG_ABANDON_02']",0,0.0
USR_01021,2,Paid Search > Email,SEM_COMPETITOR_03 > EML_NEWSLETTER_WKLY_01,Paid Search,SEM_COMPETITOR_03,Email,EML_NEWSLETTER_WKLY_01,"[np.str_('Paid Search'), np.str_('Email')]","['SEM_COMPETITOR_03', 'EML_NEWSLETTER_WKLY_01']",0,0.0
USR_01022,1,Social Media,SOC_PROSP_LOOKALIKE_01,Social Media,SOC_PROSP_LOOKALIKE_01,Social Media,SOC_PROSP_LOOKALIKE_01,[np.str_('Social Media')],['SOC_PROSP_LOOKALIKE_01'],0,0.0
USR_01023,3,Paid Search > Paid Search > Paid Search,SEM_BRAND_01 > SEM_BRAND_01 > SEM_COMPETITOR_03,Paid Search,SEM_BRAND_01,Paid Search,SEM_COMPETITOR_03,"[np.str_('Paid Search'), np.str_('Paid Search'), np.str_('Paid Search')]","['SEM_BRAND_01', 'SEM_BRAND_01', 'SEM_COMPETITOR_03']",0,0.0
USR_01024,4,Organic Search > Organic Search > Social Media > Email,SEO_ORGANIC_DIRECT > SEO_ORGANIC_DIRECT > SOC_PROSP_LOOKALIKE_01 > EML_ABANDONED_CART_02,Organic Search,SEO_ORGANIC_DIRECT,Email,EML_ABANDONED_CART_02,"[np.str_('Organic Search'), np.str_('Organic Search'), np.str_('Social Media'), np.str_('Email')]","['SEO_ORGANIC_DIRECT', 'SEO_ORGANIC_DIRECT', 'SOC_PROSP_LOOKALIKE_01', 'EML_ABANDONED_CART_02']",0,0.0
USR_01025,1,Paid Search,SEM_GENERIC_PROD_02,Paid Search,SEM_GENERIC_PROD_02,Paid Search,SEM_GENERIC_PROD_02,[np.str_('Paid Search')],['SEM_GENERIC_PROD_02'],0,0.0
USR_01026,1,Display,DSP_RETARG_ABANDON_02,Display,DSP_RETARG_ABANDON_02,Display,DSP_RETARG_ABANDON_02,[np.str_('Display')],['DSP_RETARG_ABANDON_02'],0,0.0
USR_01027,1,Display,DSP_PROG_AWARE_01,Display,DSP_PROG_AWARE_01,Display,DSP_PROG_AWARE_01,[np.str_('Display')],['DSP_PROG_AWARE_01'],1,75.3
USR_01028,2,Social Media > Organic Search,SOC_PROSP_LOOKALIKE_01 > SEO_ORGANIC_DIRECT,Social Media,SOC_PROSP_LOOKALIKE_01,Organic Search,SEO_ORGANIC_DIRECT,"[np.str_('Social Media'), np.str_('Organic Search')]","['SOC_PROSP_LOOKALIKE_01', 'SEO_ORGANIC_DIRECT']",0,0.0
USR_01029,2,Social Media > Email,SOC_PROSP_LOOKALIKE_01 > EML_NEWSLETTER_WKLY_01,Social Media,SOC_PROSP_LOOKALIKE_01,Email,EML_NEWSLETTER_WKLY_01,"[np.str_('Social Media'), np.str_('Email')]","['SOC_PROSP_LOOKALIKE_01', 'EML_NEWSLETTER_WKLY_01']",0,0.0
USR_01030,3,Social Media > Email > Paid Search,SOC_PROSP_LOOKALIKE_01 > EML_WINBACK_90D_03 > SEM_BRAND_01,Social Media,SOC_PROSP_LOOKALIKE_01,Paid Search,SEM_BRAND_01,"[np.str_('Social Media'), np.str_('Email'), np.str_('Paid Search')]","['SOC_PROSP_LOOKALIKE_01', 'EML_WINBACK_90D_03', 'SEM_BRAND_01']",0,0.0
USR_01031,3,Paid Search > Organic Search > Email,SEM_COMPETITOR_03 > SEO_ORGANIC_DIRECT > EML_WINBACK_90D_03,Paid Search,SEM_COMPETITOR_03,Email,EML_WINBACK_90D_03,"[np.str_('Paid Search'), np.str_('Organic Search'), np.str_('Email')]","['SEM_COMPETITOR_03', 'SEO_ORGANIC_DIRECT', 'EML_WINBACK_90D_03']",0,0.0
USR_01032,5,Social Media > Social Media > Social Media > Email > Paid Search,SOC_PROSP_LOOKALIKE_01 > SOC_INFLUENCER_BOOST_03 > SOC_INFLUENCER_BOOST_03 > EML_NEWSLETTER_WKLY_01 > SEM_BRAND_01,Social Media,SOC_PROSP_LOOKALIKE_01,Paid Search,SEM_BRAND_01,"[np.str_('Social Media'), np.str_('Social Media'), np.str_('Social Media'), np.str_('Email'), np.str_('Paid Search')]","['SOC_PROSP_LOOKALIKE_01', 'SOC_INFLUENCER_BOOST_03', 'SOC_INFLUENCER_BOOST_03', 'EML_NEWSLETTER_WKLY_01', 'SEM_BRAND_01']",0,0.0
USR_01033,1,Organic Search,SEO_ORGANIC_DIRECT,Organic Search,SEO_ORGANIC_DIRECT,Organic Search,SEO_ORGANIC_DIRECT,[np.str_('Organic Search')],['SEO_ORGANIC_DIRECT'],1,143.96
USR_01034,2,Display > Paid Search,DSP_RETARG_ABANDON_02 > SEM_COMPETITOR_03,Display,DSP_RETARG_ABANDON_02,Paid Search,SEM_COMPETITOR_03,"[np.str_('Display'), np.str_('Paid Search')]","['DSP_RETARG_ABANDON_02', 'SEM_COMPETITOR_03']",0,0.0
USR_01035,1,Display,DSP_RETARG_ABANDON_02,Display,DSP_RETARG_ABANDON_02,Display,DSP_RETARG_ABANDON_02,[np.str_('Display')],['DSP_RETARG_ABANDON_02'],0,0.0
USR_01036,2,Social Media > Organic Search,SOC_PROSP_LOOKALIKE_01 > SEO_ORGANIC_DIRECT,Social Media,SOC_PROSP_LOOKALIKE_01,Organic Search,SEO_ORGANIC_DIRECT,"[np.str_('Social Media'), np.str_('Organic Search')]","['SOC_PROSP_LOOKALIKE_01', 'SEO_ORGANIC_DIRECT']",0,0.0
USR_01037,3,Paid Search > Social Media > Paid Search,SEM_GENERIC_PROD_02 > SOC_INFLUENCER_BOOST_03 > SEM_COMPETITOR_03,Paid Search,SEM_GENERIC_PROD_02,Paid Search,SEM_COMPETITOR_03,"[np.str_('Paid Search'), np.str_('Social Media'), np.str_('Paid Search')]","['SEM_GENERIC_PROD_02', 'SOC_INFLUENCER_BOOST_03', 'SEM_COMPETITOR_03']",0,0.0
USR_01038,2,Paid Search > Paid Search,SEM_BRAND_01 > SEM_COMPETITOR_03,Paid Search,SEM_BRAND_01,Paid Search,SEM_COMPETITOR_03,"[np.str_('Paid Search'), np.str_('Paid Search')]","['SEM_BRAND_01', 'SEM_COMPETITOR_03']",0,0.0
USR_01039,1,Display,DSP_RETARG_ABANDON_02,Display,DSP_RETARG_ABANDON_02,Display,DSP_RETARG_ABANDON_02,[np.str_('Display')],['DSP_RETARG_ABANDON_02'],0,0.0
USR_01040,2,Display > Paid Search,DSP_RETARG_ABANDON_02 > SEM_GENERIC_PROD_02,Display,DSP_RETARG_ABANDON_02,Paid Search,SEM_GENERIC_PROD_02,"[np.str_('Display'), np.str_('Paid Search')]","['DSP_RETARG_ABANDON_02', 'SEM_GENERIC_PROD_02']",1,125.07
USR_01041,1,Paid Search,SEM_BRAND_01,Paid Search,SEM_BRAND_01,Paid Search,SEM_BRAND_01,[np.str_('Paid Search')],['SEM_BRAND_01'],0,0.0
USR_01042,1,Organic Search,SEO_ORGANIC_DIRECT,Organic Search,SEO_ORGANIC_DIRECT,Organic Search,SEO_ORGANIC_DIRECT,[np.str_('Organic Search')],['SEO_ORGANIC_DIRECT'],0,0.0
USR_01043,2,Display > Paid Search,DSP_PROG_AWARE_01 > SEM_BRAND_01,Display,DSP_PROG_AWARE_01,Paid Search,SEM_BRAND_01,"[np.str_('Display'), np.str_('Paid Search')]","['DSP_PROG_AWARE_01', 'SEM_BRAND_01']",0,0.0
USR_01044,2,Display > Paid Search,DSP_RETARG_ABANDON_02 > SEM_GENERIC_PROD_02,Display,DSP_RETARG_ABANDON_02,Paid Search,SEM_GENERIC_PROD_02,"[np.str_('Display'), np.str_('Paid Search')]","['DSP_RETARG_ABANDON_02', 'SEM_GENERIC_PROD_02']",1,119.1
USR_01045,5,Display > Paid Search > Organic Search > Email > Paid Search,DSP_PROG_AWARE_01 > SEM_BRAND_01 > SEO_ORGANIC_DIRECT > EML_WINBACK_90D_03 > SEM_COMPETITOR_03,Display,DSP_PROG_AWARE_01,Paid Search,SEM_COMPETITOR_03,"[np.str_('Display'), np.str_('Paid Search'), np.str_('Organic Search'), np.str_('Email'), np.str_('Paid Search')]","['DSP_PROG_AWARE_01', 'SEM_BRAND_01', 'SEO_ORGANIC_DIRECT', 'EML_WINBACK_90D_03', 'SEM_COMPETITOR_03']",0,0.0
USR_01046,1,Paid Search,SEM_BRAND_01,Paid Search,SEM_BRAND_01,Paid Search,SEM_BRAND_01,[np.str_('Paid Search')],['SEM_BRAND_01'],0,0.0
USR_01047,2,Display > Social Media,DSP_PROG_AWARE_01 > SOC_PROSP_LOOKALIKE_01,Display,DSP_PROG_AWARE_01,Social Media,SOC_PROSP_LOOKALIKE_01,"[np.str_('Display'), np.str_('Social Media')]","['DSP_PROG_AWARE_01', 'SOC_PROSP_LOOKALIKE_01']",0,0.0
USR_01048,5,Paid Search > Display > Paid Search > Social Media > Paid Search,SEM_BRAND_01 > DSP_RETARG_ABANDON_02 > SEM_BRAND_01 > SOC_PROSP_LOOKALIKE_01 > SEM_GENERIC_PROD_02,Paid Search,SEM_BRAND_01,Paid Search,SEM_GENERIC_PROD_02,"[np.str_('Paid Search'), np.str_('Display'), np.str_('Paid Search'), np.str_('Social Media'), np.str_('Paid Search')]","['SEM_BRAND_01', 'DSP_RETARG_ABANDON_02', 'SEM_BRAND_01', 'SOC_PROSP_LOOKALIKE_01', 'SEM_GENERIC_PROD_02']",0,0.0
USR_01049,1,Organic Search,SEO_ORGANIC_DIRECT,Organic Search,SEO_ORGANIC_DIRECT,Organic Search,SEO_ORGANIC_DIRECT,[np.str_('Organic Search')],['SEO_ORGANIC_DIRECT'],0,0.0
USR_01050,5,Display > Display > Organic Search > Social Media > Paid Search,DSP_RETARG_ABANDON_02 > DSP_RETARG_ABANDON_02 > SEO_ORGANIC_DIRECT > SOC_INFLUENCER_BOOST_03 > SEM_BRAND_01,Display,DSP_RETARG_ABANDON_02,Paid Search,SEM_BRAND_01,"[np.str_('Display'), np.str_('Display'), np.str_('Organic Search'), np.str_('Social Media'), np.str_('Paid Search')]","['DSP_RETARG_ABANDON_02', 'DSP_RETARG_ABANDON_02', 'SEO_ORGANIC_DIRECT', 'SOC_INFLUENCER_BOOST_03', 'SEM_BRAND_01']",0,0.0
USR_01051,2,Paid Search > Email,SEM_GENERIC_PROD_02 > EML_WINBACK_90D_03,Paid Search,SEM_GENERIC_PROD_02,Email,EML_WINBACK_90D_03,"[np.str_('Paid Search'), np.str_('Email')]","['SEM_GENERIC_PROD_02', 'EML_WINBACK_90D_03']",1,131.34
USR_01052,1,Social Media,SOC_PROSP_LOOKALIKE_01,Social Media,SOC_PROSP_LOOKALIKE_01,Social Media,SOC_PROSP_LOOKALIKE_01,[np.str_('Social Media')],['SOC_PROSP_LOOKALIKE_01'],0,0.0
USR_01053,1,Display,DSP_PROG_AWARE_01,Display,DSP_PROG_AWARE_01,Display,DSP_PROG_AWARE_01,[np.str_('Display')],['DSP_PROG_AWARE_01'],0,0.0
USR_01054,1,Display,DSP_PROG_AWARE_01,Display,DSP_PROG_AWARE_01,Display,DSP_PROG_AWARE_01,[np.str_('Display')],['DSP_PROG_AWARE_01'],0,0.0
USR_01055,3,Display > Email > Paid Search,DSP_RETARG_ABANDON_02 > EML_ABANDONED_CART_02 > SEM_COMPETITOR_03,Display,DSP_RETARG_ABANDON_02,Paid Search,SEM_COMPETITOR_03,"[np.str_('Display'), np.str_('Email'), np.str_('Paid Search')]","['DSP_RETARG_ABANDON_02', 'EML_ABANDONED_CART_02', 'SEM_COMPETITOR_03']",0,0.0
USR_01056,1,Social Media,SOC_INFLUENCER_BOOST_03,Social Media,SOC_INFLUENCER_BOOST_03,Social Media,SOC_INFLUENCER_BOOST_03,[np.str_('Social Media')],['SOC_INFLUENCER_BOOST_03'],0,0.0
USR_01057,1,Paid Search,SEM_COMPETITOR_03,Paid Search,SEM_COMPETITOR_03,Paid Search,SEM_COMPETITOR_03,[np.str_('Paid Search')],['SEM_COMPETITOR_03'],0,0.0
USR_01058,3,Social Media > Social Media > Social Media,SOC_RETARG_DPA_02 > SOC_INFLUENCER_BOOST_03 > SOC_RETARG_DPA_02,Social Media,SOC_RETARG_DPA_02,Social Media,SOC_RETARG_DPA_02,"[np.str_('Social Media'), np.str_('Social Media'), np.str_('Social Media')]","['SOC_RETARG_DPA_02', 'SOC_INFLUENCER_BOOST_03', 'SOC_RETARG_DPA_02']",0,0.0
USR_01059,1,Social Media,SOC_PROSP_LOOKALIKE_01,Social Media,SOC_PROSP_LOOKALIKE_01,Social Media,SOC_PROSP_LOOKALIKE_01,[np.str_('Social Media')],['SOC_PROSP_LOOKALIKE_01'],0,0.0
USR_01060,1,Paid Search,SEM_COMPETITOR_03,Paid Search,SEM_COMPETITOR_03,Paid Search,SEM_COMPETITOR_03,[np.str_('Paid Search')],['SEM_COMPETITOR_03'],0,0.0
USR_01061,2,Display > Email,DSP_PROG_AWARE_01 > EML_WINBACK_90D_03,Display,DSP_PROG_AWARE_01,Email,EML_WINBACK_90D_03,"[np.str_('Display'), np.str_('Email')]","['DSP_PROG_AWARE_01', 'EML_WINBACK_90D_03']",0,0.0
USR_01062,2,Display > Paid Search,DSP_PROG_AWARE_01 > SEM_BRAND_01,Display,DSP_PROG_AWARE_01,Paid Search,SEM_BRAND_01,"[np.str_('Display'), np.str_('Paid Search')]","['DSP_PROG_AWARE_01', 'SEM_BRAND_01']",0,0.0
USR_01063,1,Display,DSP_RETARG_ABANDON_02,Display,DSP_RETARG_ABANDON_02,Display,DSP_RETARG_ABANDON_02,[np.str_('Display')],['DSP_RETARG_ABANDON_02'],0,0.0
USR_01064,1,Paid Search,SEM_BRAND_01,Paid Search,SEM_BRAND_01,Paid Search,SEM_BRAND_01,[np.str_('Paid Search')],['SEM_BRAND_01'],0,0.0
USR_01065,1,Display,DSP_PROG_AWARE_01,Display,DSP_PROG_AWARE_01,Display,DSP_PROG_AWARE_01,[np.str_('Display')],['DSP_PROG_AWARE_01'],0,0.0
USR_01066,5,Social Media > Organic Search > Display > Email > Paid Search,SOC_RETARG_DPA_02 > SEO_ORGANIC_DIRECT > DSP_PROG_AWARE_01 > EML_NEWSLETTER_WKLY_01 > SEM_COMPETITOR_03,Social Media,SOC_RETARG_DPA_02,Paid Search,SEM_COMPETITOR_03,"[np.str_('Social Media'), np.str_('Organic Search'), np.str_('Display'), np.str_('Email'), np.str_('Paid Search')]","['SOC_RETARG_DPA_02', 'SEO_ORGANIC_DIRECT', 'DSP_PROG_AWARE_01', 'EML_NEWSLETTER_WKLY_01', 'SEM_COMPETITOR_03']",1,122.06
USR_01067,5,Email > Display > Email > Display > Social Media,EML_WINBACK_90D_03 > DSP_PROG_AWARE_01 > EML_NEWSLETTER_WKLY_01 > DSP_PROG_AWARE_01 > SOC_PROSP_LOOKALIKE_01,Email,EML_WINBACK_90D_03,Social Media,SOC_PROSP_LOOKALIKE_01,"[np.str_('Email'), np.str_('Display'), np.str_('Email'), np.str_('Display'), np.str_('Social Media')]","['EML_WINBACK_90D_03', 'DSP_PROG_AWARE_01', 'EML_NEWSLETTER_WKLY_01', 'DSP_PROG_AWARE_01', 'SOC_PROSP_LOOKALIKE_01']",0,0.0
USR_01068,1,Paid Search,SEM_COMPETITOR_03,Paid Search,SEM_COMPETITOR_03,Paid Search,SEM_COMPETITOR_03,[np.str_('Paid Search')],['SEM_COMPETITOR_03'],0,0.0
USR_01069,1,Social Media,SOC_INFLUENCER_BOOST_03,Social Media,SOC_INFLUENCER_BOOST_03,Social Media,SOC_INFLUENCER_BOOST_03,[np.str_('Social Media')],['SOC_INFLUENCER_BOOST_03'],0,0.0
USR_01070,2,Social Media > Organic Search,SOC_INFLUENCER_BOOST_03 > SEO_ORGANIC_DIRECT,Social Media,SOC_INFLUENCER_BOOST_03,Organic Search,SEO_ORGANIC_DIRECT,"[np.str_('Social Media'), np.str_('Organic Search')]","['SOC_INFLUENCER_BOOST_03', 'SEO_ORGANIC_DIRECT']",1,124.11
USR_01071,1,Social Media,SOC_RETARG_DPA_02,Social Media,SOC_RETARG_DPA_02,Social Media,SOC_RETARG_DPA_02,[np.str_('Social Media')],['SOC_RETARG_DPA_02'],0,0.0
USR_01072,2,Paid Search > Paid Search,SEM_COMPETITOR_03 > SEM_BRAND_01,Paid Search,SEM_COMPETITOR_03,Paid Search,SEM_BRAND_01,"[np.str_('Paid Search'), np.str_('Paid Search')]","['SEM_COMPETITOR_03', 'SEM_BRAND_01']",0,0.0
USR_01073,1,Organic Search,SEO_ORGANIC_DIRECT,Organic Search,SEO_ORGANIC_DIRECT,Organic Search,SEO_ORGANIC_DIRECT,[np.str_('Organic Search')],['SEO_ORGANIC_DIRECT'],0,0.0
USR_01074,2,Social Media > Display,SOC_RETARG_DPA_02 > DSP_PROG_AWARE_01,Social Media,SOC_RETARG_DPA_02,Display,DSP_PROG_AWARE_01,"[np.str_('Social Media'), np.str_('Display')]","['SOC_RETARG_DPA_02', 'DSP_PROG_AWARE_01']",0,0.0
USR_01075,1,Social Media,SOC_PROSP_LOOKALIKE_01,Social Media,SOC_PROSP_LOOKALIKE_01,Social Media,SOC_PROSP_LOOKALIKE_01,[np.str_('Social Media')],['SOC_PROSP_LOOKALIKE_01'],1,91.71
USR_01076,2,Email > Paid Search,EML_ABANDONED_CART_02 > SEM_BRAND_01,Email,EML_ABANDONED_CART_02,Paid Search,SEM_BRAND_01,"[np.str_('Email'), np.str_('Paid Search')]","['EML_ABANDONED_CART_02', 'SEM_BRAND_01']",0,0.0
USR_01077,2,Display > Email,DSP_RETARG_ABANDON_02 > EML_NEWSLETTER_WKLY_01,Display,DSP_RETARG_ABANDON_02,Email,EML_NEWSLETTER_WKLY_01,"[np.str_('Display'), np.str_('Email')]","['DSP_RETARG_ABANDON_02', 'EML_NEWSLETTER_WKLY_01']",0,0.0
USR_01078,1,Display,DSP_PROG_AWARE_01,Display,DSP_PROG_AWARE_01,Display,DSP_PROG_AWARE_01,[np.str_('Display')],['DSP_PROG_AWARE_01'],0,0.0
USR_01079,2,Social Media > Email,SOC_PROSP_LOOKALIKE_01 > EML_WINBACK_90D_03,Social Media,SOC_PROSP_LOOKALIKE_01,Email,EML_WINBACK_90D_03,"[np.str_('Social Media'), np.str_('Email')]","['SOC_PROSP_LOOKALIKE_01', 'EML_WINBACK_90D_03']",0,0.0
USR_01080,1,Paid Search,SEM_GENERIC_PROD_02,Paid Search,SEM_GENERIC_PROD_02,Paid Search,SEM_GENERIC_PROD_02,[np.str_('Paid Search')],['SEM_GENERIC_PROD_02'],0,0.0
USR_01081,1,Social Media,SOC_RETARG_DPA_02,Social Media,SOC_RETARG_DPA_02,Social Media,SOC_RETARG_DPA_02,[np.str_('Social Media')],['SOC_RETARG_DPA_02'],0,0.0
USR_01082,2,Paid Search > Paid Search,SEM_GENERIC_PROD_02 > SEM_COMPETITOR_03,Paid Search,SEM_GENERIC_PROD_02,Paid Search,SEM_COMPETITOR_03,"[np.str_('Paid Search'), np.str_('Paid Search')]","['SEM_GENERIC_PROD_02', 'SEM_COMPETITOR_03']",0,0.0
USR_01083,3,Paid Search > Email > Email,SEM_COMPETITOR_03 > EML_ABANDONED_CART_02 > EML_ABANDONED_CART_02,Paid Search,SEM_COMPETITOR_03,Email,EML_ABANDONED_CART_02,"[np.str_('Paid Search'), np.str_('Email'), np.str_('Email')]","['SEM_COMPETITOR_03', 'EML_ABANDONED_CART_02', 'EML_ABANDONED_CART_02']",1,141.14
USR_01084,1,Social Media,SOC_INFLUENCER_BOOST_03,Social Media,SOC_INFLUENCER_BOOST_03,Social Media,SOC_INFLUENCER_BOOST_03,[np.str_('Social Media')],['SOC_INFLUENCER_BOOST_03'],0,0.0
USR_01085,2,Display > Paid Search,DSP_PROG_AWARE_01 > SEM_GENERIC_PROD_02,Display,DSP_PROG_AWARE_01,Paid Search,SEM_GENERIC_PROD_02,"[np.str_('Display'), np.str_('Paid Search')]","['DSP_PROG_AWARE_01', 'SEM_GENERIC_PROD_02']",0,0.0
USR_01086,4,Social Media > Social Media > Email > Organic Search,SOC_INFLUENCER_BOOST_03 > SOC_PROSP_LOOKALIKE_01 > EML_WINBACK_90D_03 > SEO_ORGANIC_DIRECT,Social Media,SOC_INFLUENCER_BOOST_03,Organic Search,SEO_ORGANIC_DIRECT,"[np.str_('Social Media'), np.str_('Social Media'), np.str_('Email'), np.str_('Organic Search')]","['SOC_INFLUENCER_BOOST_03', 'SOC_PROSP_LOOKALIKE_01', 'EML_WINBACK_90D_03', 'SEO_ORGANIC_DIRECT']",0,0.0
USR_01087,2,Paid Search > Paid Search,SEM_GENERIC_PROD_02 > SEM_GENERIC_PROD_02,Paid Search,SEM_GENERIC_PROD_02,Paid Search,SEM_GENERIC_PROD_02,"[np.str_('Paid Search'), np.str_('Paid Search')]","['SEM_GENERIC_PROD_02', 'SEM_GENERIC_PROD_02']",1,138.65
USR_01088,1,Social Media,SOC_RETARG_DPA_02,Social Media,SOC_RETARG_DPA_02,Social Media,SOC_RETARG_DPA_02,[np.str_('Social Media')],['SOC_RETARG_DPA_02'],0,0.0
USR_01089,3,Social Media > Display > Paid Search,SOC_INFLUENCER_BOOST_03 > DSP_RETARG_ABANDON_02 > SEM_BRAND_01,Social Media,SOC_INFLUENCER_BOOST_03,Paid Search,SEM_BRAND_01,"[np.str_('Social Media'), np.str_('Display'), np.str_('Paid Search')]","['SOC_INFLUENCER_BOOST_03', 'DSP_RETARG_ABANDON_02', 'SEM_BRAND_01']",1,95.66
USR_01090,1,Paid Search,SEM_GENERIC_PROD_02,Paid Search,SEM_GENERIC_PROD_02,Paid Search,SEM_GENERIC_PROD_02,[np.str_('Paid Search')],['SEM_GENERIC_PROD_02'],0,0.0
USR_01091,3,Social Media > Display > Paid Search,SOC_INFLUENCER_BOOST_03 > DSP_RETARG_ABANDON_02 > SEM_GENERIC_PROD_02,Social Media,SOC_INFLUENCER_BOOST_03,Paid Search,SEM_GENERIC_PROD_02,"[np.str_('Social Media'), np.str_('Display'), np.str_('Paid Search')]","['SOC_INFLUENCER_BOOST_03', 'DSP_RETARG_ABANDON_02', 'SEM_GENERIC_PROD_02']",0,0.0
USR_01092,1,Email,EML_NEWSLETTER_WKLY_01,Email,EML_NEWSLETTER_WKLY_01,Email,EML_NEWSLETTER_WKLY_01,[np.str_('Email')],['EML_NEWSLETTER_WKLY_01'],0,0.0
USR_01093,3,Organic Search > Display > Email,SEO_ORGANIC_DIRECT > DSP_PROG_AWARE_01 > EML_NEWSLETTER_WKLY_01,Organic Search,SEO_ORGANIC_DIRECT,Email,EML_NEWSLETTER_WKLY_01,"[np.str_('Organic Search'), np.str_('Display'), np.str_('Email')]","['SEO_ORGANIC_DIRECT', 'DSP_PROG_AWARE_01', 'EML_NEWSLETTER_WKLY_01']",0,0.0
USR_01094,1,Paid Search,SEM_GENERIC_PROD_02,Paid Search,SEM_GENERIC_PROD_02,Paid Search,SEM_GENERIC_PROD_02,[np.str_('Paid Search')],['SEM_GENERIC_PROD_02'],0,0.0
USR_01095,5,Paid Search > Social Media > Social Media > Social Media > Display,SEM_BRAND_01 > SOC_PROSP_LOOKALIKE_01 > SOC_RETARG_DPA_02 > SOC_INFLUENCER_BOOST_03 > DSP_PROG_AWARE_01,Paid Search,SEM_BRAND_01,Display,DSP_PROG_AWARE_01,"[np.str_('Paid Search'), np.str_('Social Media'), np.str_('Social Media'), np.str_('Social Media'), np.str_('Display')]","['SEM_BRAND_01', 'SOC_PROSP_LOOKALIKE_01', 'SOC_RETARG_DPA_02', 'SOC_INFLUENCER_BOOST_03', 'DSP_PROG_AWARE_01']",0,0.0
USR_01096,3,Display > Social Media > Organic Search,DSP_PROG_AWARE_01 > SOC_PROSP_LOOKALIKE_01 > SEO_ORGANIC_DIRECT,Display,DSP_PROG_AWARE_01,Organic Search,SEO_ORGANIC_DIRECT,"[np.str_('Display'), np.str_('Social Media'), np.str_('Organic Search')]","['DSP_PROG_AWARE_01', 'SOC_PROSP_LOOKALIKE_01', 'SEO_ORGANIC_DIRECT']",0,0.0
USR_01097,1,Display,DSP_PROG_AWARE_01,Display,DSP_PROG_AWARE_01,Display,DSP_PROG_AWARE_01,[np.str_('Display')],['DSP_PROG_AWARE_01'],0,0.0
USR_01098,1,Email,EML_NEWSLETTER_WKLY_01,Email,EML_NEWSLETTER_WKLY_01,Email,EML_NEWSLETTER_WKLY_01,[np.str_('Email')],['EML_NEWSLETTER_WKLY_01'],1,119.91
USR_01099,2,Paid Search > Paid Search,SEM_BRAND_01 > SEM_GENERIC_PROD_02,Paid Search,SEM_BRAND_01,Paid Search,SEM_GENERIC_PROD_02,"[np.str_('Paid Search'), np.str_('Paid Search')]","['SEM_BRAND_01', 'SEM_GENERIC_PROD_02']",0,0.0
USR_01100,2,Display > Display,DSP_PROG_AWARE_01 > DSP_PROG_AWARE_01,Display,DSP_PROG_AWARE_01,Display,DSP_PROG_AWARE_01,"[np.str_('Display'), np.str_('Display')]","['DSP_PROG_AWARE_01', 'DSP_PROG_AWARE_01']",0,0.0
USR_01101,1,Display,DSP_PROG_AWARE_01,Display,DSP_PROG_AWARE_01,Display,DSP_PROG_AWARE_01,[np.str_('Display')],['DSP_PROG_AWARE_01'],0,0.0
USR_01102,2,Display > Paid Search,DSP_RETARG_ABANDON_02 > SEM_GENERIC_PROD_02,Display,DSP_RETARG_ABANDON_02,Paid Search,SEM_GENERIC_PROD_02,"[np.str_('Display'), np.str_('Paid Search')]","['DSP_RETARG_ABANDON_02', 'SEM_GENERIC_PROD_02']",1,118.44
USR_01103,3,Social Media > Paid Search > Display,SOC_PROSP_LOOKALIKE_01 > SEM_BRAND_01 > DSP_RETARG_ABANDON_02,Social Media,SOC_PROSP_LOOKALIKE_01,Display,DSP_RETARG_ABANDON_02,"[np.str_('Social Media'), np.str_('Paid Search'), np.str_('Display')]","['SOC_PROSP_LOOKALIKE_01', 'SEM_BRAND_01', 'DSP_RETARG_ABANDON_02']",0,0.0
USR_01104,1,Paid Search,SEM_COMPETITOR_03,Paid Search,SEM_COMPETITOR_03,Paid Search,SEM_COMPETITOR_03,[np.str_('Paid Search')],['SEM_COMPETITOR_03'],1,152.32
USR_01105,1,Display,DSP_RETARG_ABANDON_02,Display,DSP_RETARG_ABANDON_02,Display,DSP_RETARG_ABANDON_02,[np.str_('Display')],['DSP_RETARG_ABANDON_02'],1,103.74
USR_01106,2,Social Media > Paid Search,SOC_INFLUENCER_BOOST_03 > SEM_GENERIC_PROD_02,Social Media,SOC_INFLUENCER_BOOST_03,Paid Search,SEM_GENERIC_PROD_02,"[np.str_('Social Media'), np.str_('Paid Search')]","['SOC_INFLUENCER_BOOST_03', 'SEM_GENERIC_PROD_02']",0,0.0
USR_01107,4,Email > Display > Paid Search > Paid Search,EML_NEWSLETTER_WKLY_01 > DSP_RETARG_ABANDON_02 > SEM_GENERIC_PROD_02 > SEM_GENERIC_PROD_02,Email,EML_NEWSLETTER_WKLY_01,Paid Search,SEM_GENERIC_PROD_02,"[np.str_('Email'), np.str_('Display'), np.str_('Paid Search'), np.str_('Paid Search')]","['EML_NEWSLETTER_WKLY_01', 'DSP_RETARG_ABANDON_02', 'SEM_GENERIC_PROD_02', 'SEM_GENERIC_PROD_02']",0,0.0
USR_01108,2,Display > Social Media,DSP_PROG_AWARE_01 > SOC_RETARG_DPA_02,Display,DSP_PROG_AWARE_01,Social Media,SOC_RETARG_DPA_02,"[np.str_('Display'), np.str_('Social Media')]","['DSP_PROG_AWARE_01', 'SOC_RETARG_DPA_02']",0,0.0
USR_01109,3,Display > Display > Paid Search,DSP_RETARG_ABANDON_02 > DSP_RETARG_ABANDON_02 > SEM_GENERIC_PROD_02,Display,DSP_RETARG_ABANDON_02,Paid Search,SEM_GENERIC_PROD_02,"[np.str_('Display'), np.str_('Display'), np.str_('Paid Search')]","['DSP_RETARG_ABANDON_02', 'DSP_RETARG_ABANDON_02', 'SEM_GENERIC_PROD_02']",1,150.43
USR_01110,2,Social Media > Email,SOC_INFLUENCER_BOOST_03 > EML_ABANDONED_CART_02,Social Media,SOC_INFLUENCER_BOOST_03,Email,EML_ABANDONED_CART_02,"[np.str_('Social Media'), np.str_('Email')]","['SOC_INFLUENCER_BOOST_03', 'EML_ABANDONED_CART_02']",1,152.23
USR_01111,2,Email > Social Media,EML_ABANDONED_CART_02 > SOC_PROSP_LOOKALIKE_01,Email,EML_ABANDONED_CART_02,Social Media,SOC_PROSP_LOOKALIKE_01,"[np.str_('Email'), np.str_('Social Media')]","['EML_ABANDONED_CART_02', 'SOC_PROSP_LOOKALIKE_01']",0,0.0
USR_01112,2,Paid Search > Organic Search,SEM_BRAND_01 > SEO_ORGANIC_DIRECT,Paid Search,SEM_BRAND_01,Organic Search,SEO_ORGANIC_DIRECT,"[np.str_('Paid Search'), np.str_('Organic Search')]","['SEM_BRAND_01', 'SEO_ORGANIC_DIRECT']",0,0.0
USR_01113,5,Social Media > Display > Social Media > Display > Social Media,SOC_PROSP_LOOKALIKE_01 > DSP_PROG_AWARE_01 > SOC_PROSP_LOOKALIKE_01 > DSP_RETARG_ABANDON_02 > SOC_INFLUENCER_BOOST_03,Social Media,SOC_PROSP_LOOKALIKE_01,Social Media,SOC_INFLUENCER_BOOST_03,"[np.str_('Social Media'), np.str_('Display'), np.str_('Social Media'), np.str_('Display'), np.str_('Social Media')]","['SOC_PROSP_LOOKALIKE_01', 'DSP_PROG_AWARE_01', 'SOC_PROSP_LOOKALIKE_01', 'DSP_RETARG_ABANDON_02', 'SOC_INFLUENCER_BOOST_03']",0,0.0
USR_01114,1,Email,EML_ABANDONED_CART_02,Email,EML_ABANDONED_CART_02,Email,EML_ABANDONED_CART_02,[np.str_('Email')],['EML_ABANDONED_CART_02'],0,0.0
USR_01115,3,Social Media > Social Media > Paid Search,SOC_INFLUENCER_BOOST_03 > SOC_RETARG_DPA_02 > SEM_COMPETITOR_03,Social Media,SOC_INFLUENCER_BOOST_03,Paid Search,SEM_COMPETITOR_03,"[np.str_('Social Media'), np.str_('Social Media'), np.str_('Paid Search')]","['SOC_INFLUENCER_BOOST_03', 'SOC_RETARG_DPA_02', 'SEM_COMPETITOR_03']",0,0.0
USR_01116,1,Paid Search,SEM_GENERIC_PROD_02,Paid Search,SEM_GENERIC_PROD_02,Paid Search,SEM_GENERIC_PROD_02,[np.str_('Paid Search')],['SEM_GENERIC_PROD_02'],1,139.48
USR_01117,1,Paid Search,SEM_BRAND_01,Paid Search,SEM_BRAND_01,Paid Search,SEM_BRAND_01,[np.str_('Paid Search')],['SEM_BRAND_01'],0,0.0
USR_01118,2,Social Media > Organic Search,SOC_PROSP_LOOKALIKE_01 > SEO_ORGANIC_DIRECT,Social Media,SOC_PROSP_LOOKALIKE_01,Organic Search,SEO_ORGANIC_DIRECT,"[np.str_('Social Media'), np.str_('Organic Search')]","['SOC_PROSP_LOOKALIKE_01', 'SEO_ORGANIC_DIRECT']",0,0.0
USR_01119,2,Organic Search > Social Media,SEO_ORGANIC_DIRECT > SOC_RETARG_DPA_02,Organic Search,SEO_ORGANIC_DIRECT,Social Media,SOC_RETARG_DPA_02,"[np.str_('Organic Search'), np.str_('Social Media')]","['SEO_ORGANIC_DIRECT', 'SOC_RETARG_DPA_02']",0,0.0
USR_01120,2,Organic Search > Social Media,SEO_ORGANIC_DIRECT > SOC_INFLUENCER_BOOST_03,Organic Search,SEO_ORGANIC_DIRECT,Social Media,SOC_INFLUENCER_BOOST_03,"[np.str_('Organic Search'), np.str_('Social Media')]","['SEO_ORGANIC_DIRECT', 'SOC_INFLUENCER_BOOST_03']",0,0.0
USR_01121,5,Organic Search > Display > Social Media > Display > Paid Search,SEO_ORGANIC_DIRECT > DSP_PROG_AWARE_01 > SOC_INFLUENCER_BOOST_03 > DSP_PROG_AWARE_01 > SEM_COMPETITOR_03,Organic Search,SEO_ORGANIC_DIRECT,Paid Search,SEM_COMPETITOR_03,"[np.str_('Organic Search'), np.str_('Display'), np.str_('Social Media'), np.str_('Display'), np.str_('Paid Search')]","['SEO_ORGANIC_DIRECT', 'DSP_PROG_AWARE_01', 'SOC_INFLUENCER_BOOST_03', 'DSP_PROG_AWARE_01', 'SEM_COMPETITOR_03']",0,0.0
USR_01122,3,Paid Search > Email > Social Media,SEM_BRAND_01 > EML_WINBACK_90D_03 > SOC_RETARG_DPA_02,Paid Search,SEM_BRAND_01,Social Media,SOC_RETARG_DPA_02,"[np.str_('Paid Search'), np.str_('Email'), np.str_('Social Media')]","['SEM_BRAND_01', 'EML_WINBACK_90D_03', 'SOC_RETARG_DPA_02']",0,0.0
USR_01123,4,Organic Search > Paid Search > Email > Paid Search,SEO_ORGANIC_DIRECT > SEM_COMPETITOR_03 > EML_ABANDONED_CART_02 > SEM_GENERIC_PROD_02,Organic Search,SEO_ORGANIC_DIRECT,Paid Search,SEM_GENERIC_PROD_02,"[np.str_('Organic Search'), np.str_('Paid Search'), np.str_('Email'), np.str_('Paid Search')]","['SEO_ORGANIC_DIRECT', 'SEM_COMPETITOR_03', 'EML_ABANDONED_CART_02', 'SEM_GENERIC_PROD_02']",0,0.0
USR_01124,5,Email > Social Media > Display > Display > Organic Search,EML_NEWSLETTER_WKLY_01 > SOC_RETARG_DPA_02 > DSP_PROG_AWARE_01 > DSP_RETARG_ABANDON_02 > SEO_ORGANIC_DIRECT,Email,EML_NEWSLETTER_WKLY_01,Organic Search,SEO_ORGANIC_DIRECT,"[np.str_('Email'), np.str_('Social Media'), np.str_('Display'), np.str_('Display'), np.str_('Organic Search')]","['EML_NEWSLETTER_WKLY_01', 'SOC_RETARG_DPA_02', 'DSP_PROG_AWARE_01', 'DSP_RETARG_ABANDON_02', 'SEO_ORGANIC_DIRECT']",0,0.0
USR_01125,4,Social Media > Social Media > Display > Organic Search,SOC_INFLUENCER_BOOST_03 > SOC_PROSP_LOOKALIKE_01 > DSP_RETARG_ABANDON_02 > SEO_ORGANIC_DIRECT,Social Media,SOC_INFLUENCER_BOOST_03,Organic Search,SEO_ORGANIC_DIRECT,"[np.str_('Social Media'), np.str_('Social Media'), np.str_('Display'), np.str_('Organic Search')]","['SOC_INFLUENCER_BOOST_03', 'SOC_PROSP_LOOKALIKE_01', 'DSP_RETARG_ABANDON_02', 'SEO_ORGANIC_DIRECT']",0,0.0
USR_01126,2,Display > Social Media,DSP_PROG_AWARE_01 > SOC_PROSP_LOOKALIKE_01,Display,DSP_PROG_AWARE_01,Social Media,SOC_PROSP_LOOKALIKE_01,"[np.str_('Display'), np.str_('Social Media')]","['DSP_PROG_AWARE_01', 'SOC_PROSP_LOOKALIKE_01']",0,0.0
USR_01127,2,Organic Search > Email,SEO_ORGANIC_DIRECT > EML_WINBACK_90D_03,Organic Search,SEO_ORGANIC_DIRECT,Email,EML_WINBACK_90D_03,"[np.str_('Organic Search'), np.str_('Email')]","['SEO_ORGANIC_DIRECT', 'EML_WINBACK_90D_03']",0,0.0
USR_01128,1,Social Media,SOC_PROSP_LOOKALIKE_01,Social Media,SOC_PROSP_LOOKALIKE_01,Social Media,SOC_PROSP_LOOKALIKE_01,[np.str_('Social Media')],['SOC_PROSP_LOOKALIKE_01'],0,0.0
USR_01129,3,Paid Search > Paid Search > Social Media,SEM_COMPETITOR_03 > SEM_BRAND_01 > SOC_PROSP_LOOKALIKE_01,Paid Search,SEM_COMPETITOR_03,Social Media,SOC_PROSP_LOOKALIKE_01,"[np.str_('Paid Search'), np.str_('Paid Search'), np.str_('Social Media')]","['SEM_COMPETITOR_03', 'SEM_BRAND_01', 'SOC_PROSP_LOOKALIKE_01']",0,0.0
USR_01130,1,Organic Search,SEO_ORGANIC_DIRECT,Organic Search,SEO_ORGANIC_DIRECT,Organic Search,SEO_ORGANIC_DIRECT,[np.str_('Organic Search')],['SEO_ORGANIC_DIRECT'],0,0.0
USR_01131,1,Paid Search,SEM_COMPETITOR_03,Paid Search,SEM_COMPETITOR_03,Paid Search,SEM_COMPETITOR_03,[np.str_('Paid Search')],['SEM_COMPETITOR_03'],1,133.92
USR_01132,3,Social Media > Display > Paid Search,SOC_INFLUENCER_BOOST_03 > DSP_RETARG_ABANDON_02 > SEM_BRAND_01,Social Media,SOC_INFLUENCER_BOOST_03,Paid Search,SEM_BRAND_01,"[np.str_('Social Media'), np.str_('Display'), np.str_('Paid Search')]","['SOC_INFLUENCER_BOOST_03', 'DSP_RETARG_ABANDON_02', 'SEM_BRAND_01']",1,120.78
USR_01133,2,Paid Search > Email,SEM_BRAND_01 > EML_WINBACK_90D_03,Paid Search,SEM_BRAND_01,Email,EML_WINBACK_90D_03,"[np.str_('Paid Search'), np.str_('Email')]","['SEM_BRAND_01', 'EML_WINBACK_90D_03']",0,0.0
USR_01134,4,Email > Display > Organic Search > Organic Search,EML_ABANDONED_CART_02 > DSP_PROG_AWARE_01 > SEO_ORGANIC_DIRECT > SEO_ORGANIC_DIRECT,Email,EML_ABANDONED_CART_02,Organic Search,SEO_ORGANIC_DIRECT,"[np.str_('Email'), np.str_('Display'), np.str_('Organic Search'), np.str_('Organic Search')]","['EML_ABANDONED_CART_02', 'DSP_PROG_AWARE_01', 'SEO_ORGANIC_DIRECT', 'SEO_ORGANIC_DIRECT']",0,0.0
USR_01135,1,Display,DSP_PROG_AWARE_01,Display,DSP_PROG_AWARE_01,Display,DSP_PROG_AWARE_01,[np.str_('Display')],['DSP_PROG_AWARE_01'],0,0.0
USR_01136,2,Paid Search > Display,SEM_COMPETITOR_03 > DSP_RETARG_ABANDON_02,Paid Search,SEM_COMPETITOR_03,Display,DSP_RETARG_ABANDON_02,"[np.str_('Paid Search'), np.str_('Display')]","['SEM_COMPETITOR_03', 'DSP_RETARG_ABANDON_02']",0,0.0
USR_01137,4,Display > Display > Social Media > Organic Search,DSP_RETARG_ABANDON_02 > DSP_RETARG_ABANDON_02 > SOC_INFLUENCER_BOOST_03 > SEO_ORGANIC_DIRECT,Display,DSP_RETARG_ABANDON_02,Organic Search,SEO_ORGANIC_DIRECT,"[np.str_('Display'), np.str_('Display'), np.str_('Social Media'), np.str_('Organic Search')]","['DSP_RETARG_ABANDON_02', 'DSP_RETARG_ABANDON_02', 'SOC_INFLUENCER_BOOST_03', 'SEO_ORGANIC_DIRECT']",0,0.0
USR_01138,2,Display > Email,DSP_PROG_AWARE_01 > EML_WINBACK_90D_03,Display,DSP_PROG_AWARE_01,Email,EML_WINBACK_90D_03,"[np.str_('Display'), np.str_('Email')]","['DSP_PROG_AWARE_01', 'EML_WINBACK_90D_03']",0,0.0
USR_01139,1,Display,DSP_RETARG_ABANDON_02,Display,DSP_RETARG_ABANDON_02,Display,DSP_RETARG_ABANDON_02,[np.str_('Display')],['DSP_RETARG_ABANDON_02'],0,0.0
USR_01140,2,Social Media > Paid Search,SOC_RETARG_DPA_02 > SEM_BRAND_01,Social Media,SOC_RETARG_DPA_02,Paid Search,SEM_BRAND_01,"[np.str_('Social Media'), np.str_('Paid Search')]","['SOC_RETARG_DPA_02', 'SEM_BRAND_01']",0,0.0
USR_01141,1,Social Media,SOC_PROSP_LOOKALIKE_01,Social Media,SOC_PROSP_LOOKALIKE_01,Social Media,SOC_PROSP_LOOKALIKE_01,[np.str_('Social Media')],['SOC_PROSP_LOOKALIKE_01'],0,0.0
USR_01142,1,Organic Search,SEO_ORGANIC_DIRECT,Organic Search,SEO_ORGANIC_DIRECT,Organic Search,SEO_ORGANIC_DIRECT,[np.str_('Organic Search')],['SEO_ORGANIC_DIRECT'],0,0.0
USR_01143,3,Social Media > Social Media > Paid Search,SOC_PROSP_LOOKALIKE_01 > SOC_PROSP_LOOKALIKE_01 > SEM_GENERIC_PROD_02,Social Media,SOC_PROSP_LOOKALIKE_01,Paid Search,SEM_GENERIC_PROD_02,"[np.str_('Social Media'), np.str_('Social Media'), np.str_('Paid Search')]","['SOC_PROSP_LOOKALIKE_01', 'SOC_PROSP_LOOKALIKE_01', 'SEM_GENERIC_PROD_02']",0,0.0
USR_01144,2,Display > Display,DSP_PROG_AWARE_01 > DSP_PROG_AWARE_01,Display,DSP_PROG_AWARE_01,Display,DSP_PROG_AWARE_01,"[np.str_('Display'), np.str_('Display')]","['DSP_PROG_AWARE_01', 'DSP_PROG_AWARE_01']",1,65.01
USR_01145,1,Email,EML_ABANDONED_CART_02,Email,EML_ABANDONED_CART_02,Email,EML_ABANDONED_CART_02,[np.str_('Email')],['EML_ABANDONED_CART_02'],0,0.0
USR_01146,3,Display > Paid Search > Social Media,DSP_RETARG_ABANDON_02 > SEM_BRAND_01 > SOC_PROSP_LOOKALIKE_01,Display,DSP_RETARG_ABANDON_02,Social Media,SOC_PROSP_LOOKALIKE_01,"[np.str_('Display'), np.str_('Paid Search'), np.str_('Social Media')]","['DSP_RETARG_ABANDON_02', 'SEM_BRAND_01', 'SOC_PROSP_LOOKALIKE_01']",0,0.0
USR_01147,4,Email > Social Media > Paid Search > Paid Search,EML_NEWSLETTER_WKLY_01 > SOC_INFLUENCER_BOOST_03 > SEM_GENERIC_PROD_02 > SEM_GENERIC_PROD_02,Email,EML_NEWSLETTER_WKLY_01,Paid Search,SEM_GENERIC_PROD_02,"[np.str_('Email'), np.str_('Social Media'), np.str_('Paid Search'), np.str_('Paid Search')]","['EML_NEWSLETTER_WKLY_01', 'SOC_INFLUENCER_BOOST_03', 'SEM_GENERIC_PROD_02', 'SEM_GENERIC_PROD_02']",0,0.0
USR_01148,1,Display,DSP_PROG_AWARE_01,Display,DSP_PROG_AWARE_01,Display,DSP_PROG_AWARE_01,[np.str_('Display')],['DSP_PROG_AWARE_01'],0,0.0
USR_01149,1,Organic Search,SEO_ORGANIC_DIRECT,Organic Search,SEO_ORGANIC_DIRECT,Organic Search,SEO_ORGANIC_DIRECT,[np.str_('Organic Search')],['SEO_ORGANIC_DIRECT'],0,0.0
USR_01150,2,Display > Paid Search,DSP_RETARG_ABANDON_02 > SEM_GENERIC_PROD_02,Display,DSP_RETARG_ABANDON_02,Paid Search,SEM_GENERIC_PROD_02,"[np.str_('Display'), np.str_('Paid Search')]","['DSP_RETARG_ABANDON_02', 'SEM_GENERIC_PROD_02']",0,0.0
USR_01151,4,Display > Display > Paid Search > Email,DSP_RETARG_ABANDON_02 > DSP_RETARG_ABANDON_02 > SEM_BRAND_01 > EML_WINBACK_90D_03,Display,DSP_RETARG_ABANDON_02,Email,EML_WINBACK_90D_03,"[np.str_('Display'), np.str_('Display'), np.str_('Paid Search'), np.str_('Email')]","['DSP_RETARG_ABANDON_02', 'DSP_RETARG_ABANDON_02', 'SEM_BRAND_01', 'EML_WINBACK_90D_03']",0,0.0
USR_01152,4,Paid Search > Organic Search > Social Media > Paid Search,SEM_COMPETITOR_03 > SEO_ORGANIC_DIRECT > SOC_INFLUENCER_BOOST_03 > SEM_COMPETITOR_03,Paid Search,SEM_COMPETITOR_03,Paid Search,SEM_COMPETITOR_03,"[np.str_('Paid Search'), np.str_('Organic Search'), np.str_('Social Media'), np.str_('Paid Search')]","['SEM_COMPETITOR_03', 'SEO_ORGANIC_DIRECT', 'SOC_INFLUENCER_BOOST_03', 'SEM_COMPETITOR_03']",0,0.0
USR_01153,3,Email > Display > Social Media,EML_ABANDONED_CART_02 > DSP_PROG_AWARE_01 > SOC_PROSP_LOOKALIKE_01,Email,EML_ABANDONED_CART_02,Social Media,SOC_PROSP_LOOKALIKE_01,"[np.str_('Email'), np.str_('Display'), np.str_('Social Media')]","['EML_ABANDONED_CART_02', 'DSP_PROG_AWARE_01', 'SOC_PROSP_LOOKALIKE_01']",0,0.0
USR_01154,2,Email > Email,EML_ABANDONED_CART_02 > EML_ABANDONED_CART_02,Email,EML_ABANDONED_CART_02,Email,EML_ABANDONED_CART_02,"[np.str_('Email'), np.str_('Email')]","['EML_ABANDONED_CART_02', 'EML_ABANDONED_CART_02']",0,0.0
USR_01155,1,Display,DSP_PROG_AWARE_01,Display,DSP_PROG_AWARE_01,Display,DSP_PROG_AWARE_01,[np.str_('Display')],['DSP_PROG_AWARE_01'],0,0.0
USR_01156,1,Organic Search,SEO_ORGANIC_DIRECT,Organic Search,SEO_ORGANIC_DIRECT,Organic Search,SEO_ORGANIC_DIRECT,[np.str_('Organic Search')],['SEO_ORGANIC_DIRECT'],0,0.0
USR_01157,1,Organic Search,SEO_ORGANIC_DIRECT,Organic Search,SEO_ORGANIC_DIRECT,Organic Search,SEO_ORGANIC_DIRECT,[np.str_('Organic Search')],['SEO_ORGANIC_DIRECT'],0,0.0
USR_01158,2,Display > Social Media,DSP_PROG_AWARE_01 > SOC_PROSP_LOOKALIKE_01,Display,DSP_PROG_AWARE_01,Social Media,SOC_PROSP_LOOKALIKE_01,"[np.str_('Display'), np.str_('Social Media')]","['DSP_PROG_AWARE_01', 'SOC_PROSP_LOOKALIKE_01']",0,0.0
USR_01159,1,Paid Search,SEM_GENERIC_PROD_02,Paid Search,SEM_GENERIC_PROD_02,Paid Search,SEM_GENERIC_PROD_02,[np.str_('Paid Search')],['SEM_GENERIC_PROD_02'],0,0.0
USR_01160,1,Paid Search,SEM_GENERIC_PROD_02,Paid Search,SEM_GENERIC_PROD_02,Paid Search,SEM_GENERIC_PROD_02,[np.str_('Paid Search')],['SEM_GENERIC_PROD_02'],0,0.0
USR_01161,1,Social Media,SOC_PROSP_LOOKALIKE_01,Social Media,SOC_PROSP_LOOKALIKE_01,Social Media,SOC_PROSP_LOOKALIKE_01,[np.str_('Social Media')],['SOC_PROSP_LOOKALIKE_01'],1,91.89
USR_01162,4,Display > Email > Display > Organic Search,DSP_RETARG_ABANDON_02 > EML_WINBACK_90D_03 > DSP_PROG_AWARE_01 > SEO_ORGANIC_DIRECT,Display,DSP_RETARG_ABANDON_02,Organic Search,SEO_ORGANIC_DIRECT,"[np.str_('Display'), np.str_('Email'), np.str_('Display'), np.str_('Organic Search')]","['DSP_RETARG_ABANDON_02', 'EML_WINBACK_90D_03', 'DSP_PROG_AWARE_01', 'SEO_ORGANIC_DIRECT']",0,0.0
USR_01163,2,Email > Social Media,EML_ABANDONED_CART_02 > SOC_PROSP_LOOKALIKE_01,Email,EML_ABANDONED_CART_02,Social Media,SOC_PROSP_LOOKALIKE_01,"[np.str_('Email'), np.str_('Social Media')]","['EML_ABANDONED_CART_02', 'SOC_PROSP_LOOKALIKE_01']",0,0.0
USR_01164,1,Display,DSP_RETARG_ABANDON_02,Display,DSP_RETARG_ABANDON_02,Display,DSP_RETARG_ABANDON_02,[np.str_('Display')],['DSP_RETARG_ABANDON_02'],0,0.0
USR_01165,1,Display,DSP_RETARG_ABANDON_02,Display,DSP_RETARG_ABANDON_02,Display,DSP_RETARG_ABANDON_02,[np.str_('Display')],['DSP_RETARG_ABANDON_02'],0,0.0
USR_01166,1,Display,DSP_RETARG_ABANDON_02,Display,DSP_RETARG_ABANDON_02,Display,DSP_RETARG_ABANDON_02,[np.str_('Display')],['DSP_RETARG_ABANDON_02'],0,0.0
USR_01167,1,Social Media,SOC_INFLUENCER_BOOST_03,Social Media,SOC_INFLUENCER_BOOST_03,Social Media,SOC_INFLUENCER_BOOST_03,[np.str_('Social Media')],['SOC_INFLUENCER_BOOST_03'],1,82.95
USR_01168,2,Organic Search > Paid Search,SEO_ORGANIC_DIRECT > SEM_GENERIC_PROD_02,Organic Search,SEO_ORGANIC_DIRECT,Paid Search,SEM_GENERIC_PROD_02,"[np.str_('Organic Search'), np.str_('Paid Search')]","['SEO_ORGANIC_DIRECT', 'SEM_GENERIC_PROD_02']",0,0.0
USR_01169,1,Email,EML_NEWSLETTER_WKLY_01,Email,EML_NEWSLETTER_WKLY_01,Email,EML_NEWSLETTER_WKLY_01,[np.str_('Email')],['EML_NEWSLETTER_WKLY_01'],0,0.0
USR_01170,1,Social Media,SOC_RETARG_DPA_02,Social Media,SOC_RETARG_DPA_02,Social Media,SOC_RETARG_DPA_02,[np.str_('Social Media')],['SOC_RETARG_DPA_02'],0,0.0
USR_01171,1,Display,DSP_PROG_AWARE_01,Display,DSP_PROG_AWARE_01,Display,DSP_PROG_AWARE_01,[np.str_('Display')],['DSP_PROG_AWARE_01'],0,0.0
USR_01172,1,Display,DSP_PROG_AWARE_01,Display,DSP_PROG_AWARE_01,Display,DSP_PROG_AWARE_01,[np.str_('Display')],['DSP_PROG_AWARE_01'],0,0.0
USR_01173,3,Paid Search > Paid Search > Social Media,SEM_COMPETITOR_03 > SEM_BRAND_01 > SOC_INFLUENCER_BOOST_03,Paid Search,SEM_COMPETITOR_03,Social Media,SOC_INFLUENCER_BOOST_03,"[np.str_('Paid Search'), np.str_('Paid Search'), np.str_('Social Media')]","['SEM_COMPETITOR_03', 'SEM_BRAND_01', 'SOC_INFLUENCER_BOOST_03']",1,79.68
USR_01174,2,Paid Search > Social Media,SEM_GENERIC_PROD_02 > SOC_RETARG_DPA_02,Paid Search,SEM_GENERIC_PROD_02,Social Media,SOC_RETARG_DPA_02,"[np.str_('Paid Search'), np.str_('Social Media')]","['SEM_GENERIC_PROD_02', 'SOC_RETARG_DPA_02']",0,0.0
USR_01175,2,Paid Search > Paid Search,SEM_GENERIC_PROD_02 > SEM_BRAND_01,Paid Search,SEM_GENERIC_PROD_02,Paid Search,SEM_BRAND_01,"[np.str_('Paid Search'), np.str_('Paid Search')]","['SEM_GENERIC_PROD_02', 'SEM_BRAND_01']",0,0.0
USR_01176,1,Display,DSP_PROG_AWARE_01,Display,DSP_PROG_AWARE_01,Display,DSP_PROG_AWARE_01,[np.str_('Display')],['DSP_PROG_AWARE_01'],0,0.0
USR_01177,2,Social Media > Social Media,SOC_RETARG_DPA_02 > SOC_INFLUENCER_BOOST_03,Social Media,SOC_RETARG_DPA_02,Social Media,SOC_INFLUENCER_BOOST_03,"[np.str_('Social Media'), np.str_('Social Media')]","['SOC_RETARG_DPA_02', 'SOC_INFLUENCER_BOOST_03']",0,0.0
USR_01178,1,Social Media,SOC_RETARG_DPA_02,Social Media,SOC_RETARG_DPA_02,Social Media,SOC_RETARG_DPA_02,[np.str_('Social Media')],['SOC_RETARG_DPA_02'],0,0.0
USR_01179,1,Social Media,SOC_INFLUENCER_BOOST_03,Social Media,SOC_INFLUENCER_BOOST_03,Social Media,SOC_INFLUENCER_BOOST_03,[np.str_('Social Media')],['SOC_INFLUENCER_BOOST_03'],0,0.0
USR_01180,2,Paid Search > Paid Search,SEM_COMPETITOR_03 > SEM_COMPETITOR_03,Paid Search,SEM_COMPETITOR_03,Paid Search,SEM_COMPETITOR_03,"[np.str_('Paid Search'), np.str_('Paid Search')]","['SEM_COMPETITOR_03', 'SEM_COMPETITOR_03']",0,0.0
USR_01181,1,Paid Search,SEM_GENERIC_PROD_02,Paid Search,SEM_GENERIC_PROD_02,Paid Search,SEM_GENERIC_PROD_02,[np.str_('Paid Search')],['SEM_GENERIC_PROD_02'],0,0.0
USR_01182,1,Organic Search,SEO_ORGANIC_DIRECT,Organic Search,SEO_ORGANIC_DIRECT,Organic Search,SEO_ORGANIC_DIRECT,[np.str_('Organic Search')],['SEO_ORGANIC_DIRECT'],0,0.0
USR_01183,2,Display > Email,DSP_RETARG_ABANDON_02 > EML_NEWSLETTER_WKLY_01,Display,DSP_RETARG_ABANDON_02,Email,EML_NEWSLETTER_WKLY_01,"[np.str_('Display'), np.str_('Email')]","['DSP_RETARG_ABANDON_02', 'EML_NEWSLETTER_WKLY_01']",0,0.0
USR_01184,2,Social Media > Paid Search,SOC_RETARG_DPA_02 > SEM_GENERIC_PROD_02,Social Media,SOC_RETARG_DPA_02,Paid Search,SEM_GENERIC_PROD_02,"[np.str_('Social Media'), np.str_('Paid Search')]","['SOC_RETARG_DPA_02', 'SEM_GENERIC_PROD_02']",0,0.0
USR_01185,3,Paid Search > Display > Email,SEM_GENERIC_PROD_02 > DSP_RETARG_ABANDON_02 > EML_NEWSLETTER_WKLY_01,Paid Search,SEM_GENERIC_PROD_02,Email,EML_NEWSLETTER_WKLY_01,"[np.str_('Paid Search'), np.str_('Display'), np.str_('Email')]","['SEM_GENERIC_PROD_02', 'DSP_RETARG_ABANDON_02', 'EML_NEWSLETTER_WKLY_01']",1,142.49
USR_01186,5,Social Media > Paid Search > Paid Search > Email > Paid Search,SOC_PROSP_LOOKALIKE_01 > SEM_GENERIC_PROD_02 > SEM_GENERIC_PROD_02 > EML_NEWSLETTER_WKLY_01 > SEM_GENERIC_PROD_02,Social Media,SOC_PROSP_LOOKALIKE_01,Paid Search,SEM_GENERIC_PROD_02,"[np.str_('Social Media'), np.str_('Paid Search'), np.str_('Paid Search'), np.str_('Email'), np.str_('Paid Search')]","['SOC_PROSP_LOOKALIKE_01', 'SEM_GENERIC_PROD_02', 'SEM_GENERIC_PROD_02', 'EML_NEWSLETTER_WKLY_01', 'SEM_GENERIC_PROD_02']",0,0.0
USR_01187,1,Social Media,SOC_INFLUENCER_BOOST_03,Social Media,SOC_INFLUENCER_BOOST_03,Social Media,SOC_INFLUENCER_BOOST_03,[np.str_('Social Media')],['SOC_INFLUENCER_BOOST_03'],1,77.78
USR_01188,1,Display,DSP_RETARG_ABANDON_02,Display,DSP_RETARG_ABANDON_02,Display,DSP_RETARG_ABANDON_02,[np.str_('Display')],['DSP_RETARG_ABANDON_02'],0,0.0
USR_01189,1,Display,DSP_RETARG_ABANDON_02,Display,DSP_RETARG_ABANDON_02,Display,DSP_RETARG_ABANDON_02,[np.str_('Display')],['DSP_RETARG_ABANDON_02'],0,0.0
USR_01190,5,Organic Search > Organic Search > Paid Search > Social Media > Social Media,SEO_ORGANIC_DIRECT > SEO_ORGANIC_DIRECT > SEM_BRAND_01 > SOC_PROSP_LOOKALIKE_01 > SOC_INFLUENCER_BOOST_03,Organic Search,SEO_ORGANIC_DIRECT,Social Media,SOC_INFLUENCER_BOOST_03,"[np.str_('Organic Search'), np.str_('Organic Search'), np.str_('Paid Search'), np.str_('Social Media'), np.str_('Social Media')]","['SEO_ORGANIC_DIRECT', 'SEO_ORGANIC_DIRECT', 'SEM_BRAND_01', 'SOC_PROSP_LOOKALIKE_01', 'SOC_INFLUENCER_BOOST_03']",0,0.0
USR_01191,1,Social Media,SOC_INFLUENCER_BOOST_03,Social Media,SOC_INFLUENCER_BOOST_03,Social Media,SOC_INFLUENCER_BOOST_03,[np.str_('Social Media')],['SOC_INFLUENCER_BOOST_03'],0,0.0
USR_01192,1,Social Media,SOC_INFLUENCER_BOOST_03,Social Media,SOC_INFLUENCER_BOOST_03,Social Media,SOC_INFLUENCER_BOOST_03,[np.str_('Social Media')],['SOC_INFLUENCER_BOOST_03'],0,0.0
USR_01193,2,Paid Search > Paid Search,SEM_BRAND_01 > SEM_COMPETITOR_03,Paid Search,SEM_BRAND_01,Paid Search,SEM_COMPETITOR_03,"[np.str_('Paid Search'), np.str_('Paid Search')]","['SEM_BRAND_01', 'SEM_COMPETITOR_03']",0,0.0
USR_01194,3,Display > Display > Paid Search,DSP_PROG_AWARE_01 > DSP_RETARG_ABANDON_02 > SEM_BRAND_01,Display,DSP_PROG_AWARE_01,Paid Search,SEM_BRAND_01,"[np.str_('Display'), np.str_('Display'), np.str_('Paid Search')]","['DSP_PROG_AWARE_01', 'DSP_RETARG_ABANDON_02', 'SEM_BRAND_01']",0,0.0
USR_01195,4,Display > Social Media > Display > Paid Search,DSP_RETARG_ABANDON_02 > SOC_INFLUENCER_BOOST_03 > DSP_PROG_AWARE_01 > SEM_COMPETITOR_03,Display,DSP_RETARG_ABANDON_02,Paid Search,SEM_COMPETITOR_03,"[np.str_('Display'), np.str_('Social Media'), np.str_('Display'), np.str_('Paid Search')]","['DSP_RETARG_ABANDON_02', 'SOC_INFLUENCER_BOOST_03', 'DSP_PROG_AWARE_01', 'SEM_COMPETITOR_03']",0,0.0
USR_01196,2,Display > Social Media,DSP_PROG_AWARE_01 > SOC_RETARG_DPA_02,Display,DSP_PROG_AWARE_01,Social Media,SOC_RETARG_DPA_02,"[np.str_('Display'), np.str_('Social Media')]","['DSP_PROG_AWARE_01', 'SOC_RETARG_DPA_02']",1,115.12
USR_01197,2,Social Media > Organic Search,SOC_PROSP_LOOKALIKE_01 > SEO_ORGANIC_DIRECT,Social Media,SOC_PROSP_LOOKALIKE_01,Organic Search,SEO_ORGANIC_DIRECT,"[np.str_('Social Media'), np.str_('Organic Search')]","['SOC_PROSP_LOOKALIKE_01', 'SEO_ORGANIC_DIRECT']",0,0.0
USR_01198,2,Social Media > Paid Search,SOC_INFLUENCER_BOOST_03 > SEM_COMPETITOR_03,Social Media,SOC_INFLUENCER_BOOST_03,Paid Search,SEM_COMPETITOR_03,"[np.str_('Social Media'), np.str_('Paid Search')]","['SOC_INFLUENCER_BOOST_03', 'SEM_COMPETITOR_03']",0,0.0
USR_01199,4,Social Media > Email > Paid Search > Email,SOC_INFLUENCER_BOOST_03 > EML_WINBACK_90D_03 > SEM_COMPETITOR_03 > EML_WINBACK_90D_03,Social Media,SOC_INFLUENCER_BOOST_03,Email,EML_WINBACK_90D_03,"[np.str_('Social Media'), np.str_('Email'), np.str_('Paid Search'), np.str_('Email')]","['SOC_INFLUENCER_BOOST_03', 'EML_WINBACK_90D_03', 'SEM_COMPETITOR_03', 'EML_WINBACK_90D_03']",0,0.0
USR_01200,5,Social Media > Paid Search > Social Media > Social Media > Paid Search,SOC_RETARG_DPA_02 > SEM_GENERIC_PROD_02 > SOC_RETARG_DPA_02 > SOC_PROSP_LOOKALIKE_01 > SEM_BRAND_01,Social Media,SOC_RETARG_DPA_02,Paid Search,SEM_BRAND_01,"[np.str_('Social Media'), np.str_('Paid Search'), np.str_('Social Media'), np.str_('Social Media'), np.str_('Paid Search')]","['SOC_RETARG_DPA_02', 'SEM_GENERIC_PROD_02', 'SOC_RETARG_DPA_02', 'SOC_PROSP_LOOKALIKE_01', 'SEM_BRAND_01']",0,0.0
USR_01201,2,Social Media > Email,SOC_PROSP_LOOKALIKE_01 > EML_NEWSLETTER_WKLY_01,Social Media,SOC_PROSP_LOOKALIKE_01,Email,EML_NEWSLETTER_WKLY_01,"[np.str_('Social Media'), np.str_('Email')]","['SOC_PROSP_LOOKALIKE_01', 'EML_NEWSLETTER_WKLY_01']",1,65.87
USR_01202,4,Display > Display > Display > Social Media,DSP_RETARG_ABANDON_02 > DSP_PROG_AWARE_01 > DSP_RETARG_ABANDON_02 > SOC_INFLUENCER_BOOST_03,Display,DSP_RETARG_ABANDON_02,Social Media,SOC_INFLUENCER_BOOST_03,"[np.str_('Display'), np.str_('Display'), np.str_('Display'), np.str_('Social Media')]","['DSP_RETARG_ABANDON_02', 'DSP_PROG_AWARE_01', 'DSP_RETARG_ABANDON_02', 'SOC_INFLUENCER_BOOST_03']",0,0.0
USR_01203,2,Social Media > Email,SOC_PROSP_LOOKALIKE_01 > EML_ABANDONED_CART_02,Social Media,SOC_PROSP_LOOKALIKE_01,Email,EML_ABANDONED_CART_02,"[np.str_('Social Media'), np.str_('Email')]","['SOC_PROSP_LOOKALIKE_01', 'EML_ABANDONED_CART_02']",0,0.0
USR_01204,3,Organic Search > Paid Search > Display,SEO_ORGANIC_DIRECT > SEM_BRAND_01 > DSP_PROG_AWARE_01,Organic Search,SEO_ORGANIC_DIRECT,Display,DSP_PROG_AWARE_01,"[np.str_('Organic Search'), np.str_('Paid Search'), np.str_('Display')]","['SEO_ORGANIC_DIRECT', 'SEM_BRAND_01', 'DSP_PROG_AWARE_01']",0,0.0
USR_01205,2,Organic Search > Display,SEO_ORGANIC_DIRECT > DSP_RETARG_ABANDON_02,Organic Search,SEO_ORGANIC_DIRECT,Display,DSP_RETARG_ABANDON_02,"[np.str_('Organic Search'), np.str_('Display')]","['SEO_ORGANIC_DIRECT', 'DSP_RETARG_ABANDON_02']",0,0.0
USR_01206,2,Social Media > Email,SOC_PROSP_LOOKALIKE_01 > EML_WINBACK_90D_03,Social Media,SOC_PROSP_LOOKALIKE_01,Email,EML_WINBACK_90D_03,"[np.str_('Social Media'), np.str_('Email')]","['SOC_PROSP_LOOKALIKE_01', 'EML_WINBACK_90D_03']",0,0.0
USR_01207,1,Social Media,SOC_PROSP_LOOKALIKE_01,Social Media,SOC_PROSP_LOOKALIKE_01,Social Media,SOC_PROSP_LOOKALIKE_01,[np.str_('Social Media')],['SOC_PROSP_LOOKALIKE_01'],0,0.0
USR_01208,2,Display > Social Media,DSP_PROG_AWARE_01 > SOC_PROSP_LOOKALIKE_01,Display,DSP_PROG_AWARE_01,Social Media,SOC_PROSP_LOOKALIKE_01,"[np.str_('Display'), np.str_('Social Media')]","['DSP_PROG_AWARE_01', 'SOC_PROSP_LOOKALIKE_01']",0,0.0
USR_01209,2,Social Media > Organic Search,SOC_RETARG_DPA_02 > SEO_ORGANIC_DIRECT,Social Media,SOC_RETARG_DPA_02,Organic Search,SEO_ORGANIC_DIRECT,"[np.str_('Social Media'), np.str_('Organic Search')]","['SOC_RETARG_DPA_02', 'SEO_ORGANIC_DIRECT']",0,0.0
USR_01210,1,Display,DSP_RETARG_ABANDON_02,Display,DSP_RETARG_ABANDON_02,Display,DSP_RETARG_ABANDON_02,[np.str_('Display')],['DSP_RETARG_ABANDON_02'],0,0.0
USR_01211,1,Display,DSP_PROG_AWARE_01,Display,DSP_PROG_AWARE_01,Display,DSP_PROG_AWARE_01,[np.str_('Display')],['DSP_PROG_AWARE_01'],0,0.0
USR_01212,1,Display,DSP_RETARG_ABANDON_02,Display,DSP_RETARG_ABANDON_02,Display,DSP_RETARG_ABANDON_02,[np.str_('Display')],['DSP_RETARG_ABANDON_02'],0,0.0
USR_01213,5,Display > Social Media > Email > Organic Search > Organic Search,DSP_PROG_AWARE_01 > SOC_INFLUENCER_BOOST_03 > EML_ABANDONED_CART_02 > SEO_ORGANIC_DIRECT > SEO_ORGANIC_DIRECT,Display,DSP_PROG_AWARE_01,Organic Search,SEO_ORGANIC_DIRECT,"[np.str_('Display'), np.str_('Social Media'), np.str_('Email'), np.str_('Organic Search'), np.str_('Organic Search')]","['DSP_PROG_AWARE_01', 'SOC_INFLUENCER_BOOST_03', 'EML_ABANDONED_CART_02', 'SEO_ORGANIC_DIRECT', 'SEO_ORGANIC_DIRECT']",0,0.0
USR_01214,1,Social Media,SOC_INFLUENCER_BOOST_03,Social Media,SOC_INFLUENCER_BOOST_03,Social Media,SOC_INFLUENCER_BOOST_03,[np.str_('Social Media')],['SOC_INFLUENCER_BOOST_03'],0,0.0
USR_01215,5,Paid Search > Social Media > Social Media > Paid Search > Paid Search,SEM_BRAND_01 > SOC_INFLUENCER_BOOST_03 > SOC_RETARG_DPA_02 > SEM_BRAND_01 > SEM_COMPETITOR_03,Paid Search,SEM_BRAND_01,Paid Search,SEM_COMPETITOR_03,"[np.str_('Paid Search'), np.str_('Social Media'), np.str_('Social Media'), np.str_('Paid Search'), np.str_('Paid Search')]","['SEM_BRAND_01', 'SOC_INFLUENCER_BOOST_03', 'SOC_RETARG_DPA_02', 'SEM_BRAND_01', 'SEM_COMPETITOR_03']",0,0.0
USR_01216,2,Social Media > Organic Search,SOC_INFLUENCER_BOOST_03 > SEO_ORGANIC_DIRECT,Social Media,SOC_INFLUENCER_BOOST_03,Organic Search,SEO_ORGANIC_DIRECT,"[np.str_('Social Media'), np.str_('Organic Search')]","['SOC_INFLUENCER_BOOST_03', 'SEO_ORGANIC_DIRECT']",0,0.0
USR_01217,1,Social Media,SOC_PROSP_LOOKALIKE_01,Social Media,SOC_PROSP_LOOKALIKE_01,Social Media,SOC_PROSP_LOOKALIKE_01,[np.str_('Social Media')],['SOC_PROSP_LOOKALIKE_01'],0,0.0
USR_01218,3,Paid Search > Paid Search > Paid Search,SEM_GENERIC_PROD_02 > SEM_BRAND_01 > SEM_GENERIC_PROD_02,Paid Search,SEM_GENERIC_PROD_02,Paid Search,SEM_GENERIC_PROD_02,"[np.str_('Paid Search'), np.str_('Paid Search'), np.str_('Paid Search')]","['SEM_GENERIC_PROD_02', 'SEM_BRAND_01', 'SEM_GENERIC_PROD_02']",0,0.0
USR_01219,1,Social Media,SOC_RETARG_DPA_02,Social Media,SOC_RETARG_DPA_02,Social Media,SOC_RETARG_DPA_02,[np.str_('Social Media')],['SOC_RETARG_DPA_02'],0,0.0
USR_01220,2,Display > Paid Search,DSP_PROG_AWARE_01 > SEM_COMPETITOR_03,Display,DSP_PROG_AWARE_01,Paid Search,SEM_COMPETITOR_03,"[np.str_('Display'), np.str_('Paid Search')]","['DSP_PROG_AWARE_01', 'SEM_COMPETITOR_03']",0,0.0
USR_01221,3,Social Media > Email > Paid Search,SOC_RETARG_DPA_02 > EML_ABANDONED_CART_02 > SEM_GENERIC_PROD_02,Social Media,SOC_RETARG_DPA_02,Paid Search,SEM_GENERIC_PROD_02,"[np.str_('Social Media'), np.str_('Email'), np.str_('Paid Search')]","['SOC_RETARG_DPA_02', 'EML_ABANDONED_CART_02', 'SEM_GENERIC_PROD_02']",1,123.75
USR_01222,4,Social Media > Display > Organic Search > Display,SOC_RETARG_DPA_02 > DSP_PROG_AWARE_01 > SEO_ORGANIC_DIRECT > DSP_RETARG_ABANDON_02,Social Media,SOC_RETARG_DPA_02,Display,DSP_RETARG_ABANDON_02,"[np.str_('Social Media'), np.str_('Display'), np.str_('Organic Search'), np.str_('Display')]","['SOC_RETARG_DPA_02', 'DSP_PROG_AWARE_01', 'SEO_ORGANIC_DIRECT', 'DSP_RETARG_ABANDON_02']",0,0.0
USR_01223,4,Display > Organic Search > Paid Search > Paid Search,DSP_RETARG_ABANDON_02 > SEO_ORGANIC_DIRECT > SEM_COMPETITOR_03 > SEM_BRAND_01,Display,DSP_RETARG_ABANDON_02,Paid Search,SEM_BRAND_01,"[np.str_('Display'), np.str_('Organic Search'), np.str_('Paid Search'), np.str_('Paid Search')]","['DSP_RETARG_ABANDON_02', 'SEO_ORGANIC_DIRECT', 'SEM_COMPETITOR_03', 'SEM_BRAND_01']",0,0.0
USR_01224,2,Paid Search > Email,SEM_GENERIC_PROD_02 > EML_WINBACK_90D_03,Paid Search,SEM_GENERIC_PROD_02,Email,EML_WINBACK_90D_03,"[np.str_('Paid Search'), np.str_('Email')]","['SEM_GENERIC_PROD_02', 'EML_WINBACK_90D_03']",0,0.0
USR_01225,5,Paid Search > Email > Organic Search > Organic Search > Paid Search,SEM_COMPETITOR_03 > EML_NEWSLETTER_WKLY_01 > SEO_ORGANIC_DIRECT > SEO_ORGANIC_DIRECT > SEM_BRAND_01,Paid Search,SEM_COMPETITOR_03,Paid Search,SEM_BRAND_01,"[np.str_('Paid Search'), np.str_('Email'), np.str_('Organic Search'), np.str_('Organic Search'), np.str_('Paid Search')]","['SEM_COMPETITOR_03', 'EML_NEWSLETTER_WKLY_01', 'SEO_ORGANIC_DIRECT', 'SEO_ORGANIC_DIRECT', 'SEM_BRAND_01']",1,85.88
USR_01226,2,Display > Social Media,DSP_RETARG_ABANDON_02 > SOC_RETARG_DPA_02,Display,DSP_RETARG_ABANDON_02,Social Media,SOC_RETARG_DPA_02,"[np.str_('Display'), np.str_('Social Media')]","['DSP_RETARG_ABANDON_02', 'SOC_RETARG_DPA_02']",0,0.0
USR_01227,3,Display > Email > Social Media,DSP_RETARG_ABANDON_02 > EML_WINBACK_90D_03 > SOC_RETARG_DPA_02,Display,DSP_RETARG_ABANDON_02,Social Media,SOC_RETARG_DPA_02,"[np.str_('Display'), np.str_('Email'), np.str_('Social Media')]","['DSP_RETARG_ABANDON_02', 'EML_WINBACK_90D_03', 'SOC_RETARG_DPA_02']",0,0.0
USR_01228,2,Display > Display,DSP_PROG_AWARE_01 > DSP_PROG_AWARE_01,Display,DSP_PROG_AWARE_01,Display,DSP_PROG_AWARE_01,"[np.str_('Display'), np.str_('Display')]","['DSP_PROG_AWARE_01', 'DSP_PROG_AWARE_01']",1,67.28
USR_01229,1,Social Media,SOC_RETARG_DPA_02,Social Media,SOC_RETARG_DPA_02,Social Media,SOC_RETARG_DPA_02,[np.str_('Social Media')],['SOC_RETARG_DPA_02'],0,0.0
USR_01230,2,Display > Organic Search,DSP_PROG_AWARE_01 > SEO_ORGANIC_DIRECT,Display,DSP_PROG_AWARE_01,Organic Search,SEO_ORGANIC_DIRECT,"[np.str_('Display'), np.str_('Organic Search')]","['DSP_PROG_AWARE_01', 'SEO_ORGANIC_DIRECT']",0,0.0
USR_01231,1,Social Media,SOC_RETARG_DPA_02,Social Media,SOC_RETARG_DPA_02,Social Media,SOC_RETARG_DPA_02,[np.str_('Social Media')],['SOC_RETARG_DPA_02'],0,0.0
USR_01232,4,Organic Search > Organic Search > Paid Search > Paid Search,SEO_ORGANIC_DIRECT > SEO_ORGANIC_DIRECT > SEM_COMPETITOR_03 > SEM_GENERIC_PROD_02,Organic Search,SEO_ORGANIC_DIRECT,Paid Search,SEM_GENERIC_PROD_02,"[np.str_('Organic Search'), np.str_('Organic Search'), np.str_('Paid Search'), np.str_('Paid Search')]","['SEO_ORGANIC_DIRECT', 'SEO_ORGANIC_DIRECT', 'SEM_COMPETITOR_03', 'SEM_GENERIC_PROD_02']",0,0.0
USR_01233,1,Display,DSP_RETARG_ABANDON_02,Display,DSP_RETARG_ABANDON_02,Display,DSP_RETARG_ABANDON_02,[np.str_('Display')],['DSP_RETARG_ABANDON_02'],0,0.0
USR_01234,3,Organic Search > Display > Display,SEO_ORGANIC_DIRECT > DSP_PROG_AWARE_01 > DSP_PROG_AWARE_01,Organic Search,SEO_ORGANIC_DIRECT,Display,DSP_PROG_AWARE_01,"[np.str_('Organic Search'), np.str_('Display'), np.str_('Display')]","['SEO_ORGANIC_DIRECT', 'DSP_PROG_AWARE_01', 'DSP_PROG_AWARE_01']",0,0.0
USR_01235,1,Organic Search,SEO_ORGANIC_DIRECT,Organic Search,SEO_ORGANIC_DIRECT,Organic Search,SEO_ORGANIC_DIRECT,[np.str_('Organic Search')],['SEO_ORGANIC_DIRECT'],1,116.76
USR_01236,1,Paid Search,SEM_BRAND_01,Paid Search,SEM_BRAND_01,Paid Search,SEM_BRAND_01,[np.str_('Paid Search')],['SEM_BRAND_01'],0,0.0
USR_01237,5,Social Media > Email > Organic Search > Paid Search > Social Media,SOC_INFLUENCER_BOOST_03 > EML_NEWSLETTER_WKLY_01 > SEO_ORGANIC_DIRECT > SEM_GENERIC_PROD_02 > SOC_RETARG_DPA_02,Social Media,SOC_INFLUENCER_BOOST_03,Social Media,SOC_RETARG_DPA_02,"[np.str_('Social Media'), np.str_('Email'), np.str_('Organic Search'), np.str_('Paid Search'), np.str_('Social Media')]","['SOC_INFLUENCER_BOOST_03', 'EML_NEWSLETTER_WKLY_01', 'SEO_ORGANIC_DIRECT', 'SEM_GENERIC_PROD_02', 'SOC_RETARG_DPA_02']",1,72.27
USR_01238,3,Organic Search > Display > Social Media,SEO_ORGANIC_DIRECT > DSP_PROG_AWARE_01 > SOC_RETARG_DPA_02,Organic Search,SEO_ORGANIC_DIRECT,Social Media,SOC_RETARG_DPA_02,"[np.str_('Organic Search'), np.str_('Display'), np.str_('Social Media')]","['SEO_ORGANIC_DIRECT', 'DSP_PROG_AWARE_01', 'SOC_RETARG_DPA_02']",0,0.0
USR_01239,3,Social Media > Paid Search > Paid Search,SOC_PROSP_LOOKALIKE_01 > SEM_GENERIC_PROD_02 > SEM_BRAND_01,Social Media,SOC_PROSP_LOOKALIKE_01,Paid Search,SEM_BRAND_01,"[np.str_('Social Media'), np.str_('Paid Search'), np.str_('Paid Search')]","['SOC_PROSP_LOOKALIKE_01', 'SEM_GENERIC_PROD_02', 'SEM_BRAND_01']",0,0.0
USR_01240,3,Organic Search > Email > Paid Search,SEO_ORGANIC_DIRECT > EML_ABANDONED_CART_02 > SEM_COMPETITOR_03,Organic Search,SEO_ORGANIC_DIRECT,Paid Search,SEM_COMPETITOR_03,"[np.str_('Organic Search'), np.str_('Email'), np.str_('Paid Search')]","['SEO_ORGANIC_DIRECT', 'EML_ABANDONED_CART_02', 'SEM_COMPETITOR_03']",1,106.71
USR_01241,5,Paid Search > Email > Email > Paid Search > Social Media,SEM_COMPETITOR_03 > EML_ABANDONED_CART_02 > EML_ABANDONED_CART_02 > SEM_COMPETITOR_03 > SOC_PROSP_LOOKALIKE_01,Paid Search,SEM_COMPETITOR_03,Social Media,SOC_PROSP_LOOKALIKE_01,"[np.str_('Paid Search'), np.str_('Email'), np.str_('Email'), np.str_('Paid Search'), np.str_('Social Media')]","['SEM_COMPETITOR_03', 'EML_ABANDONED_CART_02', 'EML_ABANDONED_CART_02', 'SEM_COMPETITOR_03', 'SOC_PROSP_LOOKALIKE_01']",0,0.0
USR_01242,1,Social Media,SOC_PROSP_LOOKALIKE_01,Social Media,SOC_PROSP_LOOKALIKE_01,Social Media,SOC_PROSP_LOOKALIKE_01,[np.str_('Social Media')],['SOC_PROSP_LOOKALIKE_01'],0,0.0
USR_01243,2,Social Media > Paid Search,SOC_RETARG_DPA_02 > SEM_COMPETITOR_03,Social Media,SOC_RETARG_DPA_02,Paid Search,SEM_COMPETITOR_03,"[np.str_('Social Media'), np.str_('Paid Search')]","['SOC_RETARG_DPA_02', 'SEM_COMPETITOR_03']",0,0.0
USR_01244,1,Display,DSP_RETARG_ABANDON_02,Display,DSP_RETARG_ABANDON_02,Display,DSP_RETARG_ABANDON_02,[np.str_('Display')],['DSP_RETARG_ABANDON_02'],0,0.0
USR_01245,1,Display,DSP_RETARG_ABANDON_02,Display,DSP_RETARG_ABANDON_02,Display,DSP_RETARG_ABANDON_02,[np.str_('Display')],['DSP_RETARG_ABANDON_02'],0,0.0
USR_01246,3,Organic Search > Display > Email,SEO_ORGANIC_DIRECT > DSP_PROG_AWARE_01 > EML_ABANDONED_CART_02,Organic Search,SEO_ORGANIC_DIRECT,Email,EML_ABANDONED_CART_02,"[np.str_('Organic Search'), np.str_('Display'), np.str_('Email')]","['SEO_ORGANIC_DIRECT', 'DSP_PROG_AWARE_01', 'EML_ABANDONED_CART_02']",0,0.0
USR_01247,2,Social Media > Paid Search,SOC_PROSP_LOOKALIKE_01 > SEM_BRAND_01,Social Media,SOC_PROSP_LOOKALIKE_01,Paid Search,SEM_BRAND_01,"[np.str_('Social Media'), np.str_('Paid Search')]","['SOC_PROSP_LOOKALIKE_01', 'SEM_BRAND_01']",0,0.0
USR_01248,2,Social Media > Organic Search,SOC_PROSP_LOOKALIKE_01 > SEO_ORGANIC_DIRECT,Social Media,SOC_PROSP_LOOKALIKE_01,Organic Search,SEO_ORGANIC_DIRECT,"[np.str_('Social Media'), np.str_('Organic Search')]","['SOC_PROSP_LOOKALIKE_01', 'SEO_ORGANIC_DIRECT']",0,0.0
USR_01249,3,Organic Search > Social Media > Paid Search,SEO_ORGANIC_DIRECT > SOC_INFLUENCER_BOOST_03 > SEM_BRAND_01,Organic Search,SEO_ORGANIC_DIRECT,Paid Search,SEM_BRAND_01,"[np.str_('Organic Search'), np.str_('Social Media'), np.str_('Paid Search')]","['SEO_ORGANIC_DIRECT', 'SOC_INFLUENCER_BOOST_03', 'SEM_BRAND_01']",0,0.0
USR_01250,1,Email,EML_NEWSLETTER_WKLY_01,Email,EML_NEWSLETTER_WKLY_01,Email,EML_NEWSLETTER_WKLY_01,[np.str_('Email')],['EML_NEWSLETTER_WKLY_01'],0,0.0
USR_01251,1,Social Media,SOC_RETARG_DPA_02,Social Media,SOC_RETARG_DPA_02,Social Media,SOC_RETARG_DPA_02,[np.str_('Social Media')],['SOC_RETARG_DPA_02'],1,103.27
USR_01252,1,Social Media,SOC_INFLUENCER_BOOST_03,Social Media,SOC_INFLUENCER_BOOST_03,Social Media,SOC_INFLUENCER_BOOST_03,[np.str_('Social Media')],['SOC_INFLUENCER_BOOST_03'],0,0.0
USR_01253,2,Display > Social Media,DSP_RETARG_ABANDON_02 > SOC_RETARG_DPA_02,Display,DSP_RETARG_ABANDON_02,Social Media,SOC_RETARG_DPA_02,"[np.str_('Display'), np.str_('Social Media')]","['DSP_RETARG_ABANDON_02', 'SOC_RETARG_DPA_02']",0,0.0
USR_01254,2,Paid Search > Paid Search,SEM_COMPETITOR_03 > SEM_BRAND_01,Paid Search,SEM_COMPETITOR_03,Paid Search,SEM_BRAND_01,"[np.str_('Paid Search'), np.str_('Paid Search')]","['SEM_COMPETITOR_03', 'SEM_BRAND_01']",1,150.06
USR_01255,1,Organic Search,SEO_ORGANIC_DIRECT,Organic Search,SEO_ORGANIC_DIRECT,Organic Search,SEO_ORGANIC_DIRECT,[np.str_('Organic Search')],['SEO_ORGANIC_DIRECT'],0,0.0
USR_01256,1,Paid Search,SEM_COMPETITOR_03,Paid Search,SEM_COMPETITOR_03,Paid Search,SEM_COMPETITOR_03,[np.str_('Paid Search')],['SEM_COMPETITOR_03'],0,0.0
USR_01257,1,Display,DSP_PROG_AWARE_01,Display,DSP_PROG_AWARE_01,Display,DSP_PROG_AWARE_01,[np.str_('Display')],['DSP_PROG_AWARE_01'],0,0.0
USR_01258,5,Display > Organic Search > Display > Email > Email,DSP_PROG_AWARE_01 > SEO_ORGANIC_DIRECT > DSP_PROG_AWARE_01 > EML_WINBACK_90D_03 > EML_NEWSLETTER_WKLY_01,Display,DSP_PROG_AWARE_01,Email,EML_NEWSLETTER_WKLY_01,"[np.str_('Display'), np.str_('Organic Search'), np.str_('Display'), np.str_('Email'), np.str_('Email')]","['DSP_PROG_AWARE_01', 'SEO_ORGANIC_DIRECT', 'DSP_PROG_AWARE_01', 'EML_WINBACK_90D_03', 'EML_NEWSLETTER_WKLY_01']",1,104.46
USR_01259,2,Display > Paid Search,DSP_RETARG_ABANDON_02 > SEM_BRAND_01,Display,DSP_RETARG_ABANDON_02,Paid Search,SEM_BRAND_01,"[np.str_('Display'), np.str_('Paid Search')]","['DSP_RETARG_ABANDON_02', 'SEM_BRAND_01']",0,0.0
USR_01260,2,Organic Search > Paid Search,SEO_ORGANIC_DIRECT > SEM_BRAND_01,Organic Search,SEO_ORGANIC_DIRECT,Paid Search,SEM_BRAND_01,"[np.str_('Organic Search'), np.str_('Paid Search')]","['SEO_ORGANIC_DIRECT', 'SEM_BRAND_01']",0,0.0
USR_01261,1,Social Media,SOC_INFLUENCER_BOOST_03,Social Media,SOC_INFLUENCER_BOOST_03,Social Media,SOC_INFLUENCER_BOOST_03,[np.str_('Social Media')],['SOC_INFLUENCER_BOOST_03'],0,0.0
USR_01262,1,Paid Search,SEM_BRAND_01,Paid Search,SEM_BRAND_01,Paid Search,SEM_BRAND_01,[np.str_('Paid Search')],['SEM_BRAND_01'],0,0.0
USR_01263,1,Social Media,SOC_PROSP_LOOKALIKE_01,Social Media,SOC_PROSP_LOOKALIKE_01,Social Media,SOC_PROSP_LOOKALIKE_01,[np.str_('Social Media')],['SOC_PROSP_LOOKALIKE_01'],0,0.0
USR_01264,2,Social Media > Email,SOC_PROSP_LOOKALIKE_01 > EML_NEWSLETTER_WKLY_01,Social Media,SOC_PROSP_LOOKALIKE_01,Email,EML_NEWSLETTER_WKLY_01,"[np.str_('Social Media'), np.str_('Email')]","['SOC_PROSP_LOOKALIKE_01', 'EML_NEWSLETTER_WKLY_01']",0,0.0
USR_01265,1,Social Media,SOC_PROSP_LOOKALIKE_01,Social Media,SOC_PROSP_LOOKALIKE_01,Social Media,SOC_PROSP_LOOKALIKE_01,[np.str_('Social Media')],['SOC_PROSP_LOOKALIKE_01'],0,0.0
USR_01266,3,Social Media > Social Media > Paid Search,SOC_PROSP_LOOKALIKE_01 > SOC_RETARG_DPA_02 > SEM_BRAND_01,Social Media,SOC_PROSP_LOOKALIKE_01,Paid Search,SEM_BRAND_01,"[np.str_('Social Media'), np.str_('Social Media'), np.str_('Paid Search')]","['SOC_PROSP_LOOKALIKE_01', 'SOC_RETARG_DPA_02', 'SEM_BRAND_01']",0,0.0
USR_01267,1,Social Media,SOC_RETARG_DPA_02,Social Media,SOC_RETARG_DPA_02,Social Media,SOC_RETARG_DPA_02,[np.str_('Social Media')],['SOC_RETARG_DPA_02'],0,0.0
USR_01268,1,Paid Search,SEM_GENERIC_PROD_02,Paid Search,SEM_GENERIC_PROD_02,Paid Search,SEM_GENERIC_PROD_02,[np.str_('Paid Search')],['SEM_GENERIC_PROD_02'],1,146.05
USR_01269,2,Email > Social Media,EML_WINBACK_90D_03 > SOC_RETARG_DPA_02,Email,EML_WINBACK_90D_03,Social Media,SOC_RETARG_DPA_02,"[np.str_('Email'), np.str_('Social Media')]","['EML_WINBACK_90D_03', 'SOC_RETARG_DPA_02']",0,0.0
USR_01270,3,Social Media > Email > Paid Search,SOC_RETARG_DPA_02 > EML_ABANDONED_CART_02 > SEM_BRAND_01,Social Media,SOC_RETARG_DPA_02,Paid Search,SEM_BRAND_01,"[np.str_('Social Media'), np.str_('Email'), np.str_('Paid Search')]","['SOC_RETARG_DPA_02', 'EML_ABANDONED_CART_02', 'SEM_BRAND_01']",0,0.0
USR_01271,1,Paid Search,SEM_BRAND_01,Paid Search,SEM_BRAND_01,Paid Search,SEM_BRAND_01,[np.str_('Paid Search')],['SEM_BRAND_01'],0,0.0
USR_01272,2,Paid Search > Display,SEM_BRAND_01 > DSP_PROG_AWARE_01,Paid Search,SEM_BRAND_01,Display,DSP_PROG_AWARE_01,"[np.str_('Paid Search'), np.str_('Display')]","['SEM_BRAND_01', 'DSP_PROG_AWARE_01']",0,0.0
USR_01273,3,Paid Search > Social Media > Display,SEM_BRAND_01 > SOC_PROSP_LOOKALIKE_01 > DSP_PROG_AWARE_01,Paid Search,SEM_BRAND_01,Display,DSP_PROG_AWARE_01,"[np.str_('Paid Search'), np.str_('Social Media'), np.str_('Display')]","['SEM_BRAND_01', 'SOC_PROSP_LOOKALIKE_01', 'DSP_PROG_AWARE_01']",0,0.0
USR_01274,1,Social Media,SOC_RETARG_DPA_02,Social Media,SOC_RETARG_DPA_02,Social Media,SOC_RETARG_DPA_02,[np.str_('Social Media')],['SOC_RETARG_DPA_02'],0,0.0
USR_01275,1,Organic Search,SEO_ORGANIC_DIRECT,Organic Search,SEO_ORGANIC_DIRECT,Organic Search,SEO_ORGANIC_DIRECT,[np.str_('Organic Search')],['SEO_ORGANIC_DIRECT'],0,0.0
USR_01276,5,Social Media > Social Media > Paid Search > Paid Search > Email,SOC_RETARG_DPA_02 > SOC_PROSP_LOOKALIKE_01 > SEM_BRAND_01 > SEM_GENERIC_PROD_02 > EML_ABANDONED_CART_02,Social Media,SOC_RETARG_DPA_02,Email,EML_ABANDONED_CART_02,"[np.str_('Social Media'), np.str_('Social Media'), np.str_('Paid Search'), np.str_('Paid Search'), np.str_('Email')]","['SOC_RETARG_DPA_02', 'SOC_PROSP_LOOKALIKE_01', 'SEM_BRAND_01', 'SEM_GENERIC_PROD_02', 'EML_ABANDONED_CART_02']",0,0.0
USR_01277,4,Display > Social Media > Social Media > Organic Search,DSP_PROG_AWARE_01 > SOC_PROSP_LOOKALIKE_01 > SOC_PROSP_LOOKALIKE_01 > SEO_ORGANIC_DIRECT,Display,DSP_PROG_AWARE_01,Organic Search,SEO_ORGANIC_DIRECT,"[np.str_('Display'), np.str_('Social Media'), np.str_('Social Media'), np.str_('Organic Search')]","['DSP_PROG_AWARE_01', 'SOC_PROSP_LOOKALIKE_01', 'SOC_PROSP_LOOKALIKE_01', 'SEO_ORGANIC_DIRECT']",0,0.0
USR_01278,5,Paid Search > Email > Email > Organic Search > Paid Search,SEM_BRAND_01 > EML_ABANDONED_CART_02 > EML_ABANDONED_CART_02 > SEO_ORGANIC_DIRECT > SEM_BRAND_01,Paid Search,SEM_BRAND_01,Paid Search,SEM_BRAND_01,"[np.str_('Paid Search'), np.str_('Email'), np.str_('Email'), np.str_('Organic Search'), np.str_('Paid Search')]","['SEM_BRAND_01', 'EML_ABANDONED_CART_02', 'EML_ABANDONED_CART_02', 'SEO_ORGANIC_DIRECT', 'SEM_BRAND_01']",0,0.0
USR_01279,1,Social Media,SOC_RETARG_DPA_02,Social Media,SOC_RETARG_DPA_02,Social Media,SOC_RETARG_DPA_02,[np.str_('Social Media')],['SOC_RETARG_DPA_02'],0,0.0
USR_01280,4,Social Media > Display > Organic Search > Paid Search,SOC_PROSP_LOOKALIKE_01 > DSP_PROG_AWARE_01 > SEO_ORGANIC_DIRECT > SEM_GENERIC_PROD_02,Social Media,SOC_PROSP_LOOKALIKE_01,Paid Search,SEM_GENERIC_PROD_02,"[np.str_('Social Media'), np.str_('Display'), np.str_('Organic Search'), np.str_('Paid Search')]","['SOC_PROSP_LOOKALIKE_01', 'DSP_PROG_AWARE_01', 'SEO_ORGANIC_DIRECT', 'SEM_GENERIC_PROD_02']",1,136.6
USR_01281,4,Display > Social Media > Paid Search > Social Media,DSP_PROG_AWARE_01 > SOC_PROSP_LOOKALIKE_01 > SEM_COMPETITOR_03 > SOC_INFLUENCER_BOOST_03,Display,DSP_PROG_AWARE_01,Social Media,SOC_INFLUENCER_BOOST_03,"[np.str_('Display'), np.str_('Social Media'), np.str_('Paid Search'), np.str_('Social Media')]","['DSP_PROG_AWARE_01', 'SOC_PROSP_LOOKALIKE_01', 'SEM_COMPETITOR_03', 'SOC_INFLUENCER_BOOST_03']",0,0.0
USR_01282,1,Social Media,SOC_PROSP_LOOKALIKE_01,Social Media,SOC_PROSP_LOOKALIKE_01,Social Media,SOC_PROSP_LOOKALIKE_01,[np.str_('Social Media')],['SOC_PROSP_LOOKALIKE_01'],0,0.0
USR_01283,1,Social Media,SOC_INFLUENCER_BOOST_03,Social Media,SOC_INFLUENCER_BOOST_03,Social Media,SOC_INFLUENCER_BOOST_03,[np.str_('Social Media')],['SOC_INFLUENCER_BOOST_03'],0,0.0
USR_01284,2,Display > Social Media,DSP_RETARG_ABANDON_02 > SOC_INFLUENCER_BOOST_03,Display,DSP_RETARG_ABANDON_02,Social Media,SOC_INFLUENCER_BOOST_03,"[np.str_('Display'), np.str_('Social Media')]","['DSP_RETARG_ABANDON_02', 'SOC_INFLUENCER_BOOST_03']",0,0.0
USR_01285,5,Social Media > Social Media > Organic Search > Organic Search > Organic Search,SOC_RETARG_DPA_02 > SOC_RETARG_DPA_02 > SEO_ORGANIC_DIRECT > SEO_ORGANIC_DIRECT > SEO_ORGANIC_DIRECT,Social Media,SOC_RETARG_DPA_02,Organic Search,SEO_ORGANIC_DIRECT,"[np.str_('Social Media'), np.str_('Social Media'), np.str_('Organic Search'), np.str_('Organic Search'), np.str_('Organic Search')]","['SOC_RETARG_DPA_02', 'SOC_RETARG_DPA_02', 'SEO_ORGANIC_DIRECT', 'SEO_ORGANIC_DIRECT', 'SEO_ORGANIC_DIRECT']",0,0.0
USR_01286,1,Display,DSP_PROG_AWARE_01,Display,DSP_PROG_AWARE_01,Display,DSP_PROG_AWARE_01,[np.str_('Display')],['DSP_PROG_AWARE_01'],0,0.0
USR_01287,2,Paid Search > Organic Search,SEM_GENERIC_PROD_02 > SEO_ORGANIC_DIRECT,Paid Search,SEM_GENERIC_PROD_02,Organic Search,SEO_ORGANIC_DIRECT,"[np.str_('Paid Search'), np.str_('Organic Search')]","['SEM_GENERIC_PROD_02', 'SEO_ORGANIC_DIRECT']",1,103.21
USR_01288,2,Social Media > Paid Search,SOC_RETARG_DPA_02 > SEM_COMPETITOR_03,Social Media,SOC_RETARG_DPA_02,Paid Search,SEM_COMPETITOR_03,"[np.str_('Social Media'), np.str_('Paid Search')]","['SOC_RETARG_DPA_02', 'SEM_COMPETITOR_03']",0,0.0
USR_01289,1,Display,DSP_PROG_AWARE_01,Display,DSP_PROG_AWARE_01,Display,DSP_PROG_AWARE_01,[np.str_('Display')],['DSP_PROG_AWARE_01'],0,0.0
USR_01290,1,Organic Search,SEO_ORGANIC_DIRECT,Organic Search,SEO_ORGANIC_DIRECT,Organic Search,SEO_ORGANIC_DIRECT,[np.str_('Organic Search')],['SEO_ORGANIC_DIRECT'],0,0.0
USR_01291,1,Display,DSP_PROG_AWARE_01,Display,DSP_PROG_AWARE_01,Display,DSP_PROG_AWARE_01,[np.str_('Display')],['DSP_PROG_AWARE_01'],0,0.0
USR_01292,2,Social Media > Paid Search,SOC_INFLUENCER_BOOST_03 > SEM_COMPETITOR_03,Social Media,SOC_INFLUENCER_BOOST_03,Paid Search,SEM_COMPETITOR_03,"[np.str_('Social Media'), np.str_('Paid Search')]","['SOC_INFLUENCER_BOOST_03', 'SEM_COMPETITOR_03']",0,0.0
USR_01293,1,Social Media,SOC_PROSP_LOOKALIKE_01,Social Media,SOC_PROSP_LOOKALIKE_01,Social Media,SOC_PROSP_LOOKALIKE_01,[np.str_('Social Media')],['SOC_PROSP_LOOKALIKE_01'],0,0.0
USR_01294,1,Display,DSP_PROG_AWARE_01,Display,DSP_PROG_AWARE_01,Display,DSP_PROG_AWARE_01,[np.str_('Display')],['DSP_PROG_AWARE_01'],0,0.0
USR_01295,1,Display,DSP_RETARG_ABANDON_02,Display,DSP_RETARG_ABANDON_02,Display,DSP_RETARG_ABANDON_02,[np.str_('Display')],['DSP_RETARG_ABANDON_02'],0,0.0
USR_01296,5,Display > Paid Search > Display > Organic Search > Display,DSP_RETARG_ABANDON_02 > SEM_GENERIC_PROD_02 > DSP_RETARG_ABANDON_02 > SEO_ORGANIC_DIRECT > DSP_RETARG_ABANDON_02,Display,DSP_RETARG_ABANDON_02,Display,DSP_RETARG_ABANDON_02,"[np.str_('Display'), np.str_('Paid Search'), np.str_('Display'), np.str_('Organic Search'), np.str_('Display')]","['DSP_RETARG_ABANDON_02', 'SEM_GENERIC_PROD_02', 'DSP_RETARG_ABANDON_02', 'SEO_ORGANIC_DIRECT', 'DSP_RETARG_ABANDON_02']",1,102.48
USR_01297,2,Social Media > Display,SOC_INFLUENCER_BOOST_03 > DSP_RETARG_ABANDON_02,Social Media,SOC_INFLUENCER_BOOST_03,Display,DSP_RETARG_ABANDON_02,"[np.str_('Social Media'), np.str_('Display')]","['SOC_INFLUENCER_BOOST_03', 'DSP_RETARG_ABANDON_02']",0,0.0
USR_01298,3,Social Media > Organic Search > Paid Search,SOC_RETARG_DPA_02 > SEO_ORGANIC_DIRECT > SEM_BRAND_01,Social Media,SOC_RETARG_DPA_02,Paid Search,SEM_BRAND_01,"[np.str_('Social Media'), np.str_('Organic Search'), np.str_('Paid Search')]","['SOC_RETARG_DPA_02', 'SEO_ORGANIC_DIRECT', 'SEM_BRAND_01']",0,0.0
USR_01299,2,Display > Social Media,DSP_PROG_AWARE_01 > SOC_RETARG_DPA_02,Display,DSP_PROG_AWARE_01,Social Media,SOC_RETARG_DPA_02,"[np.str_('Display'), np.str_('Social Media')]","['DSP_PROG_AWARE_01', 'SOC_RETARG_DPA_02']",0,0.0
USR_01300,5,Paid Search > Paid Search > Display > Organic Search > Display,SEM_COMPETITOR_03 > SEM_BRAND_01 > DSP_PROG_AWARE_01 > SEO_ORGANIC_DIRECT > DSP_RETARG_ABANDON_02,Paid Search,SEM_COMPETITOR_03,Display,DSP_RETARG_ABANDON_02,"[np.str_('Paid Search'), np.str_('Paid Search'), np.str_('Display'), np.str_('Organic Search'), np.str_('Display')]","['SEM_COMPETITOR_03', 'SEM_BRAND_01', 'DSP_PROG_AWARE_01', 'SEO_ORGANIC_DIRECT', 'DSP_RETARG_ABANDON_02']",0,0.0
USR_01301,1,Organic Search,SEO_ORGANIC_DIRECT,Organic Search,SEO_ORGANIC_DIRECT,Organic Search,SEO_ORGANIC_DIRECT,[np.str_('Organic Search')],['SEO_ORGANIC_DIRECT'],0,0.0
USR_01302,3,Social Media > Display > Paid Search,SOC_PROSP_LOOKALIKE_01 > DSP_PROG_AWARE_01 > SEM_GENERIC_PROD_02,Social Media,SOC_PROSP_LOOKALIKE_01,Paid Search,SEM_GENERIC_PROD_02,"[np.str_('Social Media'), np.str_('Display'), np.str_('Paid Search')]","['SOC_PROSP_LOOKALIKE_01', 'DSP_PROG_AWARE_01', 'SEM_GENERIC_PROD_02']",0,0.0
USR_01303,2,Display > Social Media,DSP_PROG_AWARE_01 > SOC_PROSP_LOOKALIKE_01,Display,DSP_PROG_AWARE_01,Social Media,SOC_PROSP_LOOKALIKE_01,"[np.str_('Display'), np.str_('Social Media')]","['DSP_PROG_AWARE_01', 'SOC_PROSP_LOOKALIKE_01']",0,0.0
USR_01304,2,Paid Search > Organic Search,SEM_BRAND_01 > SEO_ORGANIC_DIRECT,Paid Search,SEM_BRAND_01,Organic Search,SEO_ORGANIC_DIRECT,"[np.str_('Paid Search'), np.str_('Organic Search')]","['SEM_BRAND_01', 'SEO_ORGANIC_DIRECT']",0,0.0
USR_01305,5,Display > Social Media > Email > Display > Organic Search,DSP_RETARG_ABANDON_02 > SOC_INFLUENCER_BOOST_03 > EML_WINBACK_90D_03 > DSP_RETARG_ABANDON_02 > SEO_ORGANIC_DIRECT,Display,DSP_RETARG_ABANDON_02,Organic Search,SEO_ORGANIC_DIRECT,"[np.str_('Display'), np.str_('Social Media'), np.str_('Email'), np.str_('Display'), np.str_('Organic Search')]","['DSP_RETARG_ABANDON_02', 'SOC_INFLUENCER_BOOST_03', 'EML_WINBACK_90D_03', 'DSP_RETARG_ABANDON_02', 'SEO_ORGANIC_DIRECT']",1,95.73
USR_01306,1,Display,DSP_RETARG_ABANDON_02,Display,DSP_RETARG_ABANDON_02,Display,DSP_RETARG_ABANDON_02,[np.str_('Display')],['DSP_RETARG_ABANDON_02'],0,0.0
USR_01307,4,Paid Search > Display > Social Media > Email,SEM_GENERIC_PROD_02 > DSP_PROG_AWARE_01 > SOC_PROSP_LOOKALIKE_01 > EML_NEWSLETTER_WKLY_01,Paid Search,SEM_GENERIC_PROD_02,Email,EML_NEWSLETTER_WKLY_01,"[np.str_('Paid Search'), np.str_('Display'), np.str_('Social Media'), np.str_('Email')]","['SEM_GENERIC_PROD_02', 'DSP_PROG_AWARE_01', 'SOC_PROSP_LOOKALIKE_01', 'EML_NEWSLETTER_WKLY_01']",1,78.7
USR_01308,1,Social Media,SOC_RETARG_DPA_02,Social Media,SOC_RETARG_DPA_02,Social Media,SOC_RETARG_DPA_02,[np.str_('Social Media')],['SOC_RETARG_DPA_02'],1,109.68
USR_01309,1,Social Media,SOC_RETARG_DPA_02,Social Media,SOC_RETARG_DPA_02,Social Media,SOC_RETARG_DPA_02,[np.str_('Social Media')],['SOC_RETARG_DPA_02'],0,0.0
USR_01310,3,Organic Search > Display > Paid Search,SEO_ORGANIC_DIRECT > DSP_PROG_AWARE_01 > SEM_GENERIC_PROD_02,Organic Search,SEO_ORGANIC_DIRECT,Paid Search,SEM_GENERIC_PROD_02,"[np.str_('Organic Search'), np.str_('Display'), np.str_('Paid Search')]","['SEO_ORGANIC_DIRECT', 'DSP_PROG_AWARE_01', 'SEM_GENERIC_PROD_02']",1,153.3
USR_01311,5,Display > Paid Search > Email > Display > Paid Search,DSP_PROG_AWARE_01 > SEM_COMPETITOR_03 > EML_WINBACK_90D_03 > DSP_PROG_AWARE_01 > SEM_GENERIC_PROD_02,Display,DSP_PROG_AWARE_01,Paid Search,SEM_GENERIC_PROD_02,"[np.str_('Display'), np.str_('Paid Search'), np.str_('Email'), np.str_('Display'), np.str_('Paid Search')]","['DSP_PROG_AWARE_01', 'SEM_COMPETITOR_03', 'EML_WINBACK_90D_03', 'DSP_PROG_AWARE_01', 'SEM_GENERIC_PROD_02']",1,103.2
USR_01312,4,Social Media > Paid Search > Organic Search > Organic Search,SOC_RETARG_DPA_02 > SEM_COMPETITOR_03 > SEO_ORGANIC_DIRECT > SEO_ORGANIC_DIRECT,Social Media,SOC_RETARG_DPA_02,Organic Search,SEO_ORGANIC_DIRECT,"[np.str_('Social Media'), np.str_('Paid Search'), np.str_('Organic Search'), np.str_('Organic Search')]","['SOC_RETARG_DPA_02', 'SEM_COMPETITOR_03', 'SEO_ORGANIC_DIRECT', 'SEO_ORGANIC_DIRECT']",0,0.0
USR_01313,1,Paid Search,SEM_COMPETITOR_03,Paid Search,SEM_COMPETITOR_03,Paid Search,SEM_COMPETITOR_03,[np.str_('Paid Search')],['SEM_COMPETITOR_03'],0,0.0
USR_01314,1,Email,EML_ABANDONED_CART_02,Email,EML_ABANDONED_CART_02,Email,EML_ABANDONED_CART_02,[np.str_('Email')],['EML_ABANDONED_CART_02'],0,0.0
USR_01315,1,Social Media,SOC_RETARG_DPA_02,Social Media,SOC_RETARG_DPA_02,Social Media,SOC_RETARG_DPA_02,[np.str_('Social Media')],['SOC_RETARG_DPA_02'],0,0.0
USR_01316,1,Social Media,SOC_INFLUENCER_BOOST_03,Social Media,SOC_INFLUENCER_BOOST_03,Social Media,SOC_INFLUENCER_BOOST_03,[np.str_('Social Media')],['SOC_INFLUENCER_BOOST_03'],0,0.0
USR_01317,1,Social Media,SOC_RETARG_DPA_02,Social Media,SOC_RETARG_DPA_02,Social Media,SOC_RETARG_DPA_02,[np.str_('Social Media')],['SOC_RETARG_DPA_02'],0,0.0
USR_01318,1,Social Media,SOC_INFLUENCER_BOOST_03,Social Media,SOC_INFLUENCER_BOOST_03,Social Media,SOC_INFLUENCER_BOOST_03,[np.str_('Social Media')],['SOC_INFLUENCER_BOOST_03'],0,0.0
USR_01319,1,Display,DSP_PROG_AWARE_01,Display,DSP_PROG_AWARE_01,Display,DSP_PROG_AWARE_01,[np.str_('Display')],['DSP_PROG_AWARE_01'],0,0.0
USR_01320,2,Social Media > Social Media,SOC_INFLUENCER_BOOST_03 > SOC_INFLUENCER_BOOST_03,Social Media,SOC_INFLUENCER_BOOST_03,Social Media,SOC_INFLUENCER_BOOST_03,"[np.str_('Social Media'), np.str_('Social Media')]","['SOC_INFLUENCER_BOOST_03', 'SOC_INFLUENCER_BOOST_03']",0,0.0
USR_01321,2,Display > Organic Search,DSP_RETARG_ABANDON_02 > SEO_ORGANIC_DIRECT,Display,DSP_RETARG_ABANDON_02,Organic Search,SEO_ORGANIC_DIRECT,"[np.str_('Display'), np.str_('Organic Search')]","['DSP_RETARG_ABANDON_02', 'SEO_ORGANIC_DIRECT']",1,94.01
USR_01322,1,Display,DSP_PROG_AWARE_01,Display,DSP_PROG_AWARE_01,Display,DSP_PROG_AWARE_01,[np.str_('Display')],['DSP_PROG_AWARE_01'],0,0.0
USR_01323,1,Social Media,SOC_PROSP_LOOKALIKE_01,Social Media,SOC_PROSP_LOOKALIKE_01,Social Media,SOC_PROSP_LOOKALIKE_01,[np.str_('Social Media')],['SOC_PROSP_LOOKALIKE_01'],0,0.0
USR_01324,5,Social Media > Paid Search > Display > Email > Paid Search,SOC_INFLUENCER_BOOST_03 > SEM_GENERIC_PROD_02 > DSP_PROG_AWARE_01 > EML_WINBACK_90D_03 > SEM_GENERIC_PROD_02,Social Media,SOC_INFLUENCER_BOOST_03,Paid Search,SEM_GENERIC_PROD_02,"[np.str_('Social Media'), np.str_('Paid Search'), np.str_('Display'), np.str_('Email'), np.str_('Paid Search')]","['SOC_INFLUENCER_BOOST_03', 'SEM_GENERIC_PROD_02', 'DSP_PROG_AWARE_01', 'EML_WINBACK_90D_03', 'SEM_GENERIC_PROD_02']",0,0.0
USR_01325,1,Social Media,SOC_INFLUENCER_BOOST_03,Social Media,SOC_INFLUENCER_BOOST_03,Social Media,SOC_INFLUENCER_BOOST_03,[np.str_('Social Media')],['SOC_INFLUENCER_BOOST_03'],0,0.0
USR_01326,1,Display,DSP_RETARG_ABANDON_02,Display,DSP_RETARG_ABANDON_02,Display,DSP_RETARG_ABANDON_02,[np.str_('Display')],['DSP_RETARG_ABANDON_02'],0,0.0
USR_01327,4,Social Media > Social Media > Paid Search > Paid Search,SOC_INFLUENCER_BOOST_03 > SOC_INFLUENCER_BOOST_03 > SEM_GENERIC_PROD_02 > SEM_GENERIC_PROD_02,Social Media,SOC_INFLUENCER_BOOST_03,Paid Search,SEM_GENERIC_PROD_02,"[np.str_('Social Media'), np.str_('Social Media'), np.str_('Paid Search'), np.str_('Paid Search')]","['SOC_INFLUENCER_BOOST_03', 'SOC_INFLUENCER_BOOST_03', 'SEM_GENERIC_PROD_02', 'SEM_GENERIC_PROD_02']",0,0.0
USR_01328,1,Paid Search,SEM_GENERIC_PROD_02,Paid Search,SEM_GENERIC_PROD_02,Paid Search,SEM_GENERIC_PROD_02,[np.str_('Paid Search')],['SEM_GENERIC_PROD_02'],0,0.0
USR_01329,1,Social Media,SOC_INFLUENCER_BOOST_03,Social Media,SOC_INFLUENCER_BOOST_03,Social Media,SOC_INFLUENCER_BOOST_03,[np.str_('Social Media')],['SOC_INFLUENCER_BOOST_03'],0,0.0
USR_01330,3,Social Media > Display > Email,SOC_PROSP_LOOKALIKE_01 > DSP_PROG_AWARE_01 > EML_ABANDONED_CART_02,Social Media,SOC_PROSP_LOOKALIKE_01,Email,EML_ABANDONED_CART_02,"[np.str_('Social Media'), np.str_('Display'), np.str_('Email')]","['SOC_PROSP_LOOKALIKE_01', 'DSP_PROG_AWARE_01', 'EML_ABANDONED_CART_02']",1,126.22
USR_01331,1,Organic Search,SEO_ORGANIC_DIRECT,Organic Search,SEO_ORGANIC_DIRECT,Organic Search,SEO_ORGANIC_DIRECT,[np.str_('Organic Search')],['SEO_ORGANIC_DIRECT'],0,0.0
USR_01332,1,Organic Search,SEO_ORGANIC_DIRECT,Organic Search,SEO_ORGANIC_DIRECT,Organic Search,SEO_ORGANIC_DIRECT,[np.str_('Organic Search')],['SEO_ORGANIC_DIRECT'],0,0.0
USR_01333,1,Organic Search,SEO_ORGANIC_DIRECT,Organic Search,SEO_ORGANIC_DIRECT,Organic Search,SEO_ORGANIC_DIRECT,[np.str_('Organic Search')],['SEO_ORGANIC_DIRECT'],0,0.0
USR_01334,4,Display > Paid Search > Display > Social Media,DSP_PROG_AWARE_01 > SEM_COMPETITOR_03 > DSP_PROG_AWARE_01 > SOC_PROSP_LOOKALIKE_01,Display,DSP_PROG_AWARE_01,Social Media,SOC_PROSP_LOOKALIKE_01,"[np.str_('Display'), np.str_('Paid Search'), np.str_('Display'), np.str_('Social Media')]","['DSP_PROG_AWARE_01', 'SEM_COMPETITOR_03', 'DSP_PROG_AWARE_01', 'SOC_PROSP_LOOKALIKE_01']",1,133.53
USR_01335,1,Display,DSP_PROG_AWARE_01,Display,DSP_PROG_AWARE_01,Display,DSP_PROG_AWARE_01,[np.str_('Display')],['DSP_PROG_AWARE_01'],0,0.0
USR_01336,2,Organic Search > Paid Search,SEO_ORGANIC_DIRECT > SEM_BRAND_01,Organic Search,SEO_ORGANIC_DIRECT,Paid Search,SEM_BRAND_01,"[np.str_('Organic Search'), np.str_('Paid Search')]","['SEO_ORGANIC_DIRECT', 'SEM_BRAND_01']",0,0.0
USR_01337,1,Display,DSP_RETARG_ABANDON_02,Display,DSP_RETARG_ABANDON_02,Display,DSP_RETARG_ABANDON_02,[np.str_('Display')],['DSP_RETARG_ABANDON_02'],0,0.0
USR_01338,3,Organic Search > Email > Social Media,SEO_ORGANIC_DIRECT > EML_WINBACK_90D_03 > SOC_RETARG_DPA_02,Organic Search,SEO_ORGANIC_DIRECT,Social Media,SOC_RETARG_DPA_02,"[np.str_('Organic Search'), np.str_('Email'), np.str_('Social Media')]","['SEO_ORGANIC_DIRECT', 'EML_WINBACK_90D_03', 'SOC_RETARG_DPA_02']",1,139.95
USR_01339,1,Social Media,SOC_INFLUENCER_BOOST_03,Social Media,SOC_INFLUENCER_BOOST_03,Social Media,SOC_INFLUENCER_BOOST_03,[np.str_('Social Media')],['SOC_INFLUENCER_BOOST_03'],0,0.0
USR_01340,3,Paid Search > Social Media > Social Media,SEM_GENERIC_PROD_02 > SOC_PROSP_LOOKALIKE_01 > SOC_RETARG_DPA_02,Paid Search,SEM_GENERIC_PROD_02,Social Media,SOC_RETARG_DPA_02,"[np.str_('Paid Search'), np.str_('Social Media'), np.str_('Social Media')]","['SEM_GENERIC_PROD_02', 'SOC_PROSP_LOOKALIKE_01', 'SOC_RETARG_DPA_02']",0,0.0
USR_01341,2,Social Media > Paid Search,SOC_RETARG_DPA_02 > SEM_COMPETITOR_03,Social Media,SOC_RETARG_DPA_02,Paid Search,SEM_COMPETITOR_03,"[np.str_('Social Media'), np.str_('Paid Search')]","['SOC_RETARG_DPA_02', 'SEM_COMPETITOR_03']",0,0.0
USR_01342,1,Social Media,SOC_PROSP_LOOKALIKE_01,Social Media,SOC_PROSP_LOOKALIKE_01,Social Media,SOC_PROSP_LOOKALIKE_01,[np.str_('Social Media')],['SOC_PROSP_LOOKALIKE_01'],0,0.0
USR_01343,1,Paid Search,SEM_GENERIC_PROD_02,Paid Search,SEM_GENERIC_PROD_02,Paid Search,SEM_GENERIC_PROD_02,[np.str_('Paid Search')],['SEM_GENERIC_PROD_02'],0,0.0
USR_01344,5,Social Media > Paid Search > Display > Paid Search > Email,SOC_PROSP_LOOKALIKE_01 > SEM_COMPETITOR_03 > DSP_PROG_AWARE_01 > SEM_COMPETITOR_03 > EML_NEWSLETTER_WKLY_01,Social Media,SOC_PROSP_LOOKALIKE_01,Email,EML_NEWSLETTER_WKLY_01,"[np.str_('Social Media'), np.str_('Paid Search'), np.str_('Display'), np.str_('Paid Search'), np.str_('Email')]","['SOC_PROSP_LOOKALIKE_01', 'SEM_COMPETITOR_03', 'DSP_PROG_AWARE_01', 'SEM_COMPETITOR_03', 'EML_NEWSLETTER_WKLY_01']",0,0.0
USR_01345,1,Social Media,SOC_PROSP_LOOKALIKE_01,Social Media,SOC_PROSP_LOOKALIKE_01,Social Media,SOC_PROSP_LOOKALIKE_01,[np.str_('Social Media')],['SOC_PROSP_LOOKALIKE_01'],0,0.0
USR_01346,1,Social Media,SOC_INFLUENCER_BOOST_03,Social Media,SOC_INFLUENCER_BOOST_03,Social Media,SOC_INFLUENCER_BOOST_03,[np.str_('Social Media')],['SOC_INFLUENCER_BOOST_03'],0,0.0
USR_01347,4,Organic Search > Email > Paid Search > Social Media,SEO_ORGANIC_DIRECT > EML_NEWSLETTER_WKLY_01 > SEM_COMPETITOR_03 > SOC_RETARG_DPA_02,Organic Search,SEO_ORGANIC_DIRECT,Social Media,SOC_RETARG_DPA_02,"[np.str_('Organic Search'), np.str_('Email'), np.str_('Paid Search'), np.str_('Social Media')]","['SEO_ORGANIC_DIRECT', 'EML_NEWSLETTER_WKLY_01', 'SEM_COMPETITOR_03', 'SOC_RETARG_DPA_02']",0,0.0
USR_01348,2,Social Media > Organic Search,SOC_RETARG_DPA_02 > SEO_ORGANIC_DIRECT,Social Media,SOC_RETARG_DPA_02,Organic Search,SEO_ORGANIC_DIRECT,"[np.str_('Social Media'), np.str_('Organic Search')]","['SOC_RETARG_DPA_02', 'SEO_ORGANIC_DIRECT']",0,0.0
USR_01349,2,Paid Search > Social Media,SEM_COMPETITOR_03 > SOC_PROSP_LOOKALIKE_01,Paid Search,SEM_COMPETITOR_03,Social Media,SOC_PROSP_LOOKALIKE_01,"[np.str_('Paid Search'), np.str_('Social Media')]","['SEM_COMPETITOR_03', 'SOC_PROSP_LOOKALIKE_01']",0,0.0
USR_01350,1,Social Media,SOC_RETARG_DPA_02,Social Media,SOC_RETARG_DPA_02,Social Media,SOC_RETARG_DPA_02,[np.str_('Social Media')],['SOC_RETARG_DPA_02'],0,0.0
USR_01351,2,Social Media > Organic Search,SOC_RETARG_DPA_02 > SEO_ORGANIC_DIRECT,Social Media,SOC_RETARG_DPA_02,Organic Search,SEO_ORGANIC_DIRECT,"[np.str_('Social Media'), np.str_('Organic Search')]","['SOC_RETARG_DPA_02', 'SEO_ORGANIC_DIRECT']",0,0.0
USR_01352,1,Display,DSP_PROG_AWARE_01,Display,DSP_PROG_AWARE_01,Display,DSP_PROG_AWARE_01,[np.str_('Display')],['DSP_PROG_AWARE_01'],0,0.0
USR_01353,2,Social Media > Social Media,SOC_INFLUENCER_BOOST_03 > SOC_INFLUENCER_BOOST_03,Social Media,SOC_INFLUENCER_BOOST_03,Social Media,SOC_INFLUENCER_BOOST_03,"[np.str_('Social Media'), np.str_('Social Media')]","['SOC_INFLUENCER_BOOST_03', 'SOC_INFLUENCER_BOOST_03']",0,0.0
USR_01354,1,Social Media,SOC_INFLUENCER_BOOST_03,Social Media,SOC_INFLUENCER_BOOST_03,Social Media,SOC_INFLUENCER_BOOST_03,[np.str_('Social Media')],['SOC_INFLUENCER_BOOST_03'],0,0.0
USR_01355,2,Display > Social Media,DSP_RETARG_ABANDON_02 > SOC_PROSP_LOOKALIKE_01,Display,DSP_RETARG_ABANDON_02,Social Media,SOC_PROSP_LOOKALIKE_01,"[np.str_('Display'), np.str_('Social Media')]","['DSP_RETARG_ABANDON_02', 'SOC_PROSP_LOOKALIKE_01']",0,0.0
USR_01356,2,Organic Search > Organic Search,SEO_ORGANIC_DIRECT > SEO_ORGANIC_DIRECT,Organic Search,SEO_ORGANIC_DIRECT,Organic Search,SEO_ORGANIC_DIRECT,"[np.str_('Organic Search'), np.str_('Organic Search')]","['SEO_ORGANIC_DIRECT', 'SEO_ORGANIC_DIRECT']",0,0.0
USR_01357,3,Display > Social Media > Social Media,DSP_PROG_AWARE_01 > SOC_RETARG_DPA_02 > SOC_PROSP_LOOKALIKE_01,Display,DSP_PROG_AWARE_01,Social Media,SOC_PROSP_LOOKALIKE_01,"[np.str_('Display'), np.str_('Social Media'), np.str_('Social Media')]","['DSP_PROG_AWARE_01', 'SOC_RETARG_DPA_02', 'SOC_PROSP_LOOKALIKE_01']",1,54.84
USR_01358,1,Paid Search,SEM_GENERIC_PROD_02,Paid Search,SEM_GENERIC_PROD_02,Paid Search,SEM_GENERIC_PROD_02,[np.str_('Paid Search')],['SEM_GENERIC_PROD_02'],0,0.0
USR_01359,5,Display > Email > Social Media > Social Media > Social Media,DSP_RETARG_ABANDON_02 > EML_WINBACK_90D_03 > SOC_PROSP_LOOKALIKE_01 > SOC_PROSP_LOOKALIKE_01 > SOC_RETARG_DPA_02,Display,DSP_RETARG_ABANDON_02,Social Media,SOC_RETARG_DPA_02,"[np.str_('Display'), np.str_('Email'), np.str_('Social Media'), np.str_('Social Media'), np.str_('Social Media')]","['DSP_RETARG_ABANDON_02', 'EML_WINBACK_90D_03', 'SOC_PROSP_LOOKALIKE_01', 'SOC_PROSP_LOOKALIKE_01', 'SOC_RETARG_DPA_02']",1,127.15
USR_01360,5,Social Media > Paid Search > Paid Search > Paid Search > Paid Search,SOC_PROSP_LOOKALIKE_01 > SEM_BRAND_01 > SEM_GENERIC_PROD_02 > SEM_COMPETITOR_03 > SEM_BRAND_01,Social Media,SOC_PROSP_LOOKALIKE_01,Paid Search,SEM_BRAND_01,"[np.str_('Social Media'), np.str_('Paid Search'), np.str_('Paid Search'), np.str_('Paid Search'), np.str_('Paid Search')]","['SOC_PROSP_LOOKALIKE_01', 'SEM_BRAND_01', 'SEM_GENERIC_PROD_02', 'SEM_COMPETITOR_03', 'SEM_BRAND_01']",0,0.0
USR_01361,2,Organic Search > Paid Search,SEO_ORGANIC_DIRECT > SEM_GENERIC_PROD_02,Organic Search,SEO_ORGANIC_DIRECT,Paid Search,SEM_GENERIC_PROD_02,"[np.str_('Organic Search'), np.str_('Paid Search')]","['SEO_ORGANIC_DIRECT', 'SEM_GENERIC_PROD_02']",1,141.33
USR_01362,2,Paid Search > Paid Search,SEM_COMPETITOR_03 > SEM_COMPETITOR_03,Paid Search,SEM_COMPETITOR_03,Paid Search,SEM_COMPETITOR_03,"[np.str_('Paid Search'), np.str_('Paid Search')]","['SEM_COMPETITOR_03', 'SEM_COMPETITOR_03']",0,0.0
USR_01363,3,Social Media > Social Media > Email,SOC_INFLUENCER_BOOST_03 > SOC_PROSP_LOOKALIKE_01 > EML_NEWSLETTER_WKLY_01,Social Media,SOC_INFLUENCER_BOOST_03,Email,EML_NEWSLETTER_WKLY_01,"[np.str_('Social Media'), np.str_('Social Media'), np.str_('Email')]","['SOC_INFLUENCER_BOOST_03', 'SOC_PROSP_LOOKALIKE_01', 'EML_NEWSLETTER_WKLY_01']",0,0.0
USR_01364,2,Display > Paid Search,DSP_RETARG_ABANDON_02 > SEM_GENERIC_PROD_02,Display,DSP_RETARG_ABANDON_02,Paid Search,SEM_GENERIC_PROD_02,"[np.str_('Display'), np.str_('Paid Search')]","['DSP_RETARG_ABANDON_02', 'SEM_GENERIC_PROD_02']",1,134.91
USR_01365,1,Display,DSP_PROG_AWARE_01,Display,DSP_PROG_AWARE_01,Display,DSP_PROG_AWARE_01,[np.str_('Display')],['DSP_PROG_AWARE_01'],0,0.0
USR_01366,2,Organic Search > Social Media,SEO_ORGANIC_DIRECT > SOC_PROSP_LOOKALIKE_01,Organic Search,SEO_ORGANIC_DIRECT,Social Media,SOC_PROSP_LOOKALIKE_01,"[np.str_('Organic Search'), np.str_('Social Media')]","['SEO_ORGANIC_DIRECT', 'SOC_PROSP_LOOKALIKE_01']",0,0.0
USR_01367,5,Social Media > Social Media > Email > Organic Search > Social Media,SOC_PROSP_LOOKALIKE_01 > SOC_INFLUENCER_BOOST_03 > EML_ABANDONED_CART_02 > SEO_ORGANIC_DIRECT > SOC_RETARG_DPA_02,Social Media,SOC_PROSP_LOOKALIKE_01,Social Media,SOC_RETARG_DPA_02,"[np.str_('Social Media'), np.str_('Social Media'), np.str_('Email'), np.str_('Organic Search'), np.str_('Social Media')]","['SOC_PROSP_LOOKALIKE_01', 'SOC_INFLUENCER_BOOST_03', 'EML_ABANDONED_CART_02', 'SEO_ORGANIC_DIRECT', 'SOC_RETARG_DPA_02']",0,0.0
USR_01368,2,Social Media > Organic Search,SOC_PROSP_LOOKALIKE_01 > SEO_ORGANIC_DIRECT,Social Media,SOC_PROSP_LOOKALIKE_01,Organic Search,SEO_ORGANIC_DIRECT,"[np.str_('Social Media'), np.str_('Organic Search')]","['SOC_PROSP_LOOKALIKE_01', 'SEO_ORGANIC_DIRECT']",0,0.0
USR_01369,3,Paid Search > Paid Search > Paid Search,SEM_GENERIC_PROD_02 > SEM_BRAND_01 > SEM_GENERIC_PROD_02,Paid Search,SEM_GENERIC_PROD_02,Paid Search,SEM_GENERIC_PROD_02,"[np.str_('Paid Search'), np.str_('Paid Search'), np.str_('Paid Search')]","['SEM_GENERIC_PROD_02', 'SEM_BRAND_01', 'SEM_GENERIC_PROD_02']",0,0.0
USR_01370,1,Social Media,SOC_RETARG_DPA_02,Social Media,SOC_RETARG_DPA_02,Social Media,SOC_RETARG_DPA_02,[np.str_('Social Media')],['SOC_RETARG_DPA_02'],0,0.0
USR_01371,1,Paid Search,SEM_BRAND_01,Paid Search,SEM_BRAND_01,Paid Search,SEM_BRAND_01,[np.str_('Paid Search')],['SEM_BRAND_01'],1,108.46
USR_01372,2,Paid Search > Social Media,SEM_GENERIC_PROD_02 > SOC_INFLUENCER_BOOST_03,Paid Search,SEM_GENERIC_PROD_02,Social Media,SOC_INFLUENCER_BOOST_03,"[np.str_('Paid Search'), np.str_('Social Media')]","['SEM_GENERIC_PROD_02', 'SOC_INFLUENCER_BOOST_03']",1,65.88
USR_01373,2,Display > Social Media,DSP_RETARG_ABANDON_02 > SOC_INFLUENCER_BOOST_03,Display,DSP_RETARG_ABANDON_02,Social Media,SOC_INFLUENCER_BOOST_03,"[np.str_('Display'), np.str_('Social Media')]","['DSP_RETARG_ABANDON_02', 'SOC_INFLUENCER_BOOST_03']",0,0.0
USR_01374,1,Paid Search,SEM_BRAND_01,Paid Search,SEM_BRAND_01,Paid Search,SEM_BRAND_01,[np.str_('Paid Search')],['SEM_BRAND_01'],0,0.0
USR_01375,1,Paid Search,SEM_GENERIC_PROD_02,Paid Search,SEM_GENERIC_PROD_02,Paid Search,SEM_GENERIC_PROD_02,[np.str_('Paid Search')],['SEM_GENERIC_PROD_02'],0,0.0
USR_01376,3,Social Media > Paid Search > Paid Search,SOC_PROSP_LOOKALIKE_01 > SEM_COMPETITOR_03 > SEM_GENERIC_PROD_02,Social Media,SOC_PROSP_LOOKALIKE_01,Paid Search,SEM_GENERIC_PROD_02,"[np.str_('Social Media'), np.str_('Paid Search'), np.str_('Paid Search')]","['SOC_PROSP_LOOKALIKE_01', 'SEM_COMPETITOR_03', 'SEM_GENERIC_PROD_02']",0,0.0
USR_01377,2,Display > Paid Search,DSP_RETARG_ABANDON_02 > SEM_GENERIC_PROD_02,Display,DSP_RETARG_ABANDON_02,Paid Search,SEM_GENERIC_PROD_02,"[np.str_('Display'), np.str_('Paid Search')]","['DSP_RETARG_ABANDON_02', 'SEM_GENERIC_PROD_02']",0,0.0
USR_01378,1,Organic Search,SEO_ORGANIC_DIRECT,Organic Search,SEO_ORGANIC_DIRECT,Organic Search,SEO_ORGANIC_DIRECT,[np.str_('Organic Search')],['SEO_ORGANIC_DIRECT'],1,141.53
USR_01379,1,Social Media,SOC_PROSP_LOOKALIKE_01,Social Media,SOC_PROSP_LOOKALIKE_01,Social Media,SOC_PROSP_LOOKALIKE_01,[np.str_('Social Media')],['SOC_PROSP_LOOKALIKE_01'],0,0.0
USR_01380,1,Social Media,SOC_PROSP_LOOKALIKE_01,Social Media,SOC_PROSP_LOOKALIKE_01,Social Media,SOC_PROSP_LOOKALIKE_01,[np.str_('Social Media')],['SOC_PROSP_LOOKALIKE_01'],0,0.0
USR_01381,5,Social Media > Organic Search > Social Media > Display > Paid Search,SOC_RETARG_DPA_02 > SEO_ORGANIC_DIRECT > SOC_RETARG_DPA_02 > DSP_PROG_AWARE_01 > SEM_COMPETITOR_03,Social Media,SOC_RETARG_DPA_02,Paid Search,SEM_COMPETITOR_03,"[np.str_('Social Media'), np.str_('Organic Search'), np.str_('Social Media'), np.str_('Display'), np.str_('Paid Search')]","['SOC_RETARG_DPA_02', 'SEO_ORGANIC_DIRECT', 'SOC_RETARG_DPA_02', 'DSP_PROG_AWARE_01', 'SEM_COMPETITOR_03']",0,0.0
USR_01382,2,Paid Search > Paid Search,SEM_GENERIC_PROD_02 > SEM_COMPETITOR_03,Paid Search,SEM_GENERIC_PROD_02,Paid Search,SEM_COMPETITOR_03,"[np.str_('Paid Search'), np.str_('Paid Search')]","['SEM_GENERIC_PROD_02', 'SEM_COMPETITOR_03']",0,0.0
USR_01383,1,Social Media,SOC_RETARG_DPA_02,Social Media,SOC_RETARG_DPA_02,Social Media,SOC_RETARG_DPA_02,[np.str_('Social Media')],['SOC_RETARG_DPA_02'],0,0.0
USR_01384,3,Organic Search > Organic Search > Social Media,SEO_ORGANIC_DIRECT > SEO_ORGANIC_DIRECT > SOC_PROSP_LOOKALIKE_01,Organic Search,SEO_ORGANIC_DIRECT,Social Media,SOC_PROSP_LOOKALIKE_01,"[np.str_('Organic Search'), np.str_('Organic Search'), np.str_('Social Media')]","['SEO_ORGANIC_DIRECT', 'SEO_ORGANIC_DIRECT', 'SOC_PROSP_LOOKALIKE_01']",1,98.72
USR_01385,1,Display,DSP_PROG_AWARE_01,Display,DSP_PROG_AWARE_01,Display,DSP_PROG_AWARE_01,[np.str_('Display')],['DSP_PROG_AWARE_01'],0,0.0
USR_01386,2,Social Media > Display,SOC_PROSP_LOOKALIKE_01 > DSP_RETARG_ABANDON_02,Social Media,SOC_PROSP_LOOKALIKE_01,Display,DSP_RETARG_ABANDON_02,"[np.str_('Social Media'), np.str_('Display')]","['SOC_PROSP_LOOKALIKE_01', 'DSP_RETARG_ABANDON_02']",0,0.0
USR_01387,1,Display,DSP_PROG_AWARE_01,Display,DSP_PROG_AWARE_01,Display,DSP_PROG_AWARE_01,[np.str_('Display')],['DSP_PROG_AWARE_01'],1,111.05
USR_01388,1,Organic Search,SEO_ORGANIC_DIRECT,Organic Search,SEO_ORGANIC_DIRECT,Organic Search,SEO_ORGANIC_DIRECT,[np.str_('Organic Search')],['SEO_ORGANIC_DIRECT'],0,0.0
USR_01389,1,Social Media,SOC_INFLUENCER_BOOST_03,Social Media,SOC_INFLUENCER_BOOST_03,Social Media,SOC_INFLUENCER_BOOST_03,[np.str_('Social Media')],['SOC_INFLUENCER_BOOST_03'],0,0.0
USR_01390,4,Display > Social Media > Paid Search > Paid Search,DSP_PROG_AWARE_01 > SOC_INFLUENCER_BOOST_03 > SEM_BRAND_01 > SEM_GENERIC_PROD_02,Display,DSP_PROG_AWARE_01,Paid Search,SEM_GENERIC_PROD_02,"[np.str_('Display'), np.str_('Social Media'), np.str_('Paid Search'), np.str_('Paid Search')]","['DSP_PROG_AWARE_01', 'SOC_INFLUENCER_BOOST_03', 'SEM_BRAND_01', 'SEM_GENERIC_PROD_02']",0,0.0
USR_01391,1,Paid Search,SEM_GENERIC_PROD_02,Paid Search,SEM_GENERIC_PROD_02,Paid Search,SEM_GENERIC_PROD_02,[np.str_('Paid Search')],['SEM_GENERIC_PROD_02'],0,0.0
USR_01392,2,Paid Search > Paid Search,SEM_COMPETITOR_03 > SEM_COMPETITOR_03,Paid Search,SEM_COMPETITOR_03,Paid Search,SEM_COMPETITOR_03,"[np.str_('Paid Search'), np.str_('Paid Search')]","['SEM_COMPETITOR_03', 'SEM_COMPETITOR_03']",0,0.0
USR_01393,2,Paid Search > Display,SEM_COMPETITOR_03 > DSP_RETARG_ABANDON_02,Paid Search,SEM_COMPETITOR_03,Display,DSP_RETARG_ABANDON_02,"[np.str_('Paid Search'), np.str_('Display')]","['SEM_COMPETITOR_03', 'DSP_RETARG_ABANDON_02']",0,0.0
USR_01394,1,Social Media,SOC_INFLUENCER_BOOST_03,Social Media,SOC_INFLUENCER_BOOST_03,Social Media,SOC_INFLUENCER_BOOST_03,[np.str_('Social Media')],['SOC_INFLUENCER_BOOST_03'],0,0.0
USR_01395,1,Email,EML_ABANDONED_CART_02,Email,EML_ABANDONED_CART_02,Email,EML_ABANDONED_CART_02,[np.str_('Email')],['EML_ABANDONED_CART_02'],0,0.0
USR_01396,1,Display,DSP_RETARG_ABANDON_02,Display,DSP_RETARG_ABANDON_02,Display,DSP_RETARG_ABANDON_02,[np.str_('Display')],['DSP_RETARG_ABANDON_02'],0,0.0
USR_01397,3,Social Media > Email > Organic Search,SOC_RETARG_DPA_02 > EML_WINBACK_90D_03 > SEO_ORGANIC_DIRECT,Social Media,SOC_RETARG_DPA_02,Organic Search,SEO_ORGANIC_DIRECT,"[np.str_('Social Media'), np.str_('Email'), np.str_('Organic Search')]","['SOC_RETARG_DPA_02', 'EML_WINBACK_90D_03', 'SEO_ORGANIC_DIRECT']",1,99.01
USR_01398,1,Display,DSP_RETARG_ABANDON_02,Display,DSP_RETARG_ABANDON_02,Display,DSP_RETARG_ABANDON_02,[np.str_('Display')],['DSP_RETARG_ABANDON_02'],0,0.0
USR_01399,3,Display > Social Media > Email,DSP_RETARG_ABANDON_02 > SOC_INFLUENCER_BOOST_03 > EML_WINBACK_90D_03,Display,DSP_RETARG_ABANDON_02,Email,EML_WINBACK_90D_03,"[np.str_('Display'), np.str_('Social Media'), np.str_('Email')]","['DSP_RETARG_ABANDON_02', 'SOC_INFLUENCER_BOOST_03', 'EML_WINBACK_90D_03']",0,0.0
USR_01400,5,Social Media > Social Media > Organic Search > Organic Search > Paid Search,SOC_RETARG_DPA_02 > SOC_PROSP_LOOKALIKE_01 > SEO_ORGANIC_DIRECT > SEO_ORGANIC_DIRECT > SEM_GENERIC_PROD_02,Social Media,SOC_RETARG_DPA_02,Paid Search,SEM_GENERIC_PROD_02,"[np.str_('Social Media'), np.str_('Social Media'), np.str_('Organic Search'), np.str_('Organic Search'), np.str_('Paid Search')]","['SOC_RETARG_DPA_02', 'SOC_PROSP_LOOKALIKE_01', 'SEO_ORGANIC_DIRECT', 'SEO_ORGANIC_DIRECT', 'SEM_GENERIC_PROD_02']",0,0.0
USR_01401,1,Social Media,SOC_PROSP_LOOKALIKE_01,Social Media,SOC_PROSP_LOOKALIKE_01,Social Media,SOC_PROSP_LOOKALIKE_01,[np.str_('Social Media')],['SOC_PROSP_LOOKALIKE_01'],0,0.0
USR_01402,1,Display,DSP_RETARG_ABANDON_02,Display,DSP_RETARG_ABANDON_02,Display,DSP_RETARG_ABANDON_02,[np.str_('Display')],['DSP_RETARG_ABANDON_02'],0,0.0
USR_01403,3,Display > Social Media > Social Media,DSP_PROG_AWARE_01 > SOC_PROSP_LOOKALIKE_01 > SOC_PROSP_LOOKALIKE_01,Display,DSP_PROG_AWARE_01,Social Media,SOC_PROSP_LOOKALIKE_01,"[np.str_('Display'), np.str_('Social Media'), np.str_('Social Media')]","['DSP_PROG_AWARE_01', 'SOC_PROSP_LOOKALIKE_01', 'SOC_PROSP_LOOKALIKE_01']",0,0.0
USR_01404,2,Social Media > Social Media,SOC_PROSP_LOOKALIKE_01 > SOC_RETARG_DPA_02,Social Media,SOC_PROSP_LOOKALIKE_01,Social Media,SOC_RETARG_DPA_02,"[np.str_('Social Media'), np.str_('Social Media')]","['SOC_PROSP_LOOKALIKE_01', 'SOC_RETARG_DPA_02']",0,0.0
USR_01405,3,Social Media > Social Media > Paid Search,SOC_INFLUENCER_BOOST_03 > SOC_RETARG_DPA_02 > SEM_BRAND_01,Social Media,SOC_INFLUENCER_BOOST_03,Paid Search,SEM_BRAND_01,"[np.str_('Social Media'), np.str_('Social Media'), np.str_('Paid Search')]","['SOC_INFLUENCER_BOOST_03', 'SOC_RETARG_DPA_02', 'SEM_BRAND_01']",0,0.0
USR_01406,2,Paid Search > Email,SEM_BRAND_01 > EML_NEWSLETTER_WKLY_01,Paid Search,SEM_BRAND_01,Email,EML_NEWSLETTER_WKLY_01,"[np.str_('Paid Search'), np.str_('Email')]","['SEM_BRAND_01', 'EML_NEWSLETTER_WKLY_01']",1,120.27
USR_01407,2,Paid Search > Social Media,SEM_BRAND_01 > SOC_INFLUENCER_BOOST_03,Paid Search,SEM_BRAND_01,Social Media,SOC_INFLUENCER_BOOST_03,"[np.str_('Paid Search'), np.str_('Social Media')]","['SEM_BRAND_01', 'SOC_INFLUENCER_BOOST_03']",0,0.0
USR_01408,4,Paid Search > Social Media > Email > Paid Search,SEM_BRAND_01 > SOC_RETARG_DPA_02 > EML_WINBACK_90D_03 > SEM_BRAND_01,Paid Search,SEM_BRAND_01,Paid Search,SEM_BRAND_01,"[np.str_('Paid Search'), np.str_('Social Media'), np.str_('Email'), np.str_('Paid Search')]","['SEM_BRAND_01', 'SOC_RETARG_DPA_02', 'EML_WINBACK_90D_03', 'SEM_BRAND_01']",0,0.0
USR_01409,1,Social Media,SOC_RETARG_DPA_02,Social Media,SOC_RETARG_DPA_02,Social Media,SOC_RETARG_DPA_02,[np.str_('Social Media')],['SOC_RETARG_DPA_02'],0,0.0
USR_01410,1,Display,DSP_PROG_AWARE_01,Display,DSP_PROG_AWARE_01,Display,DSP_PROG_AWARE_01,[np.str_('Display')],['DSP_PROG_AWARE_01'],0,0.0
USR_01411,2,Social Media > Paid Search,SOC_INFLUENCER_BOOST_03 > SEM_COMPETITOR_03,Social Media,SOC_INFLUENCER_BOOST_03,Paid Search,SEM_COMPETITOR_03,"[np.str_('Social Media'), np.str_('Paid Search')]","['SOC_INFLUENCER_BOOST_03', 'SEM_COMPETITOR_03']",0,0.0
USR_01412,1,Paid Search,SEM_BRAND_01,Paid Search,SEM_BRAND_01,Paid Search,SEM_BRAND_01,[np.str_('Paid Search')],['SEM_BRAND_01'],0,0.0
USR_01413,1,Organic Search,SEO_ORGANIC_DIRECT,Organic Search,SEO_ORGANIC_DIRECT,Organic Search,SEO_ORGANIC_DIRECT,[np.str_('Organic Search')],['SEO_ORGANIC_DIRECT'],0,0.0
USR_01414,1,Social Media,SOC_RETARG_DPA_02,Social Media,SOC_RETARG_DPA_02,Social Media,SOC_RETARG_DPA_02,[np.str_('Social Media')],['SOC_RETARG_DPA_02'],0,0.0
USR_01415,4,Social Media > Organic Search > Display > Email,SOC_RETARG_DPA_02 > SEO_ORGANIC_DIRECT > DSP_PROG_AWARE_01 > EML_ABANDONED_CART_02,Social Media,SOC_RETARG_DPA_02,Email,EML_ABANDONED_CART_02,"[np.str_('Social Media'), np.str_('Organic Search'), np.str_('Display'), np.str_('Email')]","['SOC_RETARG_DPA_02', 'SEO_ORGANIC_DIRECT', 'DSP_PROG_AWARE_01', 'EML_ABANDONED_CART_02']",0,0.0
USR_01416,2,Social Media > Organic Search,SOC_PROSP_LOOKALIKE_01 > SEO_ORGANIC_DIRECT,Social Media,SOC_PROSP_LOOKALIKE_01,Organic Search,SEO_ORGANIC_DIRECT,"[np.str_('Social Media'), np.str_('Organic Search')]","['SOC_PROSP_LOOKALIKE_01', 'SEO_ORGANIC_DIRECT']",0,0.0
USR_01417,2,Paid Search > Paid Search,SEM_GENERIC_PROD_02 > SEM_COMPETITOR_03,Paid Search,SEM_GENERIC_PROD_02,Paid Search,SEM_COMPETITOR_03,"[np.str_('Paid Search'), np.str_('Paid Search')]","['SEM_GENERIC_PROD_02', 'SEM_COMPETITOR_03']",1,116.15
USR_01418,1,Social Media,SOC_PROSP_LOOKALIKE_01,Social Media,SOC_PROSP_LOOKALIKE_01,Social Media,SOC_PROSP_LOOKALIKE_01,[np.str_('Social Media')],['SOC_PROSP_LOOKALIKE_01'],0,0.0
USR_01419,2,Social Media > Display,SOC_INFLUENCER_BOOST_03 > DSP_RETARG_ABANDON_02,Social Media,SOC_INFLUENCER_BOOST_03,Display,DSP_RETARG_ABANDON_02,"[np.str_('Social Media'), np.str_('Display')]","['SOC_INFLUENCER_BOOST_03', 'DSP_RETARG_ABANDON_02']",0,0.0
USR_01420,2,Organic Search > Organic Search,SEO_ORGANIC_DIRECT > SEO_ORGANIC_DIRECT,Organic Search,SEO_ORGANIC_DIRECT,Organic Search,SEO_ORGANIC_DIRECT,"[np.str_('Organic Search'), np.str_('Organic Search')]","['SEO_ORGANIC_DIRECT', 'SEO_ORGANIC_DIRECT']",0,0.0
USR_01421,4,Display > Email > Paid Search > Social Media,DSP_PROG_AWARE_01 > EML_ABANDONED_CART_02 > SEM_GENERIC_PROD_02 > SOC_RETARG_DPA_02,Display,DSP_PROG_AWARE_01,Social Media,SOC_RETARG_DPA_02,"[np.str_('Display'), np.str_('Email'), np.str_('Paid Search'), np.str_('Social Media')]","['DSP_PROG_AWARE_01', 'EML_ABANDONED_CART_02', 'SEM_GENERIC_PROD_02', 'SOC_RETARG_DPA_02']",1,116.99
USR_01422,1,Organic Search,SEO_ORGANIC_DIRECT,Organic Search,SEO_ORGANIC_DIRECT,Organic Search,SEO_ORGANIC_DIRECT,[np.str_('Organic Search')],['SEO_ORGANIC_DIRECT'],0,0.0
USR_01423,3,Display > Organic Search > Paid Search,DSP_PROG_AWARE_01 > SEO_ORGANIC_DIRECT > SEM_COMPETITOR_03,Display,DSP_PROG_AWARE_01,Paid Search,SEM_COMPETITOR_03,"[np.str_('Display'), np.str_('Organic Search'), np.str_('Paid Search')]","['DSP_PROG_AWARE_01', 'SEO_ORGANIC_DIRECT', 'SEM_COMPETITOR_03']",0,0.0
USR_01424,1,Social Media,SOC_INFLUENCER_BOOST_03,Social Media,SOC_INFLUENCER_BOOST_03,Social Media,SOC_INFLUENCER_BOOST_03,[np.str_('Social Media')],['SOC_INFLUENCER_BOOST_03'],1,71.08
USR_01425,3,Social Media > Email > Organic Search,SOC_INFLUENCER_BOOST_03 > EML_WINBACK_90D_03 > SEO_ORGANIC_DIRECT,Social Media,SOC_INFLUENCER_BOOST_03,Organic Search,SEO_ORGANIC_DIRECT,"[np.str_('Social Media'), np.str_('Email'), np.str_('Organic Search')]","['SOC_INFLUENCER_BOOST_03', 'EML_WINBACK_90D_03', 'SEO_ORGANIC_DIRECT']",0,0.0
USR_01426,2,Paid Search > Display,SEM_COMPETITOR_03 > DSP_PROG_AWARE_01,Paid Search,SEM_COMPETITOR_03,Display,DSP_PROG_AWARE_01,"[np.str_('Paid Search'), np.str_('Display')]","['SEM_COMPETITOR_03', 'DSP_PROG_AWARE_01']",0,0.0
USR_01427,4,Display > Social Media > Organic Search > Social Media,DSP_PROG_AWARE_01 > SOC_INFLUENCER_BOOST_03 > SEO_ORGANIC_DIRECT > SOC_PROSP_LOOKALIKE_01,Display,DSP_PROG_AWARE_01,Social Media,SOC_PROSP_LOOKALIKE_01,"[np.str_('Display'), np.str_('Social Media'), np.str_('Organic Search'), np.str_('Social Media')]","['DSP_PROG_AWARE_01', 'SOC_INFLUENCER_BOOST_03', 'SEO_ORGANIC_DIRECT', 'SOC_PROSP_LOOKALIKE_01']",0,0.0
USR_01428,5,Social Media > Social Media > Organic Search > Paid Search > Paid Search,SOC_INFLUENCER_BOOST_03 > SOC_INFLUENCER_BOOST_03 > SEO_ORGANIC_DIRECT > SEM_COMPETITOR_03 > SEM_BRAND_01,Social Media,SOC_INFLUENCER_BOOST_03,Paid Search,SEM_BRAND_01,"[np.str_('Social Media'), np.str_('Social Media'), np.str_('Organic Search'), np.str_('Paid Search'), np.str_('Paid Search')]","['SOC_INFLUENCER_BOOST_03', 'SOC_INFLUENCER_BOOST_03', 'SEO_ORGANIC_DIRECT', 'SEM_COMPETITOR_03', 'SEM_BRAND_01']",0,0.0
USR_01429,1,Social Media,SOC_RETARG_DPA_02,Social Media,SOC_RETARG_DPA_02,Social Media,SOC_RETARG_DPA_02,[np.str_('Social Media')],['SOC_RETARG_DPA_02'],0,0.0
USR_01430,1,Social Media,SOC_INFLUENCER_BOOST_03,Social Media,SOC_INFLUENCER_BOOST_03,Social Media,SOC_INFLUENCER_BOOST_03,[np.str_('Social Media')],['SOC_INFLUENCER_BOOST_03'],0,0.0
USR_01431,2,Social Media > Paid Search,SOC_RETARG_DPA_02 > SEM_COMPETITOR_03,Social Media,SOC_RETARG_DPA_02,Paid Search,SEM_COMPETITOR_03,"[np.str_('Social Media'), np.str_('Paid Search')]","['SOC_RETARG_DPA_02', 'SEM_COMPETITOR_03']",1,119.79
USR_01432,4,Display > Organic Search > Social Media > Paid Search,DSP_RETARG_ABANDON_02 > SEO_ORGANIC_DIRECT > SOC_INFLUENCER_BOOST_03 > SEM_COMPETITOR_03,Display,DSP_RETARG_ABANDON_02,Paid Search,SEM_COMPETITOR_03,"[np.str_('Display'), np.str_('Organic Search'), np.str_('Social Media'), np.str_('Paid Search')]","['DSP_RETARG_ABANDON_02', 'SEO_ORGANIC_DIRECT', 'SOC_INFLUENCER_BOOST_03', 'SEM_COMPETITOR_03']",0,0.0
USR_01433,1,Social Media,SOC_PROSP_LOOKALIKE_01,Social Media,SOC_PROSP_LOOKALIKE_01,Social Media,SOC_PROSP_LOOKALIKE_01,[np.str_('Social Media')],['SOC_PROSP_LOOKALIKE_01'],0,0.0
USR_01434,4,Organic Search > Social Media > Display > Email,SEO_ORGANIC_DIRECT > SOC_INFLUENCER_BOOST_03 > DSP_RETARG_ABANDON_02 > EML_NEWSLETTER_WKLY_01,Organic Search,SEO_ORGANIC_DIRECT,Email,EML_NEWSLETTER_WKLY_01,"[np.str_('Organic Search'), np.str_('Social Media'), np.str_('Display'), np.str_('Email')]","['SEO_ORGANIC_DIRECT', 'SOC_INFLUENCER_BOOST_03', 'DSP_RETARG_ABANDON_02', 'EML_NEWSLETTER_WKLY_01']",0,0.0
USR_01435,2,Display > Organic Search,DSP_PROG_AWARE_01 > SEO_ORGANIC_DIRECT,Display,DSP_PROG_AWARE_01,Organic Search,SEO_ORGANIC_DIRECT,"[np.str_('Display'), np.str_('Organic Search')]","['DSP_PROG_AWARE_01', 'SEO_ORGANIC_DIRECT']",0,0.0
USR_01436,1,Social Media,SOC_INFLUENCER_BOOST_03,Social Media,SOC_INFLUENCER_BOOST_03,Social Media,SOC_INFLUENCER_BOOST_03,[np.str_('Social Media')],['SOC_INFLUENCER_BOOST_03'],0,0.0
USR_01437,1,Organic Search,SEO_ORGANIC_DIRECT,Organic Search,SEO_ORGANIC_DIRECT,Organic Search,SEO_ORGANIC_DIRECT,[np.str_('Organic Search')],['SEO_ORGANIC_DIRECT'],0,0.0
USR_01438,1,Paid Search,SEM_BRAND_01,Paid Search,SEM_BRAND_01,Paid Search,SEM_BRAND_01,[np.str_('Paid Search')],['SEM_BRAND_01'],0,0.0
USR_01439,3,Display > Organic Search > Paid Search,DSP_RETARG_ABANDON_02 > SEO_ORGANIC_DIRECT > SEM_COMPETITOR_03,Display,DSP_RETARG_ABANDON_02,Paid Search,SEM_COMPETITOR_03,"[np.str_('Display'), np.str_('Organic Search'), np.str_('Paid Search')]","['DSP_RETARG_ABANDON_02', 'SEO_ORGANIC_DIRECT', 'SEM_COMPETITOR_03']",0,0.0
USR_01440,1,Social Media,SOC_INFLUENCER_BOOST_03,Social Media,SOC_INFLUENCER_BOOST_03,Social Media,SOC_INFLUENCER_BOOST_03,[np.str_('Social Media')],['SOC_INFLUENCER_BOOST_03'],0,0.0
USR_01441,1,Social Media,SOC_RETARG_DPA_02,Social Media,SOC_RETARG_DPA_02,Social Media,SOC_RETARG_DPA_02,[np.str_('Social Media')],['SOC_RETARG_DPA_02'],0,0.0
USR_01442,1,Paid Search,SEM_GENERIC_PROD_02,Paid Search,SEM_GENERIC_PROD_02,Paid Search,SEM_GENERIC_PROD_02,[np.str_('Paid Search')],['SEM_GENERIC_PROD_02'],0,0.0
USR_01443,1,Display,DSP_PROG_AWARE_01,Display,DSP_PROG_AWARE_01,Display,DSP_PROG_AWARE_01,[np.str_('Display')],['DSP_PROG_AWARE_01'],0,0.0
USR_01444,3,Social Media > Organic Search > Email,SOC_RETARG_DPA_02 > SEO_ORGANIC_DIRECT > EML_WINBACK_90D_03,Social Media,SOC_RETARG_DPA_02,Email,EML_WINBACK_90D_03,"[np.str_('Social Media'), np.str_('Organic Search'), np.str_('Email')]","['SOC_RETARG_DPA_02', 'SEO_ORGANIC_DIRECT', 'EML_WINBACK_90D_03']",1,76.34
USR_01445,1,Organic Search,SEO_ORGANIC_DIRECT,Organic Search,SEO_ORGANIC_DIRECT,Organic Search,SEO_ORGANIC_DIRECT,[np.str_('Organic Search')],['SEO_ORGANIC_DIRECT'],0,0.0
USR_01446,4,Display > Email > Organic Search > Paid Search,DSP_RETARG_ABANDON_02 > EML_NEWSLETTER_WKLY_01 > SEO_ORGANIC_DIRECT > SEM_GENERIC_PROD_02,Display,DSP_RETARG_ABANDON_02,Paid Search,SEM_GENERIC_PROD_02,"[np.str_('Display'), np.str_('Email'), np.str_('Organic Search'), np.str_('Paid Search')]","['DSP_RETARG_ABANDON_02', 'EML_NEWSLETTER_WKLY_01', 'SEO_ORGANIC_DIRECT', 'SEM_GENERIC_PROD_02']",1,143.47
USR_01447,4,Paid Search > Social Media > Social Media > Social Media,SEM_BRAND_01 > SOC_PROSP_LOOKALIKE_01 > SOC_INFLUENCER_BOOST_03 > SOC_PROSP_LOOKALIKE_01,Paid Search,SEM_BRAND_01,Social Media,SOC_PROSP_LOOKALIKE_01,"[np.str_('Paid Search'), np.str_('Social Media'), np.str_('Social Media'), np.str_('Social Media')]","['SEM_BRAND_01', 'SOC_PROSP_LOOKALIKE_01', 'SOC_INFLUENCER_BOOST_03', 'SOC_PROSP_LOOKALIKE_01']",0,0.0
USR_01448,4,Social Media > Paid Search > Display > Paid Search,SOC_INFLUENCER_BOOST_03 > SEM_COMPETITOR_03 > DSP_RETARG_ABANDON_02 > SEM_COMPETITOR_03,Social Media,SOC_INFLUENCER_BOOST_03,Paid Search,SEM_COMPETITOR_03,"[np.str_('Social Media'), np.str_('Paid Search'), np.str_('Display'), np.str_('Paid Search')]","['SOC_INFLUENCER_BOOST_03', 'SEM_COMPETITOR_03', 'DSP_RETARG_ABANDON_02', 'SEM_COMPETITOR_03']",0,0.0
USR_01449,1,Social Media,SOC_INFLUENCER_BOOST_03,Social Media,SOC_INFLUENCER_BOOST_03,Social Media,SOC_INFLUENCER_BOOST_03,[np.str_('Social Media')],['SOC_INFLUENCER_BOOST_03'],0,0.0
USR_01450,3,Display > Organic Search > Social Media,DSP_PROG_AWARE_01 > SEO_ORGANIC_DIRECT > SOC_PROSP_LOOKALIKE_01,Display,DSP_PROG_AWARE_01,Social Media,SOC_PROSP_LOOKALIKE_01,"[np.str_('Display'), np.str_('Organic Search'), np.str_('Social Media')]","['DSP_PROG_AWARE_01', 'SEO_ORGANIC_DIRECT', 'SOC_PROSP_LOOKALIKE_01']",1,116.56
USR_01451,1,Display,DSP_PROG_AWARE_01,Display,DSP_PROG_AWARE_01,Display,DSP_PROG_AWARE_01,[np.str_('Display')],['DSP_PROG_AWARE_01'],0,0.0
USR_01452,1,Display,DSP_PROG_AWARE_01,Display,DSP_PROG_AWARE_01,Display,DSP_PROG_AWARE_01,[np.str_('Display')],['DSP_PROG_AWARE_01'],0,0.0
USR_01453,3,Display > Organic Search > Paid Search,DSP_PROG_AWARE_01 > SEO_ORGANIC_DIRECT > SEM_COMPETITOR_03,Display,DSP_PROG_AWARE_01,Paid Search,SEM_COMPETITOR_03,"[np.str_('Display'), np.str_('Organic Search'), np.str_('Paid Search')]","['DSP_PROG_AWARE_01', 'SEO_ORGANIC_DIRECT', 'SEM_COMPETITOR_03']",0,0.0
USR_01454,1,Paid Search,SEM_GENERIC_PROD_02,Paid Search,SEM_GENERIC_PROD_02,Paid Search,SEM_GENERIC_PROD_02,[np.str_('Paid Search')],['SEM_GENERIC_PROD_02'],0,0.0
USR_01455,1,Social Media,SOC_RETARG_DPA_02,Social Media,SOC_RETARG_DPA_02,Social Media,SOC_RETARG_DPA_02,[np.str_('Social Media')],['SOC_RETARG_DPA_02'],0,0.0
USR_01456,4,Social Media > Organic Search > Email > Email,SOC_RETARG_DPA_02 > SEO_ORGANIC_DIRECT > EML_WINBACK_90D_03 > EML_ABANDONED_CART_02,Social Media,SOC_RETARG_DPA_02,Email,EML_ABANDONED_CART_02,"[np.str_('Social Media'), np.str_('Organic Search'), np.str_('Email'), np.str_('Email')]","['SOC_RETARG_DPA_02', 'SEO_ORGANIC_DIRECT', 'EML_WINBACK_90D_03', 'EML_ABANDONED_CART_02']",1,123.28
USR_01457,2,Organic Search > Organic Search,SEO_ORGANIC_DIRECT > SEO_ORGANIC_DIRECT,Organic Search,SEO_ORGANIC_DIRECT,Organic Search,SEO_ORGANIC_DIRECT,"[np.str_('Organic Search'), np.str_('Organic Search')]","['SEO_ORGANIC_DIRECT', 'SEO_ORGANIC_DIRECT']",0,0.0
USR_01458,3,Organic Search > Social Media > Email,SEO_ORGANIC_DIRECT > SOC_INFLUENCER_BOOST_03 > EML_WINBACK_90D_03,Organic Search,SEO_ORGANIC_DIRECT,Email,EML_WINBACK_90D_03,"[np.str_('Organic Search'), np.str_('Social Media'), np.str_('Email')]","['SEO_ORGANIC_DIRECT', 'SOC_INFLUENCER_BOOST_03', 'EML_WINBACK_90D_03']",0,0.0
USR_01459,2,Display > Email,DSP_RETARG_ABANDON_02 > EML_ABANDONED_CART_02,Display,DSP_RETARG_ABANDON_02,Email,EML_ABANDONED_CART_02,"[np.str_('Display'), np.str_('Email')]","['DSP_RETARG_ABANDON_02', 'EML_ABANDONED_CART_02']",0,0.0
USR_01460,3,Display > Display > Social Media,DSP_RETARG_ABANDON_02 > DSP_RETARG_ABANDON_02 > SOC_PROSP_LOOKALIKE_01,Display,DSP_RETARG_ABANDON_02,Social Media,SOC_PROSP_LOOKALIKE_01,"[np.str_('Display'), np.str_('Display'), np.str_('Social Media')]","['DSP_RETARG_ABANDON_02', 'DSP_RETARG_ABANDON_02', 'SOC_PROSP_LOOKALIKE_01']",0,0.0
USR_01461,3,Paid Search > Display > Email,SEM_BRAND_01 > DSP_PROG_AWARE_01 > EML_NEWSLETTER_WKLY_01,Paid Search,SEM_BRAND_01,Email,EML_NEWSLETTER_WKLY_01,"[np.str_('Paid Search'), np.str_('Display'), np.str_('Email')]","['SEM_BRAND_01', 'DSP_PROG_AWARE_01', 'EML_NEWSLETTER_WKLY_01']",1,98.6
USR_01462,2,Display > Paid Search,DSP_PROG_AWARE_01 > SEM_BRAND_01,Display,DSP_PROG_AWARE_01,Paid Search,SEM_BRAND_01,"[np.str_('Display'), np.str_('Paid Search')]","['DSP_PROG_AWARE_01', 'SEM_BRAND_01']",0,0.0
USR_01463,1,Display,DSP_PROG_AWARE_01,Display,DSP_PROG_AWARE_01,Display,DSP_PROG_AWARE_01,[np.str_('Display')],['DSP_PROG_AWARE_01'],1,96.09
USR_01464,5,Paid Search > Email > Paid Search > Display > Display,SEM_GENERIC_PROD_02 > EML_ABANDONED_CART_02 > SEM_GENERIC_PROD_02 > DSP_RETARG_ABANDON_02 > DSP_RETARG_ABANDON_02,Paid Search,SEM_GENERIC_PROD_02,Display,DSP_RETARG_ABANDON_02,"[np.str_('Paid Search'), np.str_('Email'), np.str_('Paid Search'), np.str_('Display'), np.str_('Display')]","['SEM_GENERIC_PROD_02', 'EML_ABANDONED_CART_02', 'SEM_GENERIC_PROD_02', 'DSP_RETARG_ABANDON_02', 'DSP_RETARG_ABANDON_02']",0,0.0
USR_01465,5,Social Media > Paid Search > Paid Search > Paid Search > Paid Search,SOC_RETARG_DPA_02 > SEM_BRAND_01 > SEM_BRAND_01 > SEM_COMPETITOR_03 > SEM_COMPETITOR_03,Social Media,SOC_RETARG_DPA_02,Paid Search,SEM_COMPETITOR_03,"[np.str_('Social Media'), np.str_('Paid Search'), np.str_('Paid Search'), np.str_('Paid Search'), np.str_('Paid Search')]","['SOC_RETARG_DPA_02', 'SEM_BRAND_01', 'SEM_BRAND_01', 'SEM_COMPETITOR_03', 'SEM_COMPETITOR_03']",0,0.0
USR_01466,2,Social Media > Social Media,SOC_PROSP_LOOKALIKE_01 > SOC_INFLUENCER_BOOST_03,Social Media,SOC_PROSP_LOOKALIKE_01,Social Media,SOC_INFLUENCER_BOOST_03,"[np.str_('Social Media'), np.str_('Social Media')]","['SOC_PROSP_LOOKALIKE_01', 'SOC_INFLUENCER_BOOST_03']",0,0.0
USR_01467,1,Social Media,SOC_PROSP_LOOKALIKE_01,Social Media,SOC_PROSP_LOOKALIKE_01,Social Media,SOC_PROSP_LOOKALIKE_01,[np.str_('Social Media')],['SOC_PROSP_LOOKALIKE_01'],0,0.0
USR_01468,1,Social Media,SOC_PROSP_LOOKALIKE_01,Social Media,SOC_PROSP_LOOKALIKE_01,Social Media,SOC_PROSP_LOOKALIKE_01,[np.str_('Social Media')],['SOC_PROSP_LOOKALIKE_01'],0,0.0
USR_01469,1,Email,EML_WINBACK_90D_03,Email,EML_WINBACK_90D_03,Email,EML_WINBACK_90D_03,[np.str_('Email')],['EML_WINBACK_90D_03'],0,0.0
USR_01470,5,Social Media > Paid Search > Display > Social Media > Paid Search,SOC_INFLUENCER_BOOST_03 > SEM_BRAND_01 > DSP_RETARG_ABANDON_02 > SOC_PROSP_LOOKALIKE_01 > SEM_GENERIC_PROD_02,Social Media,SOC_INFLUENCER_BOOST_03,Paid Search,SEM_GENERIC_PROD_02,"[np.str_('Social Media'), np.str_('Paid Search'), np.str_('Display'), np.str_('Social Media'), np.str_('Paid Search')]","['SOC_INFLUENCER_BOOST_03', 'SEM_BRAND_01', 'DSP_RETARG_ABANDON_02', 'SOC_PROSP_LOOKALIKE_01', 'SEM_GENERIC_PROD_02']",0,0.0
USR_01471,2,Social Media > Organic Search,SOC_RETARG_DPA_02 > SEO_ORGANIC_DIRECT,Social Media,SOC_RETARG_DPA_02,Organic Search,SEO_ORGANIC_DIRECT,"[np.str_('Social Media'), np.str_('Organic Search')]","['SOC_RETARG_DPA_02', 'SEO_ORGANIC_DIRECT']",0,0.0
USR_01472,1,Paid Search,SEM_COMPETITOR_03,Paid Search,SEM_COMPETITOR_03,Paid Search,SEM_COMPETITOR_03,[np.str_('Paid Search')],['SEM_COMPETITOR_03'],0,0.0
USR_01473,2,Display > Organic Search,DSP_PROG_AWARE_01 > SEO_ORGANIC_DIRECT,Display,DSP_PROG_AWARE_01,Organic Search,SEO_ORGANIC_DIRECT,"[np.str_('Display'), np.str_('Organic Search')]","['DSP_PROG_AWARE_01', 'SEO_ORGANIC_DIRECT']",0,0.0
USR_01474,5,Social Media > Organic Search > Organic Search > Display > Email,SOC_INFLUENCER_BOOST_03 > SEO_ORGANIC_DIRECT > SEO_ORGANIC_DIRECT > DSP_PROG_AWARE_01 > EML_ABANDONED_CART_02,Social Media,SOC_INFLUENCER_BOOST_03,Email,EML_ABANDONED_CART_02,"[np.str_('Social Media'), np.str_('Organic Search'), np.str_('Organic Search'), np.str_('Display'), np.str_('Email')]","['SOC_INFLUENCER_BOOST_03', 'SEO_ORGANIC_DIRECT', 'SEO_ORGANIC_DIRECT', 'DSP_PROG_AWARE_01', 'EML_ABANDONED_CART_02']",0,0.0
USR_01475,1,Social Media,SOC_INFLUENCER_BOOST_03,Social Media,SOC_INFLUENCER_BOOST_03,Social Media,SOC_INFLUENCER_BOOST_03,[np.str_('Social Media')],['SOC_INFLUENCER_BOOST_03'],0,0.0
USR_01476,1,Social Media,SOC_PROSP_LOOKALIKE_01,Social Media,SOC_PROSP_LOOKALIKE_01,Social Media,SOC_PROSP_LOOKALIKE_01,[np.str_('Social Media')],['SOC_PROSP_LOOKALIKE_01'],0,0.0
USR_01477,1,Paid Search,SEM_GENERIC_PROD_02,Paid Search,SEM_GENERIC_PROD_02,Paid Search,SEM_GENERIC_PROD_02,[np.str_('Paid Search')],['SEM_GENERIC_PROD_02'],0,0.0
USR_01478,2,Social Media > Email,SOC_RETARG_DPA_02 > EML_WINBACK_90D_03,Social Media,SOC_RETARG_DPA_02,Email,EML_WINBACK_90D_03,"[np.str_('Social Media'), np.str_('Email')]","['SOC_RETARG_DPA_02', 'EML_WINBACK_90D_03']",0,0.0
USR_01479,2,Display > Paid Search,DSP_PROG_AWARE_01 > SEM_COMPETITOR_03,Display,DSP_PROG_AWARE_01,Paid Search,SEM_COMPETITOR_03,"[np.str_('Display'), np.str_('Paid Search')]","['DSP_PROG_AWARE_01', 'SEM_COMPETITOR_03']",0,0.0
USR_01480,2,Paid Search > Email,SEM_BRAND_01 > EML_ABANDONED_CART_02,Paid Search,SEM_BRAND_01,Email,EML_ABANDONED_CART_02,"[np.str_('Paid Search'), np.str_('Email')]","['SEM_BRAND_01', 'EML_ABANDONED_CART_02']",1,129.19
USR_01481,3,Social Media > Email > Email,SOC_INFLUENCER_BOOST_03 > EML_ABANDONED_CART_02 > EML_NEWSLETTER_WKLY_01,Social Media,SOC_INFLUENCER_BOOST_03,Email,EML_NEWSLETTER_WKLY_01,"[np.str_('Social Media'), np.str_('Email'), np.str_('Email')]","['SOC_INFLUENCER_BOOST_03', 'EML_ABANDONED_CART_02', 'EML_NEWSLETTER_WKLY_01']",1,99.1
USR_01482,2,Display > Paid Search,DSP_RETARG_ABANDON_02 > SEM_BRAND_01,Display,DSP_RETARG_ABANDON_02,Paid Search,SEM_BRAND_01,"[np.str_('Display'), np.str_('Paid Search')]","['DSP_RETARG_ABANDON_02', 'SEM_BRAND_01']",0,0.0
USR_01483,5,Display > Social Media > Social Media > Paid Search > Email,DSP_RETARG_ABANDON_02 > SOC_INFLUENCER_BOOST_03 > SOC_INFLUENCER_BOOST_03 > SEM_GENERIC_PROD_02 > EML_ABANDONED_CART_02,Display,DSP_RETARG_ABANDON_02,Email,EML_ABANDONED_CART_02,"[np.str_('Display'), np.str_('Social Media'), np.str_('Social Media'), np.str_('Paid Search'), np.str_('Email')]","['DSP_RETARG_ABANDON_02', 'SOC_INFLUENCER_BOOST_03', 'SOC_INFLUENCER_BOOST_03', 'SEM_GENERIC_PROD_02', 'EML_ABANDONED_CART_02']",0,0.0
USR_01484,1,Paid Search,SEM_BRAND_01,Paid Search,SEM_BRAND_01,Paid Search,SEM_BRAND_01,[np.str_('Paid Search')],['SEM_BRAND_01'],1,78.04
USR_01485,3,Social Media > Email > Paid Search,SOC_PROSP_LOOKALIKE_01 > EML_NEWSLETTER_WKLY_01 > SEM_GENERIC_PROD_02,Social Media,SOC_PROSP_LOOKALIKE_01,Paid Search,SEM_GENERIC_PROD_02,"[np.str_('Social Media'), np.str_('Email'), np.str_('Paid Search')]","['SOC_PROSP_LOOKALIKE_01', 'EML_NEWSLETTER_WKLY_01', 'SEM_GENERIC_PROD_02']",1,122.32
USR_01486,1,Social Media,SOC_PROSP_LOOKALIKE_01,Social Media,SOC_PROSP_LOOKALIKE_01,Social Media,SOC_PROSP_LOOKALIKE_01,[np.str_('Social Media')],['SOC_PROSP_LOOKALIKE_01'],0,0.0
USR_01487,2,Display > Organic Search,DSP_PROG_AWARE_01 > SEO_ORGANIC_DIRECT,Display,DSP_PROG_AWARE_01,Organic Search,SEO_ORGANIC_DIRECT,"[np.str_('Display'), np.str_('Organic Search')]","['DSP_PROG_AWARE_01', 'SEO_ORGANIC_DIRECT']",0,0.0
USR_01488,5,Email > Social Media > Email > Email > Paid Search,EML_NEWSLETTER_WKLY_01 > SOC_INFLUENCER_BOOST_03 > EML_ABANDONED_CART_02 > EML_NEWSLETTER_WKLY_01 > SEM_COMPETITOR_03,Email,EML_NEWSLETTER_WKLY_01,Paid Search,SEM_COMPETITOR_03,"[np.str_('Email'), np.str_('Social Media'), np.str_('Email'), np.str_('Email'), np.str_('Paid Search')]","['EML_NEWSLETTER_WKLY_01', 'SOC_INFLUENCER_BOOST_03', 'EML_ABANDONED_CART_02', 'EML_NEWSLETTER_WKLY_01', 'SEM_COMPETITOR_03']",0,0.0
USR_01489,2,Social Media > Paid Search,SOC_RETARG_DPA_02 > SEM_GENERIC_PROD_02,Social Media,SOC_RETARG_DPA_02,Paid Search,SEM_GENERIC_PROD_02,"[np.str_('Social Media'), np.str_('Paid Search')]","['SOC_RETARG_DPA_02', 'SEM_GENERIC_PROD_02']",1,154.43
USR_01490,2,Display > Organic Search,DSP_PROG_AWARE_01 > SEO_ORGANIC_DIRECT,Display,DSP_PROG_AWARE_01,Organic Search,SEO_ORGANIC_DIRECT,"[np.str_('Display'), np.str_('Organic Search')]","['DSP_PROG_AWARE_01', 'SEO_ORGANIC_DIRECT']",0,0.0
USR_01491,2,Paid Search > Email,SEM_BRAND_01 > EML_ABANDONED_CART_02,Paid Search,SEM_BRAND_01,Email,EML_ABANDONED_CART_02,"[np.str_('Paid Search'), np.str_('Email')]","['SEM_BRAND_01', 'EML_ABANDONED_CART_02']",0,0.0
USR_01492,1,Email,EML_NEWSLETTER_WKLY_01,Email,EML_NEWSLETTER_WKLY_01,Email,EML_NEWSLETTER_WKLY_01,[np.str_('Email')],['EML_NEWSLETTER_WKLY_01'],0,0.0
USR_01493,3,Paid Search > Organic Search > Email,SEM_GENERIC_PROD_02 > SEO_ORGANIC_DIRECT > EML_NEWSLETTER_WKLY_01,Paid Search,SEM_GENERIC_PROD_02,Email,EML_NEWSLETTER_WKLY_01,"[np.str_('Paid Search'), np.str_('Organic Search'), np.str_('Email')]","['SEM_GENERIC_PROD_02', 'SEO_ORGANIC_DIRECT', 'EML_NEWSLETTER_WKLY_01']",1,85.84
USR_01494,1,Social Media,SOC_RETARG_DPA_02,Social Media,SOC_RETARG_DPA_02,Social Media,SOC_RETARG_DPA_02,[np.str_('Social Media')],['SOC_RETARG_DPA_02'],0,0.0
USR_01495,2,Display > Social Media,DSP_PROG_AWARE_01 > SOC_INFLUENCER_BOOST_03,Display,DSP_PROG_AWARE_01,Social Media,SOC_INFLUENCER_BOOST_03,"[np.str_('Display'), np.str_('Social Media')]","['DSP_PROG_AWARE_01', 'SOC_INFLUENCER_BOOST_03']",1,101.4
USR_01496,2,Paid Search > Display,SEM_COMPETITOR_03 > DSP_PROG_AWARE_01,Paid Search,SEM_COMPETITOR_03,Display,DSP_PROG_AWARE_01,"[np.str_('Paid Search'), np.str_('Display')]","['SEM_COMPETITOR_03', 'DSP_PROG_AWARE_01']",0,0.0
USR_01497,2,Organic Search > Paid Search,SEO_ORGANIC_DIRECT > SEM_GENERIC_PROD_02,Organic Search,SEO_ORGANIC_DIRECT,Paid Search,SEM_GENERIC_PROD_02,"[np.str_('Organic Search'), np.str_('Paid Search')]","['SEO_ORGANIC_DIRECT', 'SEM_GENERIC_PROD_02']",0,0.0
USR_01498,2,Display > Paid Search,DSP_RETARG_ABANDON_02 > SEM_BRAND_01,Display,DSP_RETARG_ABANDON_02,Paid Search,SEM_BRAND_01,"[np.str_('Display'), np.str_('Paid Search')]","['DSP_RETARG_ABANDON_02', 'SEM_BRAND_01']",1,103.52
USR_01499,1,Organic Search,SEO_ORGANIC_DIRECT,Organic Search,SEO_ORGANIC_DIRECT,Organic Search,SEO_ORGANIC_DIRECT,[np.str_('Organic Search')],['SEO_ORGANIC_DIRECT'],0,0.0
USR_01500,3,Social Media > Organic Search > Paid Search,SOC_INFLUENCER_BOOST_03 > SEO_ORGANIC_DIRECT > SEM_GENERIC_PROD_02,Social Media,SOC_INFLUENCER_BOOST_03,Paid Search,SEM_GENERIC_PROD_02,"[np.str_('Social Media'), np.str_('Organic Search'), np.str_('Paid Search')]","['SOC_INFLUENCER_BOOST_03', 'SEO_ORGANIC_DIRECT', 'SEM_GENERIC_PROD_02']",1,119.03
USR_01501,1,Paid Search,SEM_COMPETITOR_03,Paid Search,SEM_COMPETITOR_03,Paid Search,SEM_COMPETITOR_03,[np.str_('Paid Search')],['SEM_COMPETITOR_03'],0,0.0
USR_01502,2,Display > Paid Search,DSP_RETARG_ABANDON_02 > SEM_COMPETITOR_03,Display,DSP_RETARG_ABANDON_02,Paid Search,SEM_COMPETITOR_03,"[np.str_('Display'), np.str_('Paid Search')]","['DSP_RETARG_ABANDON_02', 'SEM_COMPETITOR_03']",0,0.0
USR_01503,2,Display > Email,DSP_RETARG_ABANDON_02 > EML_ABANDONED_CART_02,Display,DSP_RETARG_ABANDON_02,Email,EML_ABANDONED_CART_02,"[np.str_('Display'), np.str_('Email')]","['DSP_RETARG_ABANDON_02', 'EML_ABANDONED_CART_02']",1,120.57
USR_01504,2,Paid Search > Paid Search,SEM_COMPETITOR_03 > SEM_COMPETITOR_03,Paid Search,SEM_COMPETITOR_03,Paid Search,SEM_COMPETITOR_03,"[np.str_('Paid Search'), np.str_('Paid Search')]","['SEM_COMPETITOR_03', 'SEM_COMPETITOR_03']",0,0.0
USR_01505,2,Social Media > Email,SOC_PROSP_LOOKALIKE_01 > EML_ABANDONED_CART_02,Social Media,SOC_PROSP_LOOKALIKE_01,Email,EML_ABANDONED_CART_02,"[np.str_('Social Media'), np.str_('Email')]","['SOC_PROSP_LOOKALIKE_01', 'EML_ABANDONED_CART_02']",0,0.0
USR_01506,2,Organic Search > Paid Search,SEO_ORGANIC_DIRECT > SEM_COMPETITOR_03,Organic Search,SEO_ORGANIC_DIRECT,Paid Search,SEM_COMPETITOR_03,"[np.str_('Organic Search'), np.str_('Paid Search')]","['SEO_ORGANIC_DIRECT', 'SEM_COMPETITOR_03']",0,0.0
USR_01507,1,Paid Search,SEM_COMPETITOR_03,Paid Search,SEM_COMPETITOR_03,Paid Search,SEM_COMPETITOR_03,[np.str_('Paid Search')],['SEM_COMPETITOR_03'],1,123.74
USR_01508,1,Display,DSP_RETARG_ABANDON_02,Display,DSP_RETARG_ABANDON_02,Display,DSP_RETARG_ABANDON_02,[np.str_('Display')],['DSP_RETARG_ABANDON_02'],0,0.0
USR_01509,2,Organic Search > Social Media,SEO_ORGANIC_DIRECT > SOC_INFLUENCER_BOOST_03,Organic Search,SEO_ORGANIC_DIRECT,Social Media,SOC_INFLUENCER_BOOST_03,"[np.str_('Organic Search'), np.str_('Social Media')]","['SEO_ORGANIC_DIRECT', 'SOC_INFLUENCER_BOOST_03']",0,0.0
USR_01510,3,Paid Search > Social Media > Social Media,SEM_COMPETITOR_03 > SOC_PROSP_LOOKALIKE_01 > SOC_INFLUENCER_BOOST_03,Paid Search,SEM_COMPETITOR_03,Social Media,SOC_INFLUENCER_BOOST_03,"[np.str_('Paid Search'), np.str_('Social Media'), np.str_('Social Media')]","['SEM_COMPETITOR_03', 'SOC_PROSP_LOOKALIKE_01', 'SOC_INFLUENCER_BOOST_03']",0,0.0
USR_01511,2,Organic Search > Paid Search,SEO_ORGANIC_DIRECT > SEM_GENERIC_PROD_02,Organic Search,SEO_ORGANIC_DIRECT,Paid Search,SEM_GENERIC_PROD_02,"[np.str_('Organic Search'), np.str_('Paid Search')]","['SEO_ORGANIC_DIRECT', 'SEM_GENERIC_PROD_02']",0,0.0
USR_01512,5,Organic Search > Social Media > Display > Organic Search > Social Media,SEO_ORGANIC_DIRECT > SOC_PROSP_LOOKALIKE_01 > DSP_RETARG_ABANDON_02 > SEO_ORGANIC_DIRECT > SOC_PROSP_LOOKALIKE_01,Organic Search,SEO_ORGANIC_DIRECT,Social Media,SOC_PROSP_LOOKALIKE_01,"[np.str_('Organic Search'), np.str_('Social Media'), np.str_('Display'), np.str_('Organic Search'), np.str_('Social Media')]","['SEO_ORGANIC_DIRECT', 'SOC_PROSP_LOOKALIKE_01', 'DSP_RETARG_ABANDON_02', 'SEO_ORGANIC_DIRECT', 'SOC_PROSP_LOOKALIKE_01']",0,0.0
USR_01513,1,Organic Search,SEO_ORGANIC_DIRECT,Organic Search,SEO_ORGANIC_DIRECT,Organic Search,SEO_ORGANIC_DIRECT,[np.str_('Organic Search')],['SEO_ORGANIC_DIRECT'],0,0.0
USR_01514,1,Social Media,SOC_RETARG_DPA_02,Social Media,SOC_RETARG_DPA_02,Social Media,SOC_RETARG_DPA_02,[np.str_('Social Media')],['SOC_RETARG_DPA_02'],0,0.0
USR_01515,2,Display > Paid Search,DSP_RETARG_ABANDON_02 > SEM_BRAND_01,Display,DSP_RETARG_ABANDON_02,Paid Search,SEM_BRAND_01,"[np.str_('Display'), np.str_('Paid Search')]","['DSP_RETARG_ABANDON_02', 'SEM_BRAND_01']",1,117.77
USR_01516,1,Display,DSP_PROG_AWARE_01,Display,DSP_PROG_AWARE_01,Display,DSP_PROG_AWARE_01,[np.str_('Display')],['DSP_PROG_AWARE_01'],0,0.0
USR_01517,1,Organic Search,SEO_ORGANIC_DIRECT,Organic Search,SEO_ORGANIC_DIRECT,Organic Search,SEO_ORGANIC_DIRECT,[np.str_('Organic Search')],['SEO_ORGANIC_DIRECT'],1,88.28
USR_01518,1,Paid Search,SEM_COMPETITOR_03,Paid Search,SEM_COMPETITOR_03,Paid Search,SEM_COMPETITOR_03,[np.str_('Paid Search')],['SEM_COMPETITOR_03'],0,0.0
USR_01519,2,Social Media > Email,SOC_RETARG_DPA_02 > EML_NEWSLETTER_WKLY_01,Social Media,SOC_RETARG_DPA_02,Email,EML_NEWSLETTER_WKLY_01,"[np.str_('Social Media'), np.str_('Email')]","['SOC_RETARG_DPA_02', 'EML_NEWSLETTER_WKLY_01']",0,0.0
USR_01520,1,Display,DSP_PROG_AWARE_01,Display,DSP_PROG_AWARE_01,Display,DSP_PROG_AWARE_01,[np.str_('Display')],['DSP_PROG_AWARE_01'],0,0.0
USR_01521,1,Social Media,SOC_PROSP_LOOKALIKE_01,Social Media,SOC_PROSP_LOOKALIKE_01,Social Media,SOC_PROSP_LOOKALIKE_01,[np.str_('Social Media')],['SOC_PROSP_LOOKALIKE_01'],0,0.0
USR_01522,4,Social Media > Organic Search > Organic Search > Display,SOC_PROSP_LOOKALIKE_01 > SEO_ORGANIC_DIRECT > SEO_ORGANIC_DIRECT > DSP_PROG_AWARE_01,Social Media,SOC_PROSP_LOOKALIKE_01,Display,DSP_PROG_AWARE_01,"[np.str_('Social Media'), np.str_('Organic Search'), np.str_('Organic Search'), np.str_('Display')]","['SOC_PROSP_LOOKALIKE_01', 'SEO_ORGANIC_DIRECT', 'SEO_ORGANIC_DIRECT', 'DSP_PROG_AWARE_01']",0,0.0
USR_01523,2,Display > Email,DSP_RETARG_ABANDON_02 > EML_NEWSLETTER_WKLY_01,Display,DSP_RETARG_ABANDON_02,Email,EML_NEWSLETTER_WKLY_01,"[np.str_('Display'), np.str_('Email')]","['DSP_RETARG_ABANDON_02', 'EML_NEWSLETTER_WKLY_01']",0,0.0
USR_01524,2,Paid Search > Email,SEM_BRAND_01 > EML_NEWSLETTER_WKLY_01,Paid Search,SEM_BRAND_01,Email,EML_NEWSLETTER_WKLY_01,"[np.str_('Paid Search'), np.str_('Email')]","['SEM_BRAND_01', 'EML_NEWSLETTER_WKLY_01']",0,0.0
USR_01525,3,Display > Organic Search > Paid Search,DSP_PROG_AWARE_01 > SEO_ORGANIC_DIRECT > SEM_BRAND_01,Display,DSP_PROG_AWARE_01,Paid Search,SEM_BRAND_01,"[np.str_('Display'), np.str_('Organic Search'), np.str_('Paid Search')]","['DSP_PROG_AWARE_01', 'SEO_ORGANIC_DIRECT', 'SEM_BRAND_01']",1,116.61
USR_01526,1,Organic Search,SEO_ORGANIC_DIRECT,Organic Search,SEO_ORGANIC_DIRECT,Organic Search,SEO_ORGANIC_DIRECT,[np.str_('Organic Search')],['SEO_ORGANIC_DIRECT'],0,0.0
USR_01527,1,Organic Search,SEO_ORGANIC_DIRECT,Organic Search,SEO_ORGANIC_DIRECT,Organic Search,SEO_ORGANIC_DIRECT,[np.str_('Organic Search')],['SEO_ORGANIC_DIRECT'],0,0.0
USR_01528,2,Social Media > Paid Search,SOC_PROSP_LOOKALIKE_01 > SEM_GENERIC_PROD_02,Social Media,SOC_PROSP_LOOKALIKE_01,Paid Search,SEM_GENERIC_PROD_02,"[np.str_('Social Media'), np.str_('Paid Search')]","['SOC_PROSP_LOOKALIKE_01', 'SEM_GENERIC_PROD_02']",0,0.0
USR_01529,2,Display > Organic Search,DSP_PROG_AWARE_01 > SEO_ORGANIC_DIRECT,Display,DSP_PROG_AWARE_01,Organic Search,SEO_ORGANIC_DIRECT,"[np.str_('Display'), np.str_('Organic Search')]","['DSP_PROG_AWARE_01', 'SEO_ORGANIC_DIRECT']",0,0.0
USR_01530,5,Social Media > Social Media > Paid Search > Paid Search > Paid Search,SOC_RETARG_DPA_02 > SOC_RETARG_DPA_02 > SEM_COMPETITOR_03 > SEM_BRAND_01 > SEM_GENERIC_PROD_02,Social Media,SOC_RETARG_DPA_02,Paid Search,SEM_GENERIC_PROD_02,"[np.str_('Social Media'), np.str_('Social Media'), np.str_('Paid Search'), np.str_('Paid Search'), np.str_('Paid Search')]","['SOC_RETARG_DPA_02', 'SOC_RETARG_DPA_02', 'SEM_COMPETITOR_03', 'SEM_BRAND_01', 'SEM_GENERIC_PROD_02']",0,0.0
USR_01531,2,Email > Paid Search,EML_WINBACK_90D_03 > SEM_COMPETITOR_03,Email,EML_WINBACK_90D_03,Paid Search,SEM_COMPETITOR_03,"[np.str_('Email'), np.str_('Paid Search')]","['EML_WINBACK_90D_03', 'SEM_COMPETITOR_03']",0,0.0
USR_01532,5,Display > Email > Paid Search > Email > Email,DSP_RETARG_ABANDON_02 > EML_WINBACK_90D_03 > SEM_COMPETITOR_03 > EML_WINBACK_90D_03 > EML_NEWSLETTER_WKLY_01,Display,DSP_RETARG_ABANDON_02,Email,EML_NEWSLETTER_WKLY_01,"[np.str_('Display'), np.str_('Email'), np.str_('Paid Search'), np.str_('Email'), np.str_('Email')]","['DSP_RETARG_ABANDON_02', 'EML_WINBACK_90D_03', 'SEM_COMPETITOR_03', 'EML_WINBACK_90D_03', 'EML_NEWSLETTER_WKLY_01']",0,0.0
USR_01533,2,Social Media > Social Media,SOC_INFLUENCER_BOOST_03 > SOC_INFLUENCER_BOOST_03,Social Media,SOC_INFLUENCER_BOOST_03,Social Media,SOC_INFLUENCER_BOOST_03,"[np.str_('Social Media'), np.str_('Social Media')]","['SOC_INFLUENCER_BOOST_03', 'SOC_INFLUENCER_BOOST_03']",0,0.0
USR_01534,1,Social Media,SOC_INFLUENCER_BOOST_03,Social Media,SOC_INFLUENCER_BOOST_03,Social Media,SOC_INFLUENCER_BOOST_03,[np.str_('Social Media')],['SOC_INFLUENCER_BOOST_03'],0,0.0
USR_01535,1,Social Media,SOC_RETARG_DPA_02,Social Media,SOC_RETARG_DPA_02,Social Media,SOC_RETARG_DPA_02,[np.str_('Social Media')],['SOC_RETARG_DPA_02'],0,0.0
USR_01536,1,Display,DSP_PROG_AWARE_01,Display,DSP_PROG_AWARE_01,Display,DSP_PROG_AWARE_01,[np.str_('Display')],['DSP_PROG_AWARE_01'],0,0.0
USR_01537,3,Social Media > Social Media > Social Media,SOC_PROSP_LOOKALIKE_01 > SOC_INFLUENCER_BOOST_03 > SOC_RETARG_DPA_02,Social Media,SOC_PROSP_LOOKALIKE_01,Social Media,SOC_RETARG_DPA_02,"[np.str_('Social Media'), np.str_('Social Media'), np.str_('Social Media')]","['SOC_PROSP_LOOKALIKE_01', 'SOC_INFLUENCER_BOOST_03', 'SOC_RETARG_DPA_02']",0,0.0
USR_01538,1,Social Media,SOC_INFLUENCER_BOOST_03,Social Media,SOC_INFLUENCER_BOOST_03,Social Media,SOC_INFLUENCER_BOOST_03,[np.str_('Social Media')],['SOC_INFLUENCER_BOOST_03'],0,0.0
USR_01539,1,Organic Search,SEO_ORGANIC_DIRECT,Organic Search,SEO_ORGANIC_DIRECT,Organic Search,SEO_ORGANIC_DIRECT,[np.str_('Organic Search')],['SEO_ORGANIC_DIRECT'],0,0.0
USR_01540,1,Display,DSP_PROG_AWARE_01,Display,DSP_PROG_AWARE_01,Display,DSP_PROG_AWARE_01,[np.str_('Display')],['DSP_PROG_AWARE_01'],0,0.0
USR_01541,3,Social Media > Paid Search > Display,SOC_RETARG_DPA_02 > SEM_BRAND_01 > DSP_RETARG_ABANDON_02,Social Media,SOC_RETARG_DPA_02,Display,DSP_RETARG_ABANDON_02,"[np.str_('Social Media'), np.str_('Paid Search'), np.str_('Display')]","['SOC_RETARG_DPA_02', 'SEM_BRAND_01', 'DSP_RETARG_ABANDON_02']",0,0.0
USR_01542,2,Social Media > Social Media,SOC_PROSP_LOOKALIKE_01 > SOC_RETARG_DPA_02,Social Media,SOC_PROSP_LOOKALIKE_01,Social Media,SOC_RETARG_DPA_02,"[np.str_('Social Media'), np.str_('Social Media')]","['SOC_PROSP_LOOKALIKE_01', 'SOC_RETARG_DPA_02']",0,0.0
USR_01543,1,Display,DSP_PROG_AWARE_01,Display,DSP_PROG_AWARE_01,Display,DSP_PROG_AWARE_01,[np.str_('Display')],['DSP_PROG_AWARE_01'],1,73.86
USR_01544,2,Display > Display,DSP_RETARG_ABANDON_02 > DSP_PROG_AWARE_01,Display,DSP_RETARG_ABANDON_02,Display,DSP_PROG_AWARE_01,"[np.str_('Display'), np.str_('Display')]","['DSP_RETARG_ABANDON_02', 'DSP_PROG_AWARE_01']",0,0.0
USR_01545,3,Display > Display > Paid Search,DSP_PROG_AWARE_01 > DSP_RETARG_ABANDON_02 > SEM_COMPETITOR_03,Display,DSP_PROG_AWARE_01,Paid Search,SEM_COMPETITOR_03,"[np.str_('Display'), np.str_('Display'), np.str_('Paid Search')]","['DSP_PROG_AWARE_01', 'DSP_RETARG_ABANDON_02', 'SEM_COMPETITOR_03']",0,0.0
USR_01546,2,Paid Search > Paid Search,SEM_COMPETITOR_03 > SEM_COMPETITOR_03,Paid Search,SEM_COMPETITOR_03,Paid Search,SEM_COMPETITOR_03,"[np.str_('Paid Search'), np.str_('Paid Search')]","['SEM_COMPETITOR_03', 'SEM_COMPETITOR_03']",0,0.0
USR_01547,1,Paid Search,SEM_COMPETITOR_03,Paid Search,SEM_COMPETITOR_03,Paid Search,SEM_COMPETITOR_03,[np.str_('Paid Search')],['SEM_COMPETITOR_03'],0,0.0
USR_01548,1,Display,DSP_RETARG_ABANDON_02,Display,DSP_RETARG_ABANDON_02,Display,DSP_RETARG_ABANDON_02,[np.str_('Display')],['DSP_RETARG_ABANDON_02'],0,0.0
USR_01549,3,Social Media > Social Media > Paid Search,SOC_INFLUENCER_BOOST_03 > SOC_RETARG_DPA_02 > SEM_GENERIC_PROD_02,Social Media,SOC_INFLUENCER_BOOST_03,Paid Search,SEM_GENERIC_PROD_02,"[np.str_('Social Media'), np.str_('Social Media'), np.str_('Paid Search')]","['SOC_INFLUENCER_BOOST_03', 'SOC_RETARG_DPA_02', 'SEM_GENERIC_PROD_02']",0,0.0
USR_01550,2,Social Media > Social Media,SOC_RETARG_DPA_02 > SOC_PROSP_LOOKALIKE_01,Social Media,SOC_RETARG_DPA_02,Social Media,SOC_PROSP_LOOKALIKE_01,"[np.str_('Social Media'), np.str_('Social Media')]","['SOC_RETARG_DPA_02', 'SOC_PROSP_LOOKALIKE_01']",0,0.0
USR_01551,4,Paid Search > Social Media > Display > Paid Search,SEM_GENERIC_PROD_02 > SOC_RETARG_DPA_02 > DSP_PROG_AWARE_01 > SEM_BRAND_01,Paid Search,SEM_GENERIC_PROD_02,Paid Search,SEM_BRAND_01,"[np.str_('Paid Search'), np.str_('Social Media'), np.str_('Display'), np.str_('Paid Search')]","['SEM_GENERIC_PROD_02', 'SOC_RETARG_DPA_02', 'DSP_PROG_AWARE_01', 'SEM_BRAND_01']",0,0.0
USR_01552,2,Social Media > Social Media,SOC_RETARG_DPA_02 > SOC_PROSP_LOOKALIKE_01,Social Media,SOC_RETARG_DPA_02,Social Media,SOC_PROSP_LOOKALIKE_01,"[np.str_('Social Media'), np.str_('Social Media')]","['SOC_RETARG_DPA_02', 'SOC_PROSP_LOOKALIKE_01']",0,0.0
USR_01553,2,Display > Email,DSP_RETARG_ABANDON_02 > EML_ABANDONED_CART_02,Display,DSP_RETARG_ABANDON_02,Email,EML_ABANDONED_CART_02,"[np.str_('Display'), np.str_('Email')]","['DSP_RETARG_ABANDON_02', 'EML_ABANDONED_CART_02']",0,0.0
USR_01554,1,Display,DSP_RETARG_ABANDON_02,Display,DSP_RETARG_ABANDON_02,Display,DSP_RETARG_ABANDON_02,[np.str_('Display')],['DSP_RETARG_ABANDON_02'],0,0.0
USR_01555,1,Social Media,SOC_INFLUENCER_BOOST_03,Social Media,SOC_INFLUENCER_BOOST_03,Social Media,SOC_INFLUENCER_BOOST_03,[np.str_('Social Media')],['SOC_INFLUENCER_BOOST_03'],0,0.0
USR_01556,1,Display,DSP_RETARG_ABANDON_02,Display,DSP_RETARG_ABANDON_02,Display,DSP_RETARG_ABANDON_02,[np.str_('Display')],['DSP_RETARG_ABANDON_02'],0,0.0
USR_01557,2,Email > Social Media,EML_WINBACK_90D_03 > SOC_INFLUENCER_BOOST_03,Email,EML_WINBACK_90D_03,Social Media,SOC_INFLUENCER_BOOST_03,"[np.str_('Email'), np.str_('Social Media')]","['EML_WINBACK_90D_03', 'SOC_INFLUENCER_BOOST_03']",0,0.0
USR_01558,2,Social Media > Paid Search,SOC_INFLUENCER_BOOST_03 > SEM_BRAND_01,Social Media,SOC_INFLUENCER_BOOST_03,Paid Search,SEM_BRAND_01,"[np.str_('Social Media'), np.str_('Paid Search')]","['SOC_INFLUENCER_BOOST_03', 'SEM_BRAND_01']",0,0.0
USR_01559,2,Paid Search > Paid Search,SEM_COMPETITOR_03 > SEM_GENERIC_PROD_02,Paid Search,SEM_COMPETITOR_03,Paid Search,SEM_GENERIC_PROD_02,"[np.str_('Paid Search'), np.str_('Paid Search')]","['SEM_COMPETITOR_03', 'SEM_GENERIC_PROD_02']",0,0.0
USR_01560,1,Display,DSP_RETARG_ABANDON_02,Display,DSP_RETARG_ABANDON_02,Display,DSP_RETARG_ABANDON_02,[np.str_('Display')],['DSP_RETARG_ABANDON_02'],0,0.0
USR_01561,1,Social Media,SOC_INFLUENCER_BOOST_03,Social Media,SOC_INFLUENCER_BOOST_03,Social Media,SOC_INFLUENCER_BOOST_03,[np.str_('Social Media')],['SOC_INFLUENCER_BOOST_03'],0,0.0
USR_01562,2,Display > Paid Search,DSP_RETARG_ABANDON_02 > SEM_GENERIC_PROD_02,Display,DSP_RETARG_ABANDON_02,Paid Search,SEM_GENERIC_PROD_02,"[np.str_('Display'), np.str_('Paid Search')]","['DSP_RETARG_ABANDON_02', 'SEM_GENERIC_PROD_02']",0,0.0
USR_01563,3,Social Media > Organic Search > Social Media,SOC_PROSP_LOOKALIKE_01 > SEO_ORGANIC_DIRECT > SOC_INFLUENCER_BOOST_03,Social Media,SOC_PROSP_LOOKALIKE_01,Social Media,SOC_INFLUENCER_BOOST_03,"[np.str_('Social Media'), np.str_('Organic Search'), np.str_('Social Media')]","['SOC_PROSP_LOOKALIKE_01', 'SEO_ORGANIC_DIRECT', 'SOC_INFLUENCER_BOOST_03']",1,121.62
USR_01564,1,Organic Search,SEO_ORGANIC_DIRECT,Organic Search,SEO_ORGANIC_DIRECT,Organic Search,SEO_ORGANIC_DIRECT,[np.str_('Organic Search')],['SEO_ORGANIC_DIRECT'],0,0.0
USR_01565,2,Social Media > Display,SOC_INFLUENCER_BOOST_03 > DSP_RETARG_ABANDON_02,Social Media,SOC_INFLUENCER_BOOST_03,Display,DSP_RETARG_ABANDON_02,"[np.str_('Social Media'), np.str_('Display')]","['SOC_INFLUENCER_BOOST_03', 'DSP_RETARG_ABANDON_02']",0,0.0
USR_01566,1,Display,DSP_RETARG_ABANDON_02,Display,DSP_RETARG_ABANDON_02,Display,DSP_RETARG_ABANDON_02,[np.str_('Display')],['DSP_RETARG_ABANDON_02'],0,0.0
USR_01567,1,Organic Search,SEO_ORGANIC_DIRECT,Organic Search,SEO_ORGANIC_DIRECT,Organic Search,SEO_ORGANIC_DIRECT,[np.str_('Organic Search')],['SEO_ORGANIC_DIRECT'],0,0.0
USR_01568,3,Display > Social Media > Paid Search,DSP_RETARG_ABANDON_02 > SOC_INFLUENCER_BOOST_03 > SEM_COMPETITOR_03,Display,DSP_RETARG_ABANDON_02,Paid Search,SEM_COMPETITOR_03,"[np.str_('Display'), np.str_('Social Media'), np.str_('Paid Search')]","['DSP_RETARG_ABANDON_02', 'SOC_INFLUENCER_BOOST_03', 'SEM_COMPETITOR_03']",0,0.0
USR_01569,3,Organic Search > Display > Email,SEO_ORGANIC_DIRECT > DSP_RETARG_ABANDON_02 > EML_NEWSLETTER_WKLY_01,Organic Search,SEO_ORGANIC_DIRECT,Email,EML_NEWSLETTER_WKLY_01,"[np.str_('Organic Search'), np.str_('Display'), np.str_('Email')]","['SEO_ORGANIC_DIRECT', 'DSP_RETARG_ABANDON_02', 'EML_NEWSLETTER_WKLY_01']",0,0.0
USR_01570,1,Paid Search,SEM_BRAND_01,Paid Search,SEM_BRAND_01,Paid Search,SEM_BRAND_01,[np.str_('Paid Search')],['SEM_BRAND_01'],0,0.0
USR_01571,3,Paid Search > Display > Paid Search,SEM_BRAND_01 > DSP_RETARG_ABANDON_02 > SEM_BRAND_01,Paid Search,SEM_BRAND_01,Paid Search,SEM_BRAND_01,"[np.str_('Paid Search'), np.str_('Display'), np.str_('Paid Search')]","['SEM_BRAND_01', 'DSP_RETARG_ABANDON_02', 'SEM_BRAND_01']",0,0.0
USR_01572,1,Display,DSP_RETARG_ABANDON_02,Display,DSP_RETARG_ABANDON_02,Display,DSP_RETARG_ABANDON_02,[np.str_('Display')],['DSP_RETARG_ABANDON_02'],0,0.0
USR_01573,1,Email,EML_NEWSLETTER_WKLY_01,Email,EML_NEWSLETTER_WKLY_01,Email,EML_NEWSLETTER_WKLY_01,[np.str_('Email')],['EML_NEWSLETTER_WKLY_01'],0,0.0
USR_01574,1,Paid Search,SEM_GENERIC_PROD_02,Paid Search,SEM_GENERIC_PROD_02,Paid Search,SEM_GENERIC_PROD_02,[np.str_('Paid Search')],['SEM_GENERIC_PROD_02'],0,0.0
USR_01575,3,Paid Search > Paid Search > Email,SEM_GENERIC_PROD_02 > SEM_BRAND_01 > EML_WINBACK_90D_03,Paid Search,SEM_GENERIC_PROD_02,Email,EML_WINBACK_90D_03,"[np.str_('Paid Search'), np.str_('Paid Search'), np.str_('Email')]","['SEM_GENERIC_PROD_02', 'SEM_BRAND_01', 'EML_WINBACK_90D_03']",0,0.0
USR_01576,2,Social Media > Display,SOC_PROSP_LOOKALIKE_01 > DSP_PROG_AWARE_01,Social Media,SOC_PROSP_LOOKALIKE_01,Display,DSP_PROG_AWARE_01,"[np.str_('Social Media'), np.str_('Display')]","['SOC_PROSP_LOOKALIKE_01', 'DSP_PROG_AWARE_01']",0,0.0
USR_01577,3,Social Media > Social Media > Paid Search,SOC_INFLUENCER_BOOST_03 > SOC_PROSP_LOOKALIKE_01 > SEM_GENERIC_PROD_02,Social Media,SOC_INFLUENCER_BOOST_03,Paid Search,SEM_GENERIC_PROD_02,"[np.str_('Social Media'), np.str_('Social Media'), np.str_('Paid Search')]","['SOC_INFLUENCER_BOOST_03', 'SOC_PROSP_LOOKALIKE_01', 'SEM_GENERIC_PROD_02']",0,0.0
USR_01578,1,Display,DSP_RETARG_ABANDON_02,Display,DSP_RETARG_ABANDON_02,Display,DSP_RETARG_ABANDON_02,[np.str_('Display')],['DSP_RETARG_ABANDON_02'],0,0.0
USR_01579,1,Organic Search,SEO_ORGANIC_DIRECT,Organic Search,SEO_ORGANIC_DIRECT,Organic Search,SEO_ORGANIC_DIRECT,[np.str_('Organic Search')],['SEO_ORGANIC_DIRECT'],0,0.0
USR_01580,1,Social Media,SOC_RETARG_DPA_02,Social Media,SOC_RETARG_DPA_02,Social Media,SOC_RETARG_DPA_02,[np.str_('Social Media')],['SOC_RETARG_DPA_02'],0,0.0
USR_01581,1,Organic Search,SEO_ORGANIC_DIRECT,Organic Search,SEO_ORGANIC_DIRECT,Organic Search,SEO_ORGANIC_DIRECT,[np.str_('Organic Search')],['SEO_ORGANIC_DIRECT'],0,0.0
USR_01582,1,Display,DSP_RETARG_ABANDON_02,Display,DSP_RETARG_ABANDON_02,Display,DSP_RETARG_ABANDON_02,[np.str_('Display')],['DSP_RETARG_ABANDON_02'],0,0.0
USR_01583,1,Social Media,SOC_INFLUENCER_BOOST_03,Social Media,SOC_INFLUENCER_BOOST_03,Social Media,SOC_INFLUENCER_BOOST_03,[np.str_('Social Media')],['SOC_INFLUENCER_BOOST_03'],0,0.0
USR_01584,5,Social Media > Paid Search > Paid Search > Display > Email,SOC_INFLUENCER_BOOST_03 > SEM_BRAND_01 > SEM_COMPETITOR_03 > DSP_PROG_AWARE_01 > EML_NEWSLETTER_WKLY_01,Social Media,SOC_INFLUENCER_BOOST_03,Email,EML_NEWSLETTER_WKLY_01,"[np.str_('Social Media'), np.str_('Paid Search'), np.str_('Paid Search'), np.str_('Display'), np.str_('Email')]","['SOC_INFLUENCER_BOOST_03', 'SEM_BRAND_01', 'SEM_COMPETITOR_03', 'DSP_PROG_AWARE_01', 'EML_NEWSLETTER_WKLY_01']",0,0.0
USR_01585,1,Social Media,SOC_RETARG_DPA_02,Social Media,SOC_RETARG_DPA_02,Social Media,SOC_RETARG_DPA_02,[np.str_('Social Media')],['SOC_RETARG_DPA_02'],0,0.0
USR_01586,1,Social Media,SOC_PROSP_LOOKALIKE_01,Social Media,SOC_PROSP_LOOKALIKE_01,Social Media,SOC_PROSP_LOOKALIKE_01,[np.str_('Social Media')],['SOC_PROSP_LOOKALIKE_01'],0,0.0
USR_01587,3,Display > Paid Search > Display,DSP_PROG_AWARE_01 > SEM_COMPETITOR_03 > DSP_RETARG_ABANDON_02,Display,DSP_PROG_AWARE_01,Display,DSP_RETARG_ABANDON_02,"[np.str_('Display'), np.str_('Paid Search'), np.str_('Display')]","['DSP_PROG_AWARE_01', 'SEM_COMPETITOR_03', 'DSP_RETARG_ABANDON_02']",0,0.0
USR_01588,1,Email,EML_NEWSLETTER_WKLY_01,Email,EML_NEWSLETTER_WKLY_01,Email,EML_NEWSLETTER_WKLY_01,[np.str_('Email')],['EML_NEWSLETTER_WKLY_01'],0,0.0
USR_01589,1,Paid Search,SEM_GENERIC_PROD_02,Paid Search,SEM_GENERIC_PROD_02,Paid Search,SEM_GENERIC_PROD_02,[np.str_('Paid Search')],['SEM_GENERIC_PROD_02'],0,0.0
USR_01590,2,Social Media > Social Media,SOC_RETARG_DPA_02 > SOC_RETARG_DPA_02,Social Media,SOC_RETARG_DPA_02,Social Media,SOC_RETARG_DPA_02,"[np.str_('Social Media'), np.str_('Social Media')]","['SOC_RETARG_DPA_02', 'SOC_RETARG_DPA_02']",0,0.0
USR_01591,1,Organic Search,SEO_ORGANIC_DIRECT,Organic Search,SEO_ORGANIC_DIRECT,Organic Search,SEO_ORGANIC_DIRECT,[np.str_('Organic Search')],['SEO_ORGANIC_DIRECT'],1,134.09
USR_01592,3,Organic Search > Organic Search > Paid Search,SEO_ORGANIC_DIRECT > SEO_ORGANIC_DIRECT > SEM_GENERIC_PROD_02,Organic Search,SEO_ORGANIC_DIRECT,Paid Search,SEM_GENERIC_PROD_02,"[np.str_('Organic Search'), np.str_('Organic Search'), np.str_('Paid Search')]","['SEO_ORGANIC_DIRECT', 'SEO_ORGANIC_DIRECT', 'SEM_GENERIC_PROD_02']",0,0.0
USR_01593,1,Paid Search,SEM_COMPETITOR_03,Paid Search,SEM_COMPETITOR_03,Paid Search,SEM_COMPETITOR_03,[np.str_('Paid Search')],['SEM_COMPETITOR_03'],0,0.0
USR_01594,3,Social Media > Display > Display,SOC_RETARG_DPA_02 > DSP_PROG_AWARE_01 > DSP_RETARG_ABANDON_02,Social Media,SOC_RETARG_DPA_02,Display,DSP_RETARG_ABANDON_02,"[np.str_('Social Media'), np.str_('Display'), np.str_('Display')]","['SOC_RETARG_DPA_02', 'DSP_PROG_AWARE_01', 'DSP_RETARG_ABANDON_02']",0,0.0
USR_01595,1,Display,DSP_PROG_AWARE_01,Display,DSP_PROG_AWARE_01,Display,DSP_PROG_AWARE_01,[np.str_('Display')],['DSP_PROG_AWARE_01'],1,122.62
USR_01596,2,Social Media > Email,SOC_INFLUENCER_BOOST_03 > EML_WINBACK_90D_03,Social Media,SOC_INFLUENCER_BOOST_03,Email,EML_WINBACK_90D_03,"[np.str_('Social Media'), np.str_('Email')]","['SOC_INFLUENCER_BOOST_03', 'EML_WINBACK_90D_03']",0,0.0
USR_01597,2,Organic Search > Social Media,SEO_ORGANIC_DIRECT > SOC_RETARG_DPA_02,Organic Search,SEO_ORGANIC_DIRECT,Social Media,SOC_RETARG_DPA_02,"[np.str_('Organic Search'), np.str_('Social Media')]","['SEO_ORGANIC_DIRECT', 'SOC_RETARG_DPA_02']",0,0.0
USR_01598,1,Display,DSP_RETARG_ABANDON_02,Display,DSP_RETARG_ABANDON_02,Display,DSP_RETARG_ABANDON_02,[np.str_('Display')],['DSP_RETARG_ABANDON_02'],0,0.0
USR_01599,2,Paid Search > Paid Search,SEM_BRAND_01 > SEM_COMPETITOR_03,Paid Search,SEM_BRAND_01,Paid Search,SEM_COMPETITOR_03,"[np.str_('Paid Search'), np.str_('Paid Search')]","['SEM_BRAND_01', 'SEM_COMPETITOR_03']",0,0.0
USR_01600,5,Social Media > Organic Search > Display > Paid Search > Paid Search,SOC_PROSP_LOOKALIKE_01 > SEO_ORGANIC_DIRECT > DSP_RETARG_ABANDON_02 > SEM_BRAND_01 > SEM_COMPETITOR_03,Social Media,SOC_PROSP_LOOKALIKE_01,Paid Search,SEM_COMPETITOR_03,"[np.str_('Social Media'), np.str_('Organic Search'), np.str_('Display'), np.str_('Paid Search'), np.str_('Paid Search')]","['SOC_PROSP_LOOKALIKE_01', 'SEO_ORGANIC_DIRECT', 'DSP_RETARG_ABANDON_02', 'SEM_BRAND_01', 'SEM_COMPETITOR_03']",0,0.0
USR_01601,1,Organic Search,SEO_ORGANIC_DIRECT,Organic Search,SEO_ORGANIC_DIRECT,Organic Search,SEO_ORGANIC_DIRECT,[np.str_('Organic Search')],['SEO_ORGANIC_DIRECT'],0,0.0
USR_01602,4,Social Media > Display > Organic Search > Paid Search,SOC_INFLUENCER_BOOST_03 > DSP_RETARG_ABANDON_02 > SEO_ORGANIC_DIRECT > SEM_GENERIC_PROD_02,Social Media,SOC_INFLUENCER_BOOST_03,Paid Search,SEM_GENERIC_PROD_02,"[np.str_('Social Media'), np.str_('Display'), np.str_('Organic Search'), np.str_('Paid Search')]","['SOC_INFLUENCER_BOOST_03', 'DSP_RETARG_ABANDON_02', 'SEO_ORGANIC_DIRECT', 'SEM_GENERIC_PROD_02']",0,0.0
USR_01603,1,Display,DSP_PROG_AWARE_01,Display,DSP_PROG_AWARE_01,Display,DSP_PROG_AWARE_01,[np.str_('Display')],['DSP_PROG_AWARE_01'],0,0.0
USR_01604,1,Organic Search,SEO_ORGANIC_DIRECT,Organic Search,SEO_ORGANIC_DIRECT,Organic Search,SEO_ORGANIC_DIRECT,[np.str_('Organic Search')],['SEO_ORGANIC_DIRECT'],0,0.0
USR_01605,1,Social Media,SOC_INFLUENCER_BOOST_03,Social Media,SOC_INFLUENCER_BOOST_03,Social Media,SOC_INFLUENCER_BOOST_03,[np.str_('Social Media')],['SOC_INFLUENCER_BOOST_03'],0,0.0
USR_01606,5,Organic Search > Paid Search > Organic Search > Display > Social Media,SEO_ORGANIC_DIRECT > SEM_BRAND_01 > SEO_ORGANIC_DIRECT > DSP_RETARG_ABANDON_02 > SOC_RETARG_DPA_02,Organic Search,SEO_ORGANIC_DIRECT,Social Media,SOC_RETARG_DPA_02,"[np.str_('Organic Search'), np.str_('Paid Search'), np.str_('Organic Search'), np.str_('Display'), np.str_('Social Media')]","['SEO_ORGANIC_DIRECT', 'SEM_BRAND_01', 'SEO_ORGANIC_DIRECT', 'DSP_RETARG_ABANDON_02', 'SOC_RETARG_DPA_02']",1,87.98
USR_01607,1,Social Media,SOC_PROSP_LOOKALIKE_01,Social Media,SOC_PROSP_LOOKALIKE_01,Social Media,SOC_PROSP_LOOKALIKE_01,[np.str_('Social Media')],['SOC_PROSP_LOOKALIKE_01'],0,0.0
USR_01608,2,Display > Social Media,DSP_PROG_AWARE_01 > SOC_PROSP_LOOKALIKE_01,Display,DSP_PROG_AWARE_01,Social Media,SOC_PROSP_LOOKALIKE_01,"[np.str_('Display'), np.str_('Social Media')]","['DSP_PROG_AWARE_01', 'SOC_PROSP_LOOKALIKE_01']",0,0.0
USR_01609,1,Paid Search,SEM_GENERIC_PROD_02,Paid Search,SEM_GENERIC_PROD_02,Paid Search,SEM_GENERIC_PROD_02,[np.str_('Paid Search')],['SEM_GENERIC_PROD_02'],0,0.0
USR_01610,1,Organic Search,SEO_ORGANIC_DIRECT,Organic Search,SEO_ORGANIC_DIRECT,Organic Search,SEO_ORGANIC_DIRECT,[np.str_('Organic Search')],['SEO_ORGANIC_DIRECT'],1,83.6
USR_01611,2,Social Media > Email,SOC_PROSP_LOOKALIKE_01 > EML_WINBACK_90D_03,Social Media,SOC_PROSP_LOOKALIKE_01,Email,EML_WINBACK_90D_03,"[np.str_('Social Media'), np.str_('Email')]","['SOC_PROSP_LOOKALIKE_01', 'EML_WINBACK_90D_03']",0,0.0
USR_01612,5,Display > Social Media > Display > Display > Organic Search,DSP_PROG_AWARE_01 > SOC_PROSP_LOOKALIKE_01 > DSP_PROG_AWARE_01 > DSP_RETARG_ABANDON_02 > SEO_ORGANIC_DIRECT,Display,DSP_PROG_AWARE_01,Organic Search,SEO_ORGANIC_DIRECT,"[np.str_('Display'), np.str_('Social Media'), np.str_('Display'), np.str_('Display'), np.str_('Organic Search')]","['DSP_PROG_AWARE_01', 'SOC_PROSP_LOOKALIKE_01', 'DSP_PROG_AWARE_01', 'DSP_RETARG_ABANDON_02', 'SEO_ORGANIC_DIRECT']",0,0.0
USR_01613,1,Social Media,SOC_INFLUENCER_BOOST_03,Social Media,SOC_INFLUENCER_BOOST_03,Social Media,SOC_INFLUENCER_BOOST_03,[np.str_('Social Media')],['SOC_INFLUENCER_BOOST_03'],0,0.0
USR_01614,1,Social Media,SOC_PROSP_LOOKALIKE_01,Social Media,SOC_PROSP_LOOKALIKE_01,Social Media,SOC_PROSP_LOOKALIKE_01,[np.str_('Social Media')],['SOC_PROSP_LOOKALIKE_01'],0,0.0
USR_01615,1,Social Media,SOC_PROSP_LOOKALIKE_01,Social Media,SOC_PROSP_LOOKALIKE_01,Social Media,SOC_PROSP_LOOKALIKE_01,[np.str_('Social Media')],['SOC_PROSP_LOOKALIKE_01'],0,0.0
USR_01616,1,Paid Search,SEM_BRAND_01,Paid Search,SEM_BRAND_01,Paid Search,SEM_BRAND_01,[np.str_('Paid Search')],['SEM_BRAND_01'],0,0.0
USR_01617,1,Social Media,SOC_PROSP_LOOKALIKE_01,Social Media,SOC_PROSP_LOOKALIKE_01,Social Media,SOC_PROSP_LOOKALIKE_01,[np.str_('Social Media')],['SOC_PROSP_LOOKALIKE_01'],0,0.0
USR_01618,5,Organic Search > Paid Search > Social Media > Social Media > Paid Search,SEO_ORGANIC_DIRECT > SEM_GENERIC_PROD_02 > SOC_RETARG_DPA_02 > SOC_RETARG_DPA_02 > SEM_COMPETITOR_03,Organic Search,SEO_ORGANIC_DIRECT,Paid Search,SEM_COMPETITOR_03,"[np.str_('Organic Search'), np.str_('Paid Search'), np.str_('Social Media'), np.str_('Social Media'), np.str_('Paid Search')]","['SEO_ORGANIC_DIRECT', 'SEM_GENERIC_PROD_02', 'SOC_RETARG_DPA_02', 'SOC_RETARG_DPA_02', 'SEM_COMPETITOR_03']",0,0.0
USR_01619,5,Social Media > Social Media > Social Media > Social Media > Organic Search,SOC_RETARG_DPA_02 > SOC_INFLUENCER_BOOST_03 > SOC_RETARG_DPA_02 > SOC_PROSP_LOOKALIKE_01 > SEO_ORGANIC_DIRECT,Social Media,SOC_RETARG_DPA_02,Organic Search,SEO_ORGANIC_DIRECT,"[np.str_('Social Media'), np.str_('Social Media'), np.str_('Social Media'), np.str_('Social Media'), np.str_('Organic Search')]","['SOC_RETARG_DPA_02', 'SOC_INFLUENCER_BOOST_03', 'SOC_RETARG_DPA_02', 'SOC_PROSP_LOOKALIKE_01', 'SEO_ORGANIC_DIRECT']",0,0.0
USR_01620,1,Social Media,SOC_RETARG_DPA_02,Social Media,SOC_RETARG_DPA_02,Social Media,SOC_RETARG_DPA_02,[np.str_('Social Media')],['SOC_RETARG_DPA_02'],0,0.0
USR_01621,1,Organic Search,SEO_ORGANIC_DIRECT,Organic Search,SEO_ORGANIC_DIRECT,Organic Search,SEO_ORGANIC_DIRECT,[np.str_('Organic Search')],['SEO_ORGANIC_DIRECT'],0,0.0
USR_01622,3,Email > Paid Search > Paid Search,EML_NEWSLETTER_WKLY_01 > SEM_GENERIC_PROD_02 > SEM_GENERIC_PROD_02,Email,EML_NEWSLETTER_WKLY_01,Paid Search,SEM_GENERIC_PROD_02,"[np.str_('Email'), np.str_('Paid Search'), np.str_('Paid Search')]","['EML_NEWSLETTER_WKLY_01', 'SEM_GENERIC_PROD_02', 'SEM_GENERIC_PROD_02']",1,176.98
USR_01623,2,Social Media > Display,SOC_RETARG_DPA_02 > DSP_PROG_AWARE_01,Social Media,SOC_RETARG_DPA_02,Display,DSP_PROG_AWARE_01,"[np.str_('Social Media'), np.str_('Display')]","['SOC_RETARG_DPA_02', 'DSP_PROG_AWARE_01']",0,0.0
USR_01624,3,Display > Email > Organic Search,DSP_PROG_AWARE_01 > EML_WINBACK_90D_03 > SEO_ORGANIC_DIRECT,Display,DSP_PROG_AWARE_01,Organic Search,SEO_ORGANIC_DIRECT,"[np.str_('Display'), np.str_('Email'), np.str_('Organic Search')]","['DSP_PROG_AWARE_01', 'EML_WINBACK_90D_03', 'SEO_ORGANIC_DIRECT']",0,0.0
USR_01625,2,Paid Search > Paid Search,SEM_BRAND_01 > SEM_BRAND_01,Paid Search,SEM_BRAND_01,Paid Search,SEM_BRAND_01,"[np.str_('Paid Search'), np.str_('Paid Search')]","['SEM_BRAND_01', 'SEM_BRAND_01']",0,0.0
USR_01626,5,Social Media > Display > Social Media > Social Media > Display,SOC_RETARG_DPA_02 > DSP_RETARG_ABANDON_02 > SOC_INFLUENCER_BOOST_03 > SOC_PROSP_LOOKALIKE_01 > DSP_RETARG_ABANDON_02,Social Media,SOC_RETARG_DPA_02,Display,DSP_RETARG_ABANDON_02,"[np.str_('Social Media'), np.str_('Display'), np.str_('Social Media'), np.str_('Social Media'), np.str_('Display')]","['SOC_RETARG_DPA_02', 'DSP_RETARG_ABANDON_02', 'SOC_INFLUENCER_BOOST_03', 'SOC_PROSP_LOOKALIKE_01', 'DSP_RETARG_ABANDON_02']",0,0.0
USR_01627,2,Social Media > Paid Search,SOC_RETARG_DPA_02 > SEM_BRAND_01,Social Media,SOC_RETARG_DPA_02,Paid Search,SEM_BRAND_01,"[np.str_('Social Media'), np.str_('Paid Search')]","['SOC_RETARG_DPA_02', 'SEM_BRAND_01']",0,0.0
USR_01628,4,Paid Search > Social Media > Email > Email,SEM_GENERIC_PROD_02 > SOC_INFLUENCER_BOOST_03 > EML_NEWSLETTER_WKLY_01 > EML_ABANDONED_CART_02,Paid Search,SEM_GENERIC_PROD_02,Email,EML_ABANDONED_CART_02,"[np.str_('Paid Search'), np.str_('Social Media'), np.str_('Email'), np.str_('Email')]","['SEM_GENERIC_PROD_02', 'SOC_INFLUENCER_BOOST_03', 'EML_NEWSLETTER_WKLY_01', 'EML_ABANDONED_CART_02']",0,0.0
USR_01629,1,Social Media,SOC_RETARG_DPA_02,Social Media,SOC_RETARG_DPA_02,Social Media,SOC_RETARG_DPA_02,[np.str_('Social Media')],['SOC_RETARG_DPA_02'],1,124.0
USR_01630,1,Display,DSP_PROG_AWARE_01,Display,DSP_PROG_AWARE_01,Display,DSP_PROG_AWARE_01,[np.str_('Display')],['DSP_PROG_AWARE_01'],0,0.0
USR_01631,1,Social Media,SOC_INFLUENCER_BOOST_03,Social Media,SOC_INFLUENCER_BOOST_03,Social Media,SOC_INFLUENCER_BOOST_03,[np.str_('Social Media')],['SOC_INFLUENCER_BOOST_03'],0,0.0
USR_01632,1,Social Media,SOC_PROSP_LOOKALIKE_01,Social Media,SOC_PROSP_LOOKALIKE_01,Social Media,SOC_PROSP_LOOKALIKE_01,[np.str_('Social Media')],['SOC_PROSP_LOOKALIKE_01'],0,0.0
USR_01633,1,Social Media,SOC_INFLUENCER_BOOST_03,Social Media,SOC_INFLUENCER_BOOST_03,Social Media,SOC_INFLUENCER_BOOST_03,[np.str_('Social Media')],['SOC_INFLUENCER_BOOST_03'],0,0.0
USR_01634,1,Social Media,SOC_INFLUENCER_BOOST_03,Social Media,SOC_INFLUENCER_BOOST_03,Social Media,SOC_INFLUENCER_BOOST_03,[np.str_('Social Media')],['SOC_INFLUENCER_BOOST_03'],0,0.0
USR_01635,1,Display,DSP_PROG_AWARE_01,Display,DSP_PROG_AWARE_01,Display,DSP_PROG_AWARE_01,[np.str_('Display')],['DSP_PROG_AWARE_01'],0,0.0
USR_01636,1,Organic Search,SEO_ORGANIC_DIRECT,Organic Search,SEO_ORGANIC_DIRECT,Organic Search,SEO_ORGANIC_DIRECT,[np.str_('Organic Search')],['SEO_ORGANIC_DIRECT'],0,0.0
USR_01637,5,Social Media > Paid Search > Social Media > Paid Search > Email,SOC_RETARG_DPA_02 > SEM_COMPETITOR_03 > SOC_RETARG_DPA_02 > SEM_GENERIC_PROD_02 > EML_NEWSLETTER_WKLY_01,Social Media,SOC_RETARG_DPA_02,Email,EML_NEWSLETTER_WKLY_01,"[np.str_('Social Media'), np.str_('Paid Search'), np.str_('Social Media'), np.str_('Paid Search'), np.str_('Email')]","['SOC_RETARG_DPA_02', 'SEM_COMPETITOR_03', 'SOC_RETARG_DPA_02', 'SEM_GENERIC_PROD_02', 'EML_NEWSLETTER_WKLY_01']",0,0.0
USR_01638,3,Organic Search > Social Media > Social Media,SEO_ORGANIC_DIRECT > SOC_INFLUENCER_BOOST_03 > SOC_INFLUENCER_BOOST_03,Organic Search,SEO_ORGANIC_DIRECT,Social Media,SOC_INFLUENCER_BOOST_03,"[np.str_('Organic Search'), np.str_('Social Media'), np.str_('Social Media')]","['SEO_ORGANIC_DIRECT', 'SOC_INFLUENCER_BOOST_03', 'SOC_INFLUENCER_BOOST_03']",0,0.0
USR_01639,1,Social Media,SOC_PROSP_LOOKALIKE_01,Social Media,SOC_PROSP_LOOKALIKE_01,Social Media,SOC_PROSP_LOOKALIKE_01,[np.str_('Social Media')],['SOC_PROSP_LOOKALIKE_01'],0,0.0
USR_01640,1,Social Media,SOC_RETARG_DPA_02,Social Media,SOC_RETARG_DPA_02,Social Media,SOC_RETARG_DPA_02,[np.str_('Social Media')],['SOC_RETARG_DPA_02'],0,0.0
USR_01641,2,Social Media > Paid Search,SOC_RETARG_DPA_02 > SEM_BRAND_01,Social Media,SOC_RETARG_DPA_02,Paid Search,SEM_BRAND_01,"[np.str_('Social Media'), np.str_('Paid Search')]","['SOC_RETARG_DPA_02', 'SEM_BRAND_01']",0,0.0
USR_01642,1,Social Media,SOC_RETARG_DPA_02,Social Media,SOC_RETARG_DPA_02,Social Media,SOC_RETARG_DPA_02,[np.str_('Social Media')],['SOC_RETARG_DPA_02'],0,0.0
USR_01643,2,Display > Paid Search,DSP_RETARG_ABANDON_02 > SEM_BRAND_01,Display,DSP_RETARG_ABANDON_02,Paid Search,SEM_BRAND_01,"[np.str_('Display'), np.str_('Paid Search')]","['DSP_RETARG_ABANDON_02', 'SEM_BRAND_01']",0,0.0
USR_01644,1,Social Media,SOC_PROSP_LOOKALIKE_01,Social Media,SOC_PROSP_LOOKALIKE_01,Social Media,SOC_PROSP_LOOKALIKE_01,[np.str_('Social Media')],['SOC_PROSP_LOOKALIKE_01'],0,0.0
USR_01645,2,Social Media > Social Media,SOC_RETARG_DPA_02 > SOC_RETARG_DPA_02,Social Media,SOC_RETARG_DPA_02,Social Media,SOC_RETARG_DPA_02,"[np.str_('Social Media'), np.str_('Social Media')]","['SOC_RETARG_DPA_02', 'SOC_RETARG_DPA_02']",0,0.0
USR_01646,5,Social Media > Paid Search > Display > Social Media > Social Media,SOC_INFLUENCER_BOOST_03 > SEM_BRAND_01 > DSP_PROG_AWARE_01 > SOC_PROSP_LOOKALIKE_01 > SOC_RETARG_DPA_02,Social Media,SOC_INFLUENCER_BOOST_03,Social Media,SOC_RETARG_DPA_02,"[np.str_('Social Media'), np.str_('Paid Search'), np.str_('Display'), np.str_('Social Media'), np.str_('Social Media')]","['SOC_INFLUENCER_BOOST_03', 'SEM_BRAND_01', 'DSP_PROG_AWARE_01', 'SOC_PROSP_LOOKALIKE_01', 'SOC_RETARG_DPA_02']",0,0.0
USR_01647,4,Paid Search > Paid Search > Social Media > Social Media,SEM_BRAND_01 > SEM_GENERIC_PROD_02 > SOC_INFLUENCER_BOOST_03 > SOC_RETARG_DPA_02,Paid Search,SEM_BRAND_01,Social Media,SOC_RETARG_DPA_02,"[np.str_('Paid Search'), np.str_('Paid Search'), np.str_('Social Media'), np.str_('Social Media')]","['SEM_BRAND_01', 'SEM_GENERIC_PROD_02', 'SOC_INFLUENCER_BOOST_03', 'SOC_RETARG_DPA_02']",0,0.0
USR_01648,2,Paid Search > Social Media,SEM_BRAND_01 > SOC_RETARG_DPA_02,Paid Search,SEM_BRAND_01,Social Media,SOC_RETARG_DPA_02,"[np.str_('Paid Search'), np.str_('Social Media')]","['SEM_BRAND_01', 'SOC_RETARG_DPA_02']",0,0.0
USR_01649,2,Email > Display,EML_WINBACK_90D_03 > DSP_PROG_AWARE_01,Email,EML_WINBACK_90D_03,Display,DSP_PROG_AWARE_01,"[np.str_('Email'), np.str_('Display')]","['EML_WINBACK_90D_03', 'DSP_PROG_AWARE_01']",0,0.0
USR_01650,2,Social Media > Display,SOC_PROSP_LOOKALIKE_01 > DSP_RETARG_ABANDON_02,Social Media,SOC_PROSP_LOOKALIKE_01,Display,DSP_RETARG_ABANDON_02,"[np.str_('Social Media'), np.str_('Display')]","['SOC_PROSP_LOOKALIKE_01', 'DSP_RETARG_ABANDON_02']",0,0.0
USR_01651,3,Social Media > Organic Search > Display,SOC_RETARG_DPA_02 > SEO_ORGANIC_DIRECT > DSP_PROG_AWARE_01,Social Media,SOC_RETARG_DPA_02,Display,DSP_PROG_AWARE_01,"[np.str_('Social Media'), np.str_('Organic Search'), np.str_('Display')]","['SOC_RETARG_DPA_02', 'SEO_ORGANIC_DIRECT', 'DSP_PROG_AWARE_01']",1,60.79
USR_01652,2,Social Media > Organic Search,SOC_INFLUENCER_BOOST_03 > SEO_ORGANIC_DIRECT,Social Media,SOC_INFLUENCER_BOOST_03,Organic Search,SEO_ORGANIC_DIRECT,"[np.str_('Social Media'), np.str_('Organic Search')]","['SOC_INFLUENCER_BOOST_03', 'SEO_ORGANIC_DIRECT']",0,0.0
USR_01653,2,Paid Search > Paid Search,SEM_BRAND_01 > SEM_BRAND_01,Paid Search,SEM_BRAND_01,Paid Search,SEM_BRAND_01,"[np.str_('Paid Search'), np.str_('Paid Search')]","['SEM_BRAND_01', 'SEM_BRAND_01']",0,0.0
USR_01654,4,Social Media > Email > Social Media > Email,SOC_RETARG_DPA_02 > EML_ABANDONED_CART_02 > SOC_RETARG_DPA_02 > EML_ABANDONED_CART_02,Social Media,SOC_RETARG_DPA_02,Email,EML_ABANDONED_CART_02,"[np.str_('Social Media'), np.str_('Email'), np.str_('Social Media'), np.str_('Email')]","['SOC_RETARG_DPA_02', 'EML_ABANDONED_CART_02', 'SOC_RETARG_DPA_02', 'EML_ABANDONED_CART_02']",0,0.0
USR_01655,1,Social Media,SOC_RETARG_DPA_02,Social Media,SOC_RETARG_DPA_02,Social Media,SOC_RETARG_DPA_02,[np.str_('Social Media')],['SOC_RETARG_DPA_02'],0,0.0
USR_01656,3,Display > Email > Paid Search,DSP_PROG_AWARE_01 > EML_WINBACK_90D_03 > SEM_COMPETITOR_03,Display,DSP_PROG_AWARE_01,Paid Search,SEM_COMPETITOR_03,"[np.str_('Display'), np.str_('Email'), np.str_('Paid Search')]","['DSP_PROG_AWARE_01', 'EML_WINBACK_90D_03', 'SEM_COMPETITOR_03']",0,0.0
USR_01657,3,Display > Social Media > Email,DSP_RETARG_ABANDON_02 > SOC_PROSP_LOOKALIKE_01 > EML_WINBACK_90D_03,Display,DSP_RETARG_ABANDON_02,Email,EML_WINBACK_90D_03,"[np.str_('Display'), np.str_('Social Media'), np.str_('Email')]","['DSP_RETARG_ABANDON_02', 'SOC_PROSP_LOOKALIKE_01', 'EML_WINBACK_90D_03']",0,0.0
USR_01658,1,Organic Search,SEO_ORGANIC_DIRECT,Organic Search,SEO_ORGANIC_DIRECT,Organic Search,SEO_ORGANIC_DIRECT,[np.str_('Organic Search')],['SEO_ORGANIC_DIRECT'],0,0.0
USR_01659,3,Display > Paid Search > Paid Search,DSP_RETARG_ABANDON_02 > SEM_GENERIC_PROD_02 > SEM_BRAND_01,Display,DSP_RETARG_ABANDON_02,Paid Search,SEM_BRAND_01,"[np.str_('Display'), np.str_('Paid Search'), np.str_('Paid Search')]","['DSP_RETARG_ABANDON_02', 'SEM_GENERIC_PROD_02', 'SEM_BRAND_01']",0,0.0
USR_01660,1,Paid Search,SEM_BRAND_01,Paid Search,SEM_BRAND_01,Paid Search,SEM_BRAND_01,[np.str_('Paid Search')],['SEM_BRAND_01'],0,0.0
USR_01661,1,Paid Search,SEM_COMPETITOR_03,Paid Search,SEM_COMPETITOR_03,Paid Search,SEM_COMPETITOR_03,[np.str_('Paid Search')],['SEM_COMPETITOR_03'],1,148.56
USR_01662,3,Social Media > Paid Search > Social Media,SOC_INFLUENCER_BOOST_03 > SEM_COMPETITOR_03 > SOC_RETARG_DPA_02,Social Media,SOC_INFLUENCER_BOOST_03,Social Media,SOC_RETARG_DPA_02,"[np.str_('Social Media'), np.str_('Paid Search'), np.str_('Social Media')]","['SOC_INFLUENCER_BOOST_03', 'SEM_COMPETITOR_03', 'SOC_RETARG_DPA_02']",0,0.0
USR_01663,3,Social Media > Social Media > Email,SOC_RETARG_DPA_02 > SOC_INFLUENCER_BOOST_03 > EML_WINBACK_90D_03,Social Media,SOC_RETARG_DPA_02,Email,EML_WINBACK_90D_03,"[np.str_('Social Media'), np.str_('Social Media'), np.str_('Email')]","['SOC_RETARG_DPA_02', 'SOC_INFLUENCER_BOOST_03', 'EML_WINBACK_90D_03']",1,96.81
USR_01664,3,Display > Paid Search > Social Media,DSP_RETARG_ABANDON_02 > SEM_BRAND_01 > SOC_INFLUENCER_BOOST_03,Display,DSP_RETARG_ABANDON_02,Social Media,SOC_INFLUENCER_BOOST_03,"[np.str_('Display'), np.str_('Paid Search'), np.str_('Social Media')]","['DSP_RETARG_ABANDON_02', 'SEM_BRAND_01', 'SOC_INFLUENCER_BOOST_03']",0,0.0
USR_01665,1,Social Media,SOC_INFLUENCER_BOOST_03,Social Media,SOC_INFLUENCER_BOOST_03,Social Media,SOC_INFLUENCER_BOOST_03,[np.str_('Social Media')],['SOC_INFLUENCER_BOOST_03'],0,0.0
USR_01666,2,Organic Search > Paid Search,SEO_ORGANIC_DIRECT > SEM_COMPETITOR_03,Organic Search,SEO_ORGANIC_DIRECT,Paid Search,SEM_COMPETITOR_03,"[np.str_('Organic Search'), np.str_('Paid Search')]","['SEO_ORGANIC_DIRECT', 'SEM_COMPETITOR_03']",0,0.0
USR_01667,1,Organic Search,SEO_ORGANIC_DIRECT,Organic Search,SEO_ORGANIC_DIRECT,Organic Search,SEO_ORGANIC_DIRECT,[np.str_('Organic Search')],['SEO_ORGANIC_DIRECT'],0,0.0
USR_01668,4,Display > Paid Search > Paid Search > Organic Search,DSP_RETARG_ABANDON_02 > SEM_GENERIC_PROD_02 > SEM_BRAND_01 > SEO_ORGANIC_DIRECT,Display,DSP_RETARG_ABANDON_02,Organic Search,SEO_ORGANIC_DIRECT,"[np.str_('Display'), np.str_('Paid Search'), np.str_('Paid Search'), np.str_('Organic Search')]","['DSP_RETARG_ABANDON_02', 'SEM_GENERIC_PROD_02', 'SEM_BRAND_01', 'SEO_ORGANIC_DIRECT']",1,120.05
USR_01669,5,Social Media > Email > Paid Search > Email > Social Media,SOC_PROSP_LOOKALIKE_01 > EML_WINBACK_90D_03 > SEM_BRAND_01 > EML_ABANDONED_CART_02 > SOC_RETARG_DPA_02,Social Media,SOC_PROSP_LOOKALIKE_01,Social Media,SOC_RETARG_DPA_02,"[np.str_('Social Media'), np.str_('Email'), np.str_('Paid Search'), np.str_('Email'), np.str_('Social Media')]","['SOC_PROSP_LOOKALIKE_01', 'EML_WINBACK_90D_03', 'SEM_BRAND_01', 'EML_ABANDONED_CART_02', 'SOC_RETARG_DPA_02']",0,0.0
USR_01670,3,Social Media > Paid Search > Paid Search,SOC_RETARG_DPA_02 > SEM_COMPETITOR_03 > SEM_COMPETITOR_03,Social Media,SOC_RETARG_DPA_02,Paid Search,SEM_COMPETITOR_03,"[np.str_('Social Media'), np.str_('Paid Search'), np.str_('Paid Search')]","['SOC_RETARG_DPA_02', 'SEM_COMPETITOR_03', 'SEM_COMPETITOR_03']",0,0.0
USR_01671,1,Organic Search,SEO_ORGANIC_DIRECT,Organic Search,SEO_ORGANIC_DIRECT,Organic Search,SEO_ORGANIC_DIRECT,[np.str_('Organic Search')],['SEO_ORGANIC_DIRECT'],0,0.0
USR_01672,1,Display,DSP_RETARG_ABANDON_02,Display,DSP_RETARG_ABANDON_02,Display,DSP_RETARG_ABANDON_02,[np.str_('Display')],['DSP_RETARG_ABANDON_02'],1,106.3
USR_01673,5,Paid Search > Display > Organic Search > Paid Search > Paid Search,SEM_GENERIC_PROD_02 > DSP_PROG_AWARE_01 > SEO_ORGANIC_DIRECT > SEM_BRAND_01 > SEM_BRAND_01,Paid Search,SEM_GENERIC_PROD_02,Paid Search,SEM_BRAND_01,"[np.str_('Paid Search'), np.str_('Display'), np.str_('Organic Search'), np.str_('Paid Search'), np.str_('Paid Search')]","['SEM_GENERIC_PROD_02', 'DSP_PROG_AWARE_01', 'SEO_ORGANIC_DIRECT', 'SEM_BRAND_01', 'SEM_BRAND_01']",0,0.0
USR_01674,2,Social Media > Organic Search,SOC_INFLUENCER_BOOST_03 > SEO_ORGANIC_DIRECT,Social Media,SOC_INFLUENCER_BOOST_03,Organic Search,SEO_ORGANIC_DIRECT,"[np.str_('Social Media'), np.str_('Organic Search')]","['SOC_INFLUENCER_BOOST_03', 'SEO_ORGANIC_DIRECT']",0,0.0
USR_01675,2,Email > Paid Search,EML_NEWSLETTER_WKLY_01 > SEM_COMPETITOR_03,Email,EML_NEWSLETTER_WKLY_01,Paid Search,SEM_COMPETITOR_03,"[np.str_('Email'), np.str_('Paid Search')]","['EML_NEWSLETTER_WKLY_01', 'SEM_COMPETITOR_03']",0,0.0
USR_01676,4,Organic Search > Display > Organic Search > Paid Search,SEO_ORGANIC_DIRECT > DSP_RETARG_ABANDON_02 > SEO_ORGANIC_DIRECT > SEM_COMPETITOR_03,Organic Search,SEO_ORGANIC_DIRECT,Paid Search,SEM_COMPETITOR_03,"[np.str_('Organic Search'), np.str_('Display'), np.str_('Organic Search'), np.str_('Paid Search')]","['SEO_ORGANIC_DIRECT', 'DSP_RETARG_ABANDON_02', 'SEO_ORGANIC_DIRECT', 'SEM_COMPETITOR_03']",0,0.0
USR_01677,4,Email > Social Media > Display > Social Media,EML_WINBACK_90D_03 > SOC_PROSP_LOOKALIKE_01 > DSP_PROG_AWARE_01 > SOC_RETARG_DPA_02,Email,EML_WINBACK_90D_03,Social Media,SOC_RETARG_DPA_02,"[np.str_('Email'), np.str_('Social Media'), np.str_('Display'), np.str_('Social Media')]","['EML_WINBACK_90D_03', 'SOC_PROSP_LOOKALIKE_01', 'DSP_PROG_AWARE_01', 'SOC_RETARG_DPA_02']",0,0.0
USR_01678,1,Social Media,SOC_RETARG_DPA_02,Social Media,SOC_RETARG_DPA_02,Social Media,SOC_RETARG_DPA_02,[np.str_('Social Media')],['SOC_RETARG_DPA_02'],0,0.0
USR_01679,4,Display > Social Media > Social Media > Paid Search,DSP_RETARG_ABANDON_02 > SOC_PROSP_LOOKALIKE_01 > SOC_INFLUENCER_BOOST_03 > SEM_BRAND_01,Display,DSP_RETARG_ABANDON_02,Paid Search,SEM_BRAND_01,"[np.str_('Display'), np.str_('Social Media'), np.str_('Social Media'), np.str_('Paid Search')]","['DSP_RETARG_ABANDON_02', 'SOC_PROSP_LOOKALIKE_01', 'SOC_INFLUENCER_BOOST_03', 'SEM_BRAND_01']",1,80.44
USR_01680,2,Social Media > Email,SOC_INFLUENCER_BOOST_03 > EML_NEWSLETTER_WKLY_01,Social Media,SOC_INFLUENCER_BOOST_03,Email,EML_NEWSLETTER_WKLY_01,"[np.str_('Social Media'), np.str_('Email')]","['SOC_INFLUENCER_BOOST_03', 'EML_NEWSLETTER_WKLY_01']",1,94.82
USR_01681,5,Social Media > Organic Search > Display > Display > Social Media,SOC_PROSP_LOOKALIKE_01 > SEO_ORGANIC_DIRECT > DSP_RETARG_ABANDON_02 > DSP_PROG_AWARE_01 > SOC_PROSP_LOOKALIKE_01,Social Media,SOC_PROSP_LOOKALIKE_01,Social Media,SOC_PROSP_LOOKALIKE_01,"[np.str_('Social Media'), np.str_('Organic Search'), np.str_('Display'), np.str_('Display'), np.str_('Social Media')]","['SOC_PROSP_LOOKALIKE_01', 'SEO_ORGANIC_DIRECT', 'DSP_RETARG_ABANDON_02', 'DSP_PROG_AWARE_01', 'SOC_PROSP_LOOKALIKE_01']",0,0.0
USR_01682,4,Paid Search > Display > Organic Search > Paid Search,SEM_GENERIC_PROD_02 > DSP_RETARG_ABANDON_02 > SEO_ORGANIC_DIRECT > SEM_COMPETITOR_03,Paid Search,SEM_GENERIC_PROD_02,Paid Search,SEM_COMPETITOR_03,"[np.str_('Paid Search'), np.str_('Display'), np.str_('Organic Search'), np.str_('Paid Search')]","['SEM_GENERIC_PROD_02', 'DSP_RETARG_ABANDON_02', 'SEO_ORGANIC_DIRECT', 'SEM_COMPETITOR_03']",1,110.06
USR_01683,4,Social Media > Social Media > Organic Search > Social Media,SOC_INFLUENCER_BOOST_03 > SOC_INFLUENCER_BOOST_03 > SEO_ORGANIC_DIRECT > SOC_RETARG_DPA_02,Social Media,SOC_INFLUENCER_BOOST_03,Social Media,SOC_RETARG_DPA_02,"[np.str_('Social Media'), np.str_('Social Media'), np.str_('Organic Search'), np.str_('Social Media')]","['SOC_INFLUENCER_BOOST_03', 'SOC_INFLUENCER_BOOST_03', 'SEO_ORGANIC_DIRECT', 'SOC_RETARG_DPA_02']",0,0.0
USR_01684,1,Social Media,SOC_INFLUENCER_BOOST_03,Social Media,SOC_INFLUENCER_BOOST_03,Social Media,SOC_INFLUENCER_BOOST_03,[np.str_('Social Media')],['SOC_INFLUENCER_BOOST_03'],0,0.0
USR_01685,1,Organic Search,SEO_ORGANIC_DIRECT,Organic Search,SEO_ORGANIC_DIRECT,Organic Search,SEO_ORGANIC_DIRECT,[np.str_('Organic Search')],['SEO_ORGANIC_DIRECT'],0,0.0
USR_01686,2,Organic Search > Paid Search,SEO_ORGANIC_DIRECT > SEM_GENERIC_PROD_02,Organic Search,SEO_ORGANIC_DIRECT,Paid Search,SEM_GENERIC_PROD_02,"[np.str_('Organic Search'), np.str_('Paid Search')]","['SEO_ORGANIC_DIRECT', 'SEM_GENERIC_PROD_02']",0,0.0
USR_01687,2,Social Media > Organic Search,SOC_RETARG_DPA_02 > SEO_ORGANIC_DIRECT,Social Media,SOC_RETARG_DPA_02,Organic Search,SEO_ORGANIC_DIRECT,"[np.str_('Social Media'), np.str_('Organic Search')]","['SOC_RETARG_DPA_02', 'SEO_ORGANIC_DIRECT']",0,0.0
USR_01688,4,Display > Display > Social Media > Paid Search,DSP_PROG_AWARE_01 > DSP_RETARG_ABANDON_02 > SOC_PROSP_LOOKALIKE_01 > SEM_GENERIC_PROD_02,Display,DSP_PROG_AWARE_01,Paid Search,SEM_GENERIC_PROD_02,"[np.str_('Display'), np.str_('Display'), np.str_('Social Media'), np.str_('Paid Search')]","['DSP_PROG_AWARE_01', 'DSP_RETARG_ABANDON_02', 'SOC_PROSP_LOOKALIKE_01', 'SEM_GENERIC_PROD_02']",0,0.0
USR_01689,3,Paid Search > Paid Search > Social Media,SEM_COMPETITOR_03 > SEM_COMPETITOR_03 > SOC_PROSP_LOOKALIKE_01,Paid Search,SEM_COMPETITOR_03,Social Media,SOC_PROSP_LOOKALIKE_01,"[np.str_('Paid Search'), np.str_('Paid Search'), np.str_('Social Media')]","['SEM_COMPETITOR_03', 'SEM_COMPETITOR_03', 'SOC_PROSP_LOOKALIKE_01']",0,0.0
USR_01690,1,Display,DSP_RETARG_ABANDON_02,Display,DSP_RETARG_ABANDON_02,Display,DSP_RETARG_ABANDON_02,[np.str_('Display')],['DSP_RETARG_ABANDON_02'],0,0.0
USR_01691,1,Paid Search,SEM_BRAND_01,Paid Search,SEM_BRAND_01,Paid Search,SEM_BRAND_01,[np.str_('Paid Search')],['SEM_BRAND_01'],0,0.0
USR_01692,1,Organic Search,SEO_ORGANIC_DIRECT,Organic Search,SEO_ORGANIC_DIRECT,Organic Search,SEO_ORGANIC_DIRECT,[np.str_('Organic Search')],['SEO_ORGANIC_DIRECT'],0,0.0
USR_01693,2,Display > Paid Search,DSP_PROG_AWARE_01 > SEM_GENERIC_PROD_02,Display,DSP_PROG_AWARE_01,Paid Search,SEM_GENERIC_PROD_02,"[np.str_('Display'), np.str_('Paid Search')]","['DSP_PROG_AWARE_01', 'SEM_GENERIC_PROD_02']",0,0.0
USR_01694,1,Display,DSP_PROG_AWARE_01,Display,DSP_PROG_AWARE_01,Display,DSP_PROG_AWARE_01,[np.str_('Display')],['DSP_PROG_AWARE_01'],0,0.0
USR_01695,1,Organic Search,SEO_ORGANIC_DIRECT,Organic Search,SEO_ORGANIC_DIRECT,Organic Search,SEO_ORGANIC_DIRECT,[np.str_('Organic Search')],['SEO_ORGANIC_DIRECT'],0,0.0
USR_01696,2,Organic Search > Organic Search,SEO_ORGANIC_DIRECT > SEO_ORGANIC_DIRECT,Organic Search,SEO_ORGANIC_DIRECT,Organic Search,SEO_ORGANIC_DIRECT,"[np.str_('Organic Search'), np.str_('Organic Search')]","['SEO_ORGANIC_DIRECT', 'SEO_ORGANIC_DIRECT']",0,0.0
USR_01697,1,Display,DSP_PROG_AWARE_01,Display,DSP_PROG_AWARE_01,Display,DSP_PROG_AWARE_01,[np.str_('Display')],['DSP_PROG_AWARE_01'],0,0.0
USR_01698,1,Social Media,SOC_INFLUENCER_BOOST_03,Social Media,SOC_INFLUENCER_BOOST_03,Social Media,SOC_INFLUENCER_BOOST_03,[np.str_('Social Media')],['SOC_INFLUENCER_BOOST_03'],0,0.0
USR_01699,4,Social Media > Organic Search > Social Media > Paid Search,SOC_RETARG_DPA_02 > SEO_ORGANIC_DIRECT > SOC_PROSP_LOOKALIKE_01 > SEM_COMPETITOR_03,Social Media,SOC_RETARG_DPA_02,Paid Search,SEM_COMPETITOR_03,"[np.str_('Social Media'), np.str_('Organic Search'), np.str_('Social Media'), np.str_('Paid Search')]","['SOC_RETARG_DPA_02', 'SEO_ORGANIC_DIRECT', 'SOC_PROSP_LOOKALIKE_01', 'SEM_COMPETITOR_03']",0,0.0
USR_01700,1,Social Media,SOC_RETARG_DPA_02,Social Media,SOC_RETARG_DPA_02,Social Media,SOC_RETARG_DPA_02,[np.str_('Social Media')],['SOC_RETARG_DPA_02'],0,0.0
USR_01701,2,Display > Email,DSP_RETARG_ABANDON_02 > EML_NEWSLETTER_WKLY_01,Display,DSP_RETARG_ABANDON_02,Email,EML_NEWSLETTER_WKLY_01,"[np.str_('Display'), np.str_('Email')]","['DSP_RETARG_ABANDON_02', 'EML_NEWSLETTER_WKLY_01']",0,0.0
USR_01702,5,Paid Search > Display > Email > Display > Display,SEM_COMPETITOR_03 > DSP_PROG_AWARE_01 > EML_WINBACK_90D_03 > DSP_RETARG_ABANDON_02 > DSP_PROG_AWARE_01,Paid Search,SEM_COMPETITOR_03,Display,DSP_PROG_AWARE_01,"[np.str_('Paid Search'), np.str_('Display'), np.str_('Email'), np.str_('Display'), np.str_('Display')]","['SEM_COMPETITOR_03', 'DSP_PROG_AWARE_01', 'EML_WINBACK_90D_03', 'DSP_RETARG_ABANDON_02', 'DSP_PROG_AWARE_01']",1,86.37
USR_01703,1,Display,DSP_PROG_AWARE_01,Display,DSP_PROG_AWARE_01,Display,DSP_PROG_AWARE_01,[np.str_('Display')],['DSP_PROG_AWARE_01'],0,0.0
USR_01704,3,Social Media > Display > Display,SOC_RETARG_DPA_02 > DSP_PROG_AWARE_01 > DSP_PROG_AWARE_01,Social Media,SOC_RETARG_DPA_02,Display,DSP_PROG_AWARE_01,"[np.str_('Social Media'), np.str_('Display'), np.str_('Display')]","['SOC_RETARG_DPA_02', 'DSP_PROG_AWARE_01', 'DSP_PROG_AWARE_01']",0,0.0
USR_01705,1,Organic Search,SEO_ORGANIC_DIRECT,Organic Search,SEO_ORGANIC_DIRECT,Organic Search,SEO_ORGANIC_DIRECT,[np.str_('Organic Search')],['SEO_ORGANIC_DIRECT'],0,0.0
USR_01706,1,Social Media,SOC_INFLUENCER_BOOST_03,Social Media,SOC_INFLUENCER_BOOST_03,Social Media,SOC_INFLUENCER_BOOST_03,[np.str_('Social Media')],['SOC_INFLUENCER_BOOST_03'],0,0.0
USR_01707,5,Social Media > Display > Display > Display > Social Media,SOC_PROSP_LOOKALIKE_01 > DSP_RETARG_ABANDON_02 > DSP_PROG_AWARE_01 > DSP_PROG_AWARE_01 > SOC_RETARG_DPA_02,Social Media,SOC_PROSP_LOOKALIKE_01,Social Media,SOC_RETARG_DPA_02,"[np.str_('Social Media'), np.str_('Display'), np.str_('Display'), np.str_('Display'), np.str_('Social Media')]","['SOC_PROSP_LOOKALIKE_01', 'DSP_RETARG_ABANDON_02', 'DSP_PROG_AWARE_01', 'DSP_PROG_AWARE_01', 'SOC_RETARG_DPA_02']",1,126.24
USR_01708,1,Display,DSP_PROG_AWARE_01,Display,DSP_PROG_AWARE_01,Display,DSP_PROG_AWARE_01,[np.str_('Display')],['DSP_PROG_AWARE_01'],0,0.0
USR_01709,5,Organic Search > Email > Paid Search > Email > Organic Search,SEO_ORGANIC_DIRECT > EML_ABANDONED_CART_02 > SEM_BRAND_01 > EML_NEWSLETTER_WKLY_01 > SEO_ORGANIC_DIRECT,Organic Search,SEO_ORGANIC_DIRECT,Organic Search,SEO_ORGANIC_DIRECT,"[np.str_('Organic Search'), np.str_('Email'), np.str_('Paid Search'), np.str_('Email'), np.str_('Organic Search')]","['SEO_ORGANIC_DIRECT', 'EML_ABANDONED_CART_02', 'SEM_BRAND_01', 'EML_NEWSLETTER_WKLY_01', 'SEO_ORGANIC_DIRECT']",1,108.65
USR_01710,1,Paid Search,SEM_COMPETITOR_03,Paid Search,SEM_COMPETITOR_03,Paid Search,SEM_COMPETITOR_03,[np.str_('Paid Search')],['SEM_COMPETITOR_03'],0,0.0
USR_01711,4,Display > Paid Search > Social Media > Paid Search,DSP_PROG_AWARE_01 > SEM_COMPETITOR_03 > SOC_PROSP_LOOKALIKE_01 > SEM_COMPETITOR_03,Display,DSP_PROG_AWARE_01,Paid Search,SEM_COMPETITOR_03,"[np.str_('Display'), np.str_('Paid Search'), np.str_('Social Media'), np.str_('Paid Search')]","['DSP_PROG_AWARE_01', 'SEM_COMPETITOR_03', 'SOC_PROSP_LOOKALIKE_01', 'SEM_COMPETITOR_03']",0,0.0
USR_01712,2,Organic Search > Social Media,SEO_ORGANIC_DIRECT > SOC_INFLUENCER_BOOST_03,Organic Search,SEO_ORGANIC_DIRECT,Social Media,SOC_INFLUENCER_BOOST_03,"[np.str_('Organic Search'), np.str_('Social Media')]","['SEO_ORGANIC_DIRECT', 'SOC_INFLUENCER_BOOST_03']",0,0.0
USR_01713,3,Organic Search > Organic Search > Paid Search,SEO_ORGANIC_DIRECT > SEO_ORGANIC_DIRECT > SEM_BRAND_01,Organic Search,SEO_ORGANIC_DIRECT,Paid Search,SEM_BRAND_01,"[np.str_('Organic Search'), np.str_('Organic Search'), np.str_('Paid Search')]","['SEO_ORGANIC_DIRECT', 'SEO_ORGANIC_DIRECT', 'SEM_BRAND_01']",0,0.0
USR_01714,2,Display > Display,DSP_PROG_AWARE_01 > DSP_RETARG_ABANDON_02,Display,DSP_PROG_AWARE_01,Display,DSP_RETARG_ABANDON_02,"[np.str_('Display'), np.str_('Display')]","['DSP_PROG_AWARE_01', 'DSP_RETARG_ABANDON_02']",0,0.0
USR_01715,5,Display > Display > Email > Display > Email,DSP_RETARG_ABANDON_02 > DSP_RETARG_ABANDON_02 > EML_WINBACK_90D_03 > DSP_PROG_AWARE_01 > EML_WINBACK_90D_03,Display,DSP_RETARG_ABANDON_02,Email,EML_WINBACK_90D_03,"[np.str_('Display'), np.str_('Display'), np.str_('Email'), np.str_('Display'), np.str_('Email')]","['DSP_RETARG_ABANDON_02', 'DSP_RETARG_ABANDON_02', 'EML_WINBACK_90D_03', 'DSP_PROG_AWARE_01', 'EML_WINBACK_90D_03']",0,0.0
USR_01716,1,Display,DSP_PROG_AWARE_01,Display,DSP_PROG_AWARE_01,Display,DSP_PROG_AWARE_01,[np.str_('Display')],['DSP_PROG_AWARE_01'],1,62.51
USR_01717,1,Display,DSP_PROG_AWARE_01,Display,DSP_PROG_AWARE_01,Display,DSP_PROG_AWARE_01,[np.str_('Display')],['DSP_PROG_AWARE_01'],0,0.0
USR_01718,1,Paid Search,SEM_COMPETITOR_03,Paid Search,SEM_COMPETITOR_03,Paid Search,SEM_COMPETITOR_03,[np.str_('Paid Search')],['SEM_COMPETITOR_03'],0,0.0
USR_01719,2,Social Media > Paid Search,SOC_RETARG_DPA_02 > SEM_GENERIC_PROD_02,Social Media,SOC_RETARG_DPA_02,Paid Search,SEM_GENERIC_PROD_02,"[np.str_('Social Media'), np.str_('Paid Search')]","['SOC_RETARG_DPA_02', 'SEM_GENERIC_PROD_02']",0,0.0
USR_01720,5,Display > Organic Search > Email > Social Media > Display,DSP_PROG_AWARE_01 > SEO_ORGANIC_DIRECT > EML_NEWSLETTER_WKLY_01 > SOC_PROSP_LOOKALIKE_01 > DSP_PROG_AWARE_01,Display,DSP_PROG_AWARE_01,Display,DSP_PROG_AWARE_01,"[np.str_('Display'), np.str_('Organic Search'), np.str_('Email'), np.str_('Social Media'), np.str_('Display')]","['DSP_PROG_AWARE_01', 'SEO_ORGANIC_DIRECT', 'EML_NEWSLETTER_WKLY_01', 'SOC_PROSP_LOOKALIKE_01', 'DSP_PROG_AWARE_01']",1,73.56
USR_01721,1,Display,DSP_PROG_AWARE_01,Display,DSP_PROG_AWARE_01,Display,DSP_PROG_AWARE_01,[np.str_('Display')],['DSP_PROG_AWARE_01'],0,0.0
USR_01722,2,Paid Search > Paid Search,SEM_COMPETITOR_03 > SEM_GENERIC_PROD_02,Paid Search,SEM_COMPETITOR_03,Paid Search,SEM_GENERIC_PROD_02,"[np.str_('Paid Search'), np.str_('Paid Search')]","['SEM_COMPETITOR_03', 'SEM_GENERIC_PROD_02']",0,0.0
USR_01723,3,Social Media > Social Media > Display,SOC_RETARG_DPA_02 > SOC_RETARG_DPA_02 > DSP_PROG_AWARE_01,Social Media,SOC_RETARG_DPA_02,Display,DSP_PROG_AWARE_01,"[np.str_('Social Media'), np.str_('Social Media'), np.str_('Display')]","['SOC_RETARG_DPA_02', 'SOC_RETARG_DPA_02', 'DSP_PROG_AWARE_01']",1,101.31
USR_01724,5,Paid Search > Display > Display > Paid Search > Email,SEM_COMPETITOR_03 > DSP_PROG_AWARE_01 > DSP_PROG_AWARE_01 > SEM_GENERIC_PROD_02 > EML_NEWSLETTER_WKLY_01,Paid Search,SEM_COMPETITOR_03,Email,EML_NEWSLETTER_WKLY_01,"[np.str_('Paid Search'), np.str_('Display'), np.str_('Display'), np.str_('Paid Search'), np.str_('Email')]","['SEM_COMPETITOR_03', 'DSP_PROG_AWARE_01', 'DSP_PROG_AWARE_01', 'SEM_GENERIC_PROD_02', 'EML_NEWSLETTER_WKLY_01']",0,0.0
USR_01725,1,Social Media,SOC_PROSP_LOOKALIKE_01,Social Media,SOC_PROSP_LOOKALIKE_01,Social Media,SOC_PROSP_LOOKALIKE_01,[np.str_('Social Media')],['SOC_PROSP_LOOKALIKE_01'],0,0.0
USR_01726,1,Social Media,SOC_PROSP_LOOKALIKE_01,Social Media,SOC_PROSP_LOOKALIKE_01,Social Media,SOC_PROSP_LOOKALIKE_01,[np.str_('Social Media')],['SOC_PROSP_LOOKALIKE_01'],0,0.0
USR_01727,5,Display > Social Media > Paid Search > Email > Paid Search,DSP_RETARG_ABANDON_02 > SOC_RETARG_DPA_02 > SEM_COMPETITOR_03 > EML_ABANDONED_CART_02 > SEM_BRAND_01,Display,DSP_RETARG_ABANDON_02,Paid Search,SEM_BRAND_01,"[np.str_('Display'), np.str_('Social Media'), np.str_('Paid Search'), np.str_('Email'), np.str_('Paid Search')]","['DSP_RETARG_ABANDON_02', 'SOC_RETARG_DPA_02', 'SEM_COMPETITOR_03', 'EML_ABANDONED_CART_02', 'SEM_BRAND_01']",1,114.51
USR_01728,1,Display,DSP_PROG_AWARE_01,Display,DSP_PROG_AWARE_01,Display,DSP_PROG_AWARE_01,[np.str_('Display')],['DSP_PROG_AWARE_01'],0,0.0
USR_01729,5,Organic Search > Email > Social Media > Display > Email,SEO_ORGANIC_DIRECT > EML_ABANDONED_CART_02 > SOC_PROSP_LOOKALIKE_01 > DSP_PROG_AWARE_01 > EML_NEWSLETTER_WKLY_01,Organic Search,SEO_ORGANIC_DIRECT,Email,EML_NEWSLETTER_WKLY_01,"[np.str_('Organic Search'), np.str_('Email'), np.str_('Social Media'), np.str_('Display'), np.str_('Email')]","['SEO_ORGANIC_DIRECT', 'EML_ABANDONED_CART_02', 'SOC_PROSP_LOOKALIKE_01', 'DSP_PROG_AWARE_01', 'EML_NEWSLETTER_WKLY_01']",0,0.0
USR_01730,1,Display,DSP_RETARG_ABANDON_02,Display,DSP_RETARG_ABANDON_02,Display,DSP_RETARG_ABANDON_02,[np.str_('Display')],['DSP_RETARG_ABANDON_02'],0,0.0
USR_01731,1,Paid Search,SEM_COMPETITOR_03,Paid Search,SEM_COMPETITOR_03,Paid Search,SEM_COMPETITOR_03,[np.str_('Paid Search')],['SEM_COMPETITOR_03'],0,0.0
USR_01732,2,Social Media > Email,SOC_PROSP_LOOKALIKE_01 > EML_ABANDONED_CART_02,Social Media,SOC_PROSP_LOOKALIKE_01,Email,EML_ABANDONED_CART_02,"[np.str_('Social Media'), np.str_('Email')]","['SOC_PROSP_LOOKALIKE_01', 'EML_ABANDONED_CART_02']",0,0.0
USR_01733,1,Display,DSP_PROG_AWARE_01,Display,DSP_PROG_AWARE_01,Display,DSP_PROG_AWARE_01,[np.str_('Display')],['DSP_PROG_AWARE_01'],0,0.0
USR_01734,1,Display,DSP_RETARG_ABANDON_02,Display,DSP_RETARG_ABANDON_02,Display,DSP_RETARG_ABANDON_02,[np.str_('Display')],['DSP_RETARG_ABANDON_02'],0,0.0
USR_01735,1,Social Media,SOC_RETARG_DPA_02,Social Media,SOC_RETARG_DPA_02,Social Media,SOC_RETARG_DPA_02,[np.str_('Social Media')],['SOC_RETARG_DPA_02'],1,131.95
USR_01736,5,Organic Search > Paid Search > Email > Email > Paid Search,SEO_ORGANIC_DIRECT > SEM_GENERIC_PROD_02 > EML_WINBACK_90D_03 > EML_ABANDONED_CART_02 > SEM_COMPETITOR_03,Organic Search,SEO_ORGANIC_DIRECT,Paid Search,SEM_COMPETITOR_03,"[np.str_('Organic Search'), np.str_('Paid Search'), np.str_('Email'), np.str_('Email'), np.str_('Paid Search')]","['SEO_ORGANIC_DIRECT', 'SEM_GENERIC_PROD_02', 'EML_WINBACK_90D_03', 'EML_ABANDONED_CART_02', 'SEM_COMPETITOR_03']",0,0.0
USR_01737,2,Social Media > Paid Search,SOC_INFLUENCER_BOOST_03 > SEM_BRAND_01,Social Media,SOC_INFLUENCER_BOOST_03,Paid Search,SEM_BRAND_01,"[np.str_('Social Media'), np.str_('Paid Search')]","['SOC_INFLUENCER_BOOST_03', 'SEM_BRAND_01']",0,0.0
USR_01738,3,Organic Search > Organic Search > Paid Search,SEO_ORGANIC_DIRECT > SEO_ORGANIC_DIRECT > SEM_BRAND_01,Organic Search,SEO_ORGANIC_DIRECT,Paid Search,SEM_BRAND_01,"[np.str_('Organic Search'), np.str_('Organic Search'), np.str_('Paid Search')]","['SEO_ORGANIC_DIRECT', 'SEO_ORGANIC_DIRECT', 'SEM_BRAND_01']",1,101.83
USR_01739,1,Social Media,SOC_RETARG_DPA_02,Social Media,SOC_RETARG_DPA_02,Social Media,SOC_RETARG_DPA_02,[np.str_('Social Media')],['SOC_RETARG_DPA_02'],0,0.0
USR_01740,2,Organic Search > Paid Search,SEO_ORGANIC_DIRECT > SEM_COMPETITOR_03,Organic Search,SEO_ORGANIC_DIRECT,Paid Search,SEM_COMPETITOR_03,"[np.str_('Organic Search'), np.str_('Paid Search')]","['SEO_ORGANIC_DIRECT', 'SEM_COMPETITOR_03']",0,0.0
USR_01741,3,Paid Search > Paid Search > Social Media,SEM_BRAND_01 > SEM_BRAND_01 > SOC_PROSP_LOOKALIKE_01,Paid Search,SEM_BRAND_01,Social Media,SOC_PROSP_LOOKALIKE_01,"[np.str_('Paid Search'), np.str_('Paid Search'), np.str_('Social Media')]","['SEM_BRAND_01', 'SEM_BRAND_01', 'SOC_PROSP_LOOKALIKE_01']",0,0.0
USR_01742,1,Display,DSP_RETARG_ABANDON_02,Display,DSP_RETARG_ABANDON_02,Display,DSP_RETARG_ABANDON_02,[np.str_('Display')],['DSP_RETARG_ABANDON_02'],0,0.0
USR_01743,3,Organic Search > Organic Search > Paid Search,SEO_ORGANIC_DIRECT > SEO_ORGANIC_DIRECT > SEM_GENERIC_PROD_02,Organic Search,SEO_ORGANIC_DIRECT,Paid Search,SEM_GENERIC_PROD_02,"[np.str_('Organic Search'), np.str_('Organic Search'), np.str_('Paid Search')]","['SEO_ORGANIC_DIRECT', 'SEO_ORGANIC_DIRECT', 'SEM_GENERIC_PROD_02']",0,0.0
USR_01744,4,Social Media > Display > Display > Paid Search,SOC_INFLUENCER_BOOST_03 > DSP_PROG_AWARE_01 > DSP_RETARG_ABANDON_02 > SEM_GENERIC_PROD_02,Social Media,SOC_INFLUENCER_BOOST_03,Paid Search,SEM_GENERIC_PROD_02,"[np.str_('Social Media'), np.str_('Display'), np.str_('Display'), np.str_('Paid Search')]","['SOC_INFLUENCER_BOOST_03', 'DSP_PROG_AWARE_01', 'DSP_RETARG_ABANDON_02', 'SEM_GENERIC_PROD_02']",0,0.0
USR_01745,2,Organic Search > Organic Search,SEO_ORGANIC_DIRECT > SEO_ORGANIC_DIRECT,Organic Search,SEO_ORGANIC_DIRECT,Organic Search,SEO_ORGANIC_DIRECT,"[np.str_('Organic Search'), np.str_('Organic Search')]","['SEO_ORGANIC_DIRECT', 'SEO_ORGANIC_DIRECT']",0,0.0
USR_01746,2,Social Media > Organic Search,SOC_INFLUENCER_BOOST_03 > SEO_ORGANIC_DIRECT,Social Media,SOC_INFLUENCER_BOOST_03,Organic Search,SEO_ORGANIC_DIRECT,"[np.str_('Social Media'), np.str_('Organic Search')]","['SOC_INFLUENCER_BOOST_03', 'SEO_ORGANIC_DIRECT']",0,0.0
USR_01747,1,Display,DSP_PROG_AWARE_01,Display,DSP_PROG_AWARE_01,Display,DSP_PROG_AWARE_01,[np.str_('Display')],['DSP_PROG_AWARE_01'],0,0.0
USR_01748,4,Social Media > Social Media > Paid Search > Paid Search,SOC_INFLUENCER_BOOST_03 > SOC_RETARG_DPA_02 > SEM_BRAND_01 > SEM_COMPETITOR_03,Social Media,SOC_INFLUENCER_BOOST_03,Paid Search,SEM_COMPETITOR_03,"[np.str_('Social Media'), np.str_('Social Media'), np.str_('Paid Search'), np.str_('Paid Search')]","['SOC_INFLUENCER_BOOST_03', 'SOC_RETARG_DPA_02', 'SEM_BRAND_01', 'SEM_COMPETITOR_03']",0,0.0
USR_01749,1,Email,EML_NEWSLETTER_WKLY_01,Email,EML_NEWSLETTER_WKLY_01,Email,EML_NEWSLETTER_WKLY_01,[np.str_('Email')],['EML_NEWSLETTER_WKLY_01'],0,0.0
USR_01750,2,Display > Paid Search,DSP_RETARG_ABANDON_02 > SEM_COMPETITOR_03,Display,DSP_RETARG_ABANDON_02,Paid Search,SEM_COMPETITOR_03,"[np.str_('Display'), np.str_('Paid Search')]","['DSP_RETARG_ABANDON_02', 'SEM_COMPETITOR_03']",0,0.0
USR_01751,3,Social Media > Paid Search > Social Media,SOC_INFLUENCER_BOOST_03 > SEM_GENERIC_PROD_02 > SOC_INFLUENCER_BOOST_03,Social Media,SOC_INFLUENCER_BOOST_03,Social Media,SOC_INFLUENCER_BOOST_03,"[np.str_('Social Media'), np.str_('Paid Search'), np.str_('Social Media')]","['SOC_INFLUENCER_BOOST_03', 'SEM_GENERIC_PROD_02', 'SOC_INFLUENCER_BOOST_03']",0,0.0
USR_01752,1,Paid Search,SEM_COMPETITOR_03,Paid Search,SEM_COMPETITOR_03,Paid Search,SEM_COMPETITOR_03,[np.str_('Paid Search')],['SEM_COMPETITOR_03'],1,115.13
USR_01753,3,Social Media > Email > Paid Search,SOC_INFLUENCER_BOOST_03 > EML_WINBACK_90D_03 > SEM_GENERIC_PROD_02,Social Media,SOC_INFLUENCER_BOOST_03,Paid Search,SEM_GENERIC_PROD_02,"[np.str_('Social Media'), np.str_('Email'), np.str_('Paid Search')]","['SOC_INFLUENCER_BOOST_03', 'EML_WINBACK_90D_03', 'SEM_GENERIC_PROD_02']",0,0.0
USR_01754,2,Email > Paid Search,EML_ABANDONED_CART_02 > SEM_BRAND_01,Email,EML_ABANDONED_CART_02,Paid Search,SEM_BRAND_01,"[np.str_('Email'), np.str_('Paid Search')]","['EML_ABANDONED_CART_02', 'SEM_BRAND_01']",0,0.0
USR_01755,1,Paid Search,SEM_GENERIC_PROD_02,Paid Search,SEM_GENERIC_PROD_02,Paid Search,SEM_GENERIC_PROD_02,[np.str_('Paid Search')],['SEM_GENERIC_PROD_02'],1,153.54
USR_01756,5,Social Media > Display > Paid Search > Email > Organic Search,SOC_RETARG_DPA_02 > DSP_RETARG_ABANDON_02 > SEM_BRAND_01 > EML_ABANDONED_CART_02 > SEO_ORGANIC_DIRECT,Social Media,SOC_RETARG_DPA_02,Organic Search,SEO_ORGANIC_DIRECT,"[np.str_('Social Media'), np.str_('Display'), np.str_('Paid Search'), np.str_('Email'), np.str_('Organic Search')]","['SOC_RETARG_DPA_02', 'DSP_RETARG_ABANDON_02', 'SEM_BRAND_01', 'EML_ABANDONED_CART_02', 'SEO_ORGANIC_DIRECT']",0,0.0
USR_01757,1,Organic Search,SEO_ORGANIC_DIRECT,Organic Search,SEO_ORGANIC_DIRECT,Organic Search,SEO_ORGANIC_DIRECT,[np.str_('Organic Search')],['SEO_ORGANIC_DIRECT'],0,0.0
USR_01758,2,Paid Search > Email,SEM_GENERIC_PROD_02 > EML_WINBACK_90D_03,Paid Search,SEM_GENERIC_PROD_02,Email,EML_WINBACK_90D_03,"[np.str_('Paid Search'), np.str_('Email')]","['SEM_GENERIC_PROD_02', 'EML_WINBACK_90D_03']",0,0.0
USR_01759,1,Paid Search,SEM_BRAND_01,Paid Search,SEM_BRAND_01,Paid Search,SEM_BRAND_01,[np.str_('Paid Search')],['SEM_BRAND_01'],0,0.0
USR_01760,1,Organic Search,SEO_ORGANIC_DIRECT,Organic Search,SEO_ORGANIC_DIRECT,Organic Search,SEO_ORGANIC_DIRECT,[np.str_('Organic Search')],['SEO_ORGANIC_DIRECT'],0,0.0
USR_01761,4,Display > Email > Paid Search > Organic Search,DSP_PROG_AWARE_01 > EML_ABANDONED_CART_02 > SEM_BRAND_01 > SEO_ORGANIC_DIRECT,Display,DSP_PROG_AWARE_01,Organic Search,SEO_ORGANIC_DIRECT,"[np.str_('Display'), np.str_('Email'), np.str_('Paid Search'), np.str_('Organic Search')]","['DSP_PROG_AWARE_01', 'EML_ABANDONED_CART_02', 'SEM_BRAND_01', 'SEO_ORGANIC_DIRECT']",0,0.0
USR_01762,2,Social Media > Display,SOC_RETARG_DPA_02 > DSP_PROG_AWARE_01,Social Media,SOC_RETARG_DPA_02,Display,DSP_PROG_AWARE_01,"[np.str_('Social Media'), np.str_('Display')]","['SOC_RETARG_DPA_02', 'DSP_PROG_AWARE_01']",0,0.0
USR_01763,2,Email > Email,EML_NEWSLETTER_WKLY_01 > EML_WINBACK_90D_03,Email,EML_NEWSLETTER_WKLY_01,Email,EML_WINBACK_90D_03,"[np.str_('Email'), np.str_('Email')]","['EML_NEWSLETTER_WKLY_01', 'EML_WINBACK_90D_03']",0,0.0
USR_01764,1,Social Media,SOC_INFLUENCER_BOOST_03,Social Media,SOC_INFLUENCER_BOOST_03,Social Media,SOC_INFLUENCER_BOOST_03,[np.str_('Social Media')],['SOC_INFLUENCER_BOOST_03'],0,0.0
USR_01765,5,Paid Search > Paid Search > Social Media > Display > Social Media,SEM_BRAND_01 > SEM_GENERIC_PROD_02 > SOC_INFLUENCER_BOOST_03 > DSP_RETARG_ABANDON_02 > SOC_INFLUENCER_BOOST_03,Paid Search,SEM_BRAND_01,Social Media,SOC_INFLUENCER_BOOST_03,"[np.str_('Paid Search'), np.str_('Paid Search'), np.str_('Social Media'), np.str_('Display'), np.str_('Social Media')]","['SEM_BRAND_01', 'SEM_GENERIC_PROD_02', 'SOC_INFLUENCER_BOOST_03', 'DSP_RETARG_ABANDON_02', 'SOC_INFLUENCER_BOOST_03']",0,0.0
USR_01766,1,Paid Search,SEM_BRAND_01,Paid Search,SEM_BRAND_01,Paid Search,SEM_BRAND_01,[np.str_('Paid Search')],['SEM_BRAND_01'],0,0.0
USR_01767,2,Organic Search > Email,SEO_ORGANIC_DIRECT > EML_ABANDONED_CART_02,Organic Search,SEO_ORGANIC_DIRECT,Email,EML_ABANDONED_CART_02,"[np.str_('Organic Search'), np.str_('Email')]","['SEO_ORGANIC_DIRECT', 'EML_ABANDONED_CART_02']",0,0.0
USR_01768,1,Social Media,SOC_PROSP_LOOKALIKE_01,Social Media,SOC_PROSP_LOOKALIKE_01,Social Media,SOC_PROSP_LOOKALIKE_01,[np.str_('Social Media')],['SOC_PROSP_LOOKALIKE_01'],0,0.0
USR_01769,2,Organic Search > Social Media,SEO_ORGANIC_DIRECT > SOC_INFLUENCER_BOOST_03,Organic Search,SEO_ORGANIC_DIRECT,Social Media,SOC_INFLUENCER_BOOST_03,"[np.str_('Organic Search'), np.str_('Social Media')]","['SEO_ORGANIC_DIRECT', 'SOC_INFLUENCER_BOOST_03']",0,0.0
USR_01770,1,Social Media,SOC_RETARG_DPA_02,Social Media,SOC_RETARG_DPA_02,Social Media,SOC_RETARG_DPA_02,[np.str_('Social Media')],['SOC_RETARG_DPA_02'],0,0.0
USR_01771,5,Social Media > Paid Search > Social Media > Display > Paid Search,SOC_INFLUENCER_BOOST_03 > SEM_BRAND_01 > SOC_INFLUENCER_BOOST_03 > DSP_RETARG_ABANDON_02 > SEM_GENERIC_PROD_02,Social Media,SOC_INFLUENCER_BOOST_03,Paid Search,SEM_GENERIC_PROD_02,"[np.str_('Social Media'), np.str_('Paid Search'), np.str_('Social Media'), np.str_('Display'), np.str_('Paid Search')]","['SOC_INFLUENCER_BOOST_03', 'SEM_BRAND_01', 'SOC_INFLUENCER_BOOST_03', 'DSP_RETARG_ABANDON_02', 'SEM_GENERIC_PROD_02']",0,0.0
USR_01772,1,Social Media,SOC_PROSP_LOOKALIKE_01,Social Media,SOC_PROSP_LOOKALIKE_01,Social Media,SOC_PROSP_LOOKALIKE_01,[np.str_('Social Media')],['SOC_PROSP_LOOKALIKE_01'],0,0.0
USR_01773,4,Organic Search > Paid Search > Paid Search > Email,SEO_ORGANIC_DIRECT > SEM_BRAND_01 > SEM_GENERIC_PROD_02 > EML_NEWSLETTER_WKLY_01,Organic Search,SEO_ORGANIC_DIRECT,Email,EML_NEWSLETTER_WKLY_01,"[np.str_('Organic Search'), np.str_('Paid Search'), np.str_('Paid Search'), np.str_('Email')]","['SEO_ORGANIC_DIRECT', 'SEM_BRAND_01', 'SEM_GENERIC_PROD_02', 'EML_NEWSLETTER_WKLY_01']",0,0.0
USR_01774,1,Organic Search,SEO_ORGANIC_DIRECT,Organic Search,SEO_ORGANIC_DIRECT,Organic Search,SEO_ORGANIC_DIRECT,[np.str_('Organic Search')],['SEO_ORGANIC_DIRECT'],0,0.0
USR_01775,1,Paid Search,SEM_COMPETITOR_03,Paid Search,SEM_COMPETITOR_03,Paid Search,SEM_COMPETITOR_03,[np.str_('Paid Search')],['SEM_COMPETITOR_03'],0,0.0
USR_01776,1,Social Media,SOC_RETARG_DPA_02,Social Media,SOC_RETARG_DPA_02,Social Media,SOC_RETARG_DPA_02,[np.str_('Social Media')],['SOC_RETARG_DPA_02'],0,0.0
USR_01777,1,Display,DSP_PROG_AWARE_01,Display,DSP_PROG_AWARE_01,Display,DSP_PROG_AWARE_01,[np.str_('Display')],['DSP_PROG_AWARE_01'],0,0.0
USR_01778,2,Display > Paid Search,DSP_RETARG_ABANDON_02 > SEM_COMPETITOR_03,Display,DSP_RETARG_ABANDON_02,Paid Search,SEM_COMPETITOR_03,"[np.str_('Display'), np.str_('Paid Search')]","['DSP_RETARG_ABANDON_02', 'SEM_COMPETITOR_03']",0,0.0
USR_01779,4,Social Media > Social Media > Paid Search > Organic Search,SOC_INFLUENCER_BOOST_03 > SOC_PROSP_LOOKALIKE_01 > SEM_GENERIC_PROD_02 > SEO_ORGANIC_DIRECT,Social Media,SOC_INFLUENCER_BOOST_03,Organic Search,SEO_ORGANIC_DIRECT,"[np.str_('Social Media'), np.str_('Social Media'), np.str_('Paid Search'), np.str_('Organic Search')]","['SOC_INFLUENCER_BOOST_03', 'SOC_PROSP_LOOKALIKE_01', 'SEM_GENERIC_PROD_02', 'SEO_ORGANIC_DIRECT']",1,141.68
USR_01780,5,Display > Social Media > Social Media > Social Media > Social Media,DSP_PROG_AWARE_01 > SOC_PROSP_LOOKALIKE_01 > SOC_PROSP_LOOKALIKE_01 > SOC_INFLUENCER_BOOST_03 > SOC_INFLUENCER_BOOST_03,Display,DSP_PROG_AWARE_01,Social Media,SOC_INFLUENCER_BOOST_03,"[np.str_('Display'), np.str_('Social Media'), np.str_('Social Media'), np.str_('Social Media'), np.str_('Social Media')]","['DSP_PROG_AWARE_01', 'SOC_PROSP_LOOKALIKE_01', 'SOC_PROSP_LOOKALIKE_01', 'SOC_INFLUENCER_BOOST_03', 'SOC_INFLUENCER_BOOST_03']",0,0.0
USR_01781,3,Paid Search > Display > Paid Search,SEM_GENERIC_PROD_02 > DSP_RETARG_ABANDON_02 > SEM_GENERIC_PROD_02,Paid Search,SEM_GENERIC_PROD_02,Paid Search,SEM_GENERIC_PROD_02,"[np.str_('Paid Search'), np.str_('Display'), np.str_('Paid Search')]","['SEM_GENERIC_PROD_02', 'DSP_RETARG_ABANDON_02', 'SEM_GENERIC_PROD_02']",0,0.0
USR_01782,4,Social Media > Email > Paid Search > Organic Search,SOC_PROSP_LOOKALIKE_01 > EML_WINBACK_90D_03 > SEM_BRAND_01 > SEO_ORGANIC_DIRECT,Social Media,SOC_PROSP_LOOKALIKE_01,Organic Search,SEO_ORGANIC_DIRECT,"[np.str_('Social Media'), np.str_('Email'), np.str_('Paid Search'), np.str_('Organic Search')]","['SOC_PROSP_LOOKALIKE_01', 'EML_WINBACK_90D_03', 'SEM_BRAND_01', 'SEO_ORGANIC_DIRECT']",0,0.0
USR_01783,2,Display > Email,DSP_PROG_AWARE_01 > EML_WINBACK_90D_03,Display,DSP_PROG_AWARE_01,Email,EML_WINBACK_90D_03,"[np.str_('Display'), np.str_('Email')]","['DSP_PROG_AWARE_01', 'EML_WINBACK_90D_03']",0,0.0
USR_01784,2,Social Media > Email,SOC_INFLUENCER_BOOST_03 > EML_ABANDONED_CART_02,Social Media,SOC_INFLUENCER_BOOST_03,Email,EML_ABANDONED_CART_02,"[np.str_('Social Media'), np.str_('Email')]","['SOC_INFLUENCER_BOOST_03', 'EML_ABANDONED_CART_02']",0,0.0
USR_01785,4,Organic Search > Social Media > Paid Search > Paid Search,SEO_ORGANIC_DIRECT > SOC_INFLUENCER_BOOST_03 > SEM_GENERIC_PROD_02 > SEM_GENERIC_PROD_02,Organic Search,SEO_ORGANIC_DIRECT,Paid Search,SEM_GENERIC_PROD_02,"[np.str_('Organic Search'), np.str_('Social Media'), np.str_('Paid Search'), np.str_('Paid Search')]","['SEO_ORGANIC_DIRECT', 'SOC_INFLUENCER_BOOST_03', 'SEM_GENERIC_PROD_02', 'SEM_GENERIC_PROD_02']",0,0.0
USR_01786,3,Paid Search > Display > Display,SEM_GENERIC_PROD_02 > DSP_RETARG_ABANDON_02 > DSP_RETARG_ABANDON_02,Paid Search,SEM_GENERIC_PROD_02,Display,DSP_RETARG_ABANDON_02,"[np.str_('Paid Search'), np.str_('Display'), np.str_('Display')]","['SEM_GENERIC_PROD_02', 'DSP_RETARG_ABANDON_02', 'DSP_RETARG_ABANDON_02']",0,0.0
USR_01787,2,Social Media > Social Media,SOC_INFLUENCER_BOOST_03 > SOC_RETARG_DPA_02,Social Media,SOC_INFLUENCER_BOOST_03,Social Media,SOC_RETARG_DPA_02,"[np.str_('Social Media'), np.str_('Social Media')]","['SOC_INFLUENCER_BOOST_03', 'SOC_RETARG_DPA_02']",0,0.0
USR_01788,4,Social Media > Display > Display > Paid Search,SOC_INFLUENCER_BOOST_03 > DSP_PROG_AWARE_01 > DSP_RETARG_ABANDON_02 > SEM_COMPETITOR_03,Social Media,SOC_INFLUENCER_BOOST_03,Paid Search,SEM_COMPETITOR_03,"[np.str_('Social Media'), np.str_('Display'), np.str_('Display'), np.str_('Paid Search')]","['SOC_INFLUENCER_BOOST_03', 'DSP_PROG_AWARE_01', 'DSP_RETARG_ABANDON_02', 'SEM_COMPETITOR_03']",0,0.0
USR_01789,2,Paid Search > Email,SEM_GENERIC_PROD_02 > EML_ABANDONED_CART_02,Paid Search,SEM_GENERIC_PROD_02,Email,EML_ABANDONED_CART_02,"[np.str_('Paid Search'), np.str_('Email')]","['SEM_GENERIC_PROD_02', 'EML_ABANDONED_CART_02']",0,0.0
USR_01790,2,Organic Search > Social Media,SEO_ORGANIC_DIRECT > SOC_RETARG_DPA_02,Organic Search,SEO_ORGANIC_DIRECT,Social Media,SOC_RETARG_DPA_02,"[np.str_('Organic Search'), np.str_('Social Media')]","['SEO_ORGANIC_DIRECT', 'SOC_RETARG_DPA_02']",1,78.63
USR_01791,1,Paid Search,SEM_BRAND_01,Paid Search,SEM_BRAND_01,Paid Search,SEM_BRAND_01,[np.str_('Paid Search')],['SEM_BRAND_01'],0,0.0
USR_01792,1,Social Media,SOC_INFLUENCER_BOOST_03,Social Media,SOC_INFLUENCER_BOOST_03,Social Media,SOC_INFLUENCER_BOOST_03,[np.str_('Social Media')],['SOC_INFLUENCER_BOOST_03'],0,0.0
USR_01793,1,Social Media,SOC_RETARG_DPA_02,Social Media,SOC_RETARG_DPA_02,Social Media,SOC_RETARG_DPA_02,[np.str_('Social Media')],['SOC_RETARG_DPA_02'],0,0.0
USR_01794,4,Display > Paid Search > Social Media > Email,DSP_RETARG_ABANDON_02 > SEM_COMPETITOR_03 > SOC_PROSP_LOOKALIKE_01 > EML_WINBACK_90D_03,Display,DSP_RETARG_ABANDON_02,Email,EML_WINBACK_90D_03,"[np.str_('Display'), np.str_('Paid Search'), np.str_('Social Media'), np.str_('Email')]","['DSP_RETARG_ABANDON_02', 'SEM_COMPETITOR_03', 'SOC_PROSP_LOOKALIKE_01', 'EML_WINBACK_90D_03']",0,0.0
USR_01795,4,Organic Search > Social Media > Paid Search > Paid Search,SEO_ORGANIC_DIRECT > SOC_RETARG_DPA_02 > SEM_GENERIC_PROD_02 > SEM_GENERIC_PROD_02,Organic Search,SEO_ORGANIC_DIRECT,Paid Search,SEM_GENERIC_PROD_02,"[np.str_('Organic Search'), np.str_('Social Media'), np.str_('Paid Search'), np.str_('Paid Search')]","['SEO_ORGANIC_DIRECT', 'SOC_RETARG_DPA_02', 'SEM_GENERIC_PROD_02', 'SEM_GENERIC_PROD_02']",1,151.74
USR_01796,3,Organic Search > Display > Organic Search,SEO_ORGANIC_DIRECT > DSP_RETARG_ABANDON_02 > SEO_ORGANIC_DIRECT,Organic Search,SEO_ORGANIC_DIRECT,Organic Search,SEO_ORGANIC_DIRECT,"[np.str_('Organic Search'), np.str_('Display'), np.str_('Organic Search')]","['SEO_ORGANIC_DIRECT', 'DSP_RETARG_ABANDON_02', 'SEO_ORGANIC_DIRECT']",1,93.18
USR_01797,3,Social Media > Organic Search > Email,SOC_RETARG_DPA_02 > SEO_ORGANIC_DIRECT > EML_WINBACK_90D_03,Social Media,SOC_RETARG_DPA_02,Email,EML_WINBACK_90D_03,"[np.str_('Social Media'), np.str_('Organic Search'), np.str_('Email')]","['SOC_RETARG_DPA_02', 'SEO_ORGANIC_DIRECT', 'EML_WINBACK_90D_03']",0,0.0
USR_01798,3,Social Media > Paid Search > Organic Search,SOC_PROSP_LOOKALIKE_01 > SEM_GENERIC_PROD_02 > SEO_ORGANIC_DIRECT,Social Media,SOC_PROSP_LOOKALIKE_01,Organic Search,SEO_ORGANIC_DIRECT,"[np.str_('Social Media'), np.str_('Paid Search'), np.str_('Organic Search')]","['SOC_PROSP_LOOKALIKE_01', 'SEM_GENERIC_PROD_02', 'SEO_ORGANIC_DIRECT']",0,0.0
USR_01799,2,Display > Social Media,DSP_PROG_AWARE_01 > SOC_RETARG_DPA_02,Display,DSP_PROG_AWARE_01,Social Media,SOC_RETARG_DPA_02,"[np.str_('Display'), np.str_('Social Media')]","['DSP_PROG_AWARE_01', 'SOC_RETARG_DPA_02']",0,0.0
USR_01800,2,Display > Organic Search,DSP_PROG_AWARE_01 > SEO_ORGANIC_DIRECT,Display,DSP_PROG_AWARE_01,Organic Search,SEO_ORGANIC_DIRECT,"[np.str_('Display'), np.str_('Organic Search')]","['DSP_PROG_AWARE_01', 'SEO_ORGANIC_DIRECT']",1,111.57
USR_01801,5,Social Media > Social Media > Organic Search > Display > Social Media,SOC_INFLUENCER_BOOST_03 > SOC_RETARG_DPA_02 > SEO_ORGANIC_DIRECT > DSP_RETARG_ABANDON_02 > SOC_RETARG_DPA_02,Social Media,SOC_INFLUENCER_BOOST_03,Social Media,SOC_RETARG_DPA_02,"[np.str_('Social Media'), np.str_('Social Media'), np.str_('Organic Search'), np.str_('Display'), np.str_('Social Media')]","['SOC_INFLUENCER_BOOST_03', 'SOC_RETARG_DPA_02', 'SEO_ORGANIC_DIRECT', 'DSP_RETARG_ABANDON_02', 'SOC_RETARG_DPA_02']",1,114.55
USR_01802,2,Paid Search > Paid Search,SEM_COMPETITOR_03 > SEM_GENERIC_PROD_02,Paid Search,SEM_COMPETITOR_03,Paid Search,SEM_GENERIC_PROD_02,"[np.str_('Paid Search'), np.str_('Paid Search')]","['SEM_COMPETITOR_03', 'SEM_GENERIC_PROD_02']",0,0.0
USR_01803,3,Social Media > Social Media > Email,SOC_INFLUENCER_BOOST_03 > SOC_INFLUENCER_BOOST_03 > EML_WINBACK_90D_03,Social Media,SOC_INFLUENCER_BOOST_03,Email,EML_WINBACK_90D_03,"[np.str_('Social Media'), np.str_('Social Media'), np.str_('Email')]","['SOC_INFLUENCER_BOOST_03', 'SOC_INFLUENCER_BOOST_03', 'EML_WINBACK_90D_03']",0,0.0
USR_01804,4,Paid Search > Email > Display > Display,SEM_GENERIC_PROD_02 > EML_NEWSLETTER_WKLY_01 > DSP_PROG_AWARE_01 > DSP_RETARG_ABANDON_02,Paid Search,SEM_GENERIC_PROD_02,Display,DSP_RETARG_ABANDON_02,"[np.str_('Paid Search'), np.str_('Email'), np.str_('Display'), np.str_('Display')]","['SEM_GENERIC_PROD_02', 'EML_NEWSLETTER_WKLY_01', 'DSP_PROG_AWARE_01', 'DSP_RETARG_ABANDON_02']",0,0.0
USR_01805,2,Paid Search > Social Media,SEM_GENERIC_PROD_02 > SOC_PROSP_LOOKALIKE_01,Paid Search,SEM_GENERIC_PROD_02,Social Media,SOC_PROSP_LOOKALIKE_01,"[np.str_('Paid Search'), np.str_('Social Media')]","['SEM_GENERIC_PROD_02', 'SOC_PROSP_LOOKALIKE_01']",0,0.0
USR_01806,4,Display > Organic Search > Organic Search > Display,DSP_PROG_AWARE_01 > SEO_ORGANIC_DIRECT > SEO_ORGANIC_DIRECT > DSP_PROG_AWARE_01,Display,DSP_PROG_AWARE_01,Display,DSP_PROG_AWARE_01,"[np.str_('Display'), np.str_('Organic Search'), np.str_('Organic Search'), np.str_('Display')]","['DSP_PROG_AWARE_01', 'SEO_ORGANIC_DIRECT', 'SEO_ORGANIC_DIRECT', 'DSP_PROG_AWARE_01']",0,0.0
USR_01807,4,Paid Search > Social Media > Paid Search > Paid Search,SEM_BRAND_01 > SOC_INFLUENCER_BOOST_03 > SEM_COMPETITOR_03 > SEM_COMPETITOR_03,Paid Search,SEM_BRAND_01,Paid Search,SEM_COMPETITOR_03,"[np.str_('Paid Search'), np.str_('Social Media'), np.str_('Paid Search'), np.str_('Paid Search')]","['SEM_BRAND_01', 'SOC_INFLUENCER_BOOST_03', 'SEM_COMPETITOR_03', 'SEM_COMPETITOR_03']",0,0.0
USR_01808,1,Email,EML_NEWSLETTER_WKLY_01,Email,EML_NEWSLETTER_WKLY_01,Email,EML_NEWSLETTER_WKLY_01,[np.str_('Email')],['EML_NEWSLETTER_WKLY_01'],0,0.0
USR_01809,1,Social Media,SOC_PROSP_LOOKALIKE_01,Social Media,SOC_PROSP_LOOKALIKE_01,Social Media,SOC_PROSP_LOOKALIKE_01,[np.str_('Social Media')],['SOC_PROSP_LOOKALIKE_01'],0,0.0
USR_01810,2,Paid Search > Display,SEM_COMPETITOR_03 > DSP_PROG_AWARE_01,Paid Search,SEM_COMPETITOR_03,Display,DSP_PROG_AWARE_01,"[np.str_('Paid Search'), np.str_('Display')]","['SEM_COMPETITOR_03', 'DSP_PROG_AWARE_01']",0,0.0
USR_01811,3,Social Media > Social Media > Paid Search,SOC_PROSP_LOOKALIKE_01 > SOC_RETARG_DPA_02 > SEM_GENERIC_PROD_02,Social Media,SOC_PROSP_LOOKALIKE_01,Paid Search,SEM_GENERIC_PROD_02,"[np.str_('Social Media'), np.str_('Social Media'), np.str_('Paid Search')]","['SOC_PROSP_LOOKALIKE_01', 'SOC_RETARG_DPA_02', 'SEM_GENERIC_PROD_02']",0,0.0
USR_01812,2,Organic Search > Email,SEO_ORGANIC_DIRECT > EML_WINBACK_90D_03,Organic Search,SEO_ORGANIC_DIRECT,Email,EML_WINBACK_90D_03,"[np.str_('Organic Search'), np.str_('Email')]","['SEO_ORGANIC_DIRECT', 'EML_WINBACK_90D_03']",0,0.0
USR_01813,1,Organic Search,SEO_ORGANIC_DIRECT,Organic Search,SEO_ORGANIC_DIRECT,Organic Search,SEO_ORGANIC_DIRECT,[np.str_('Organic Search')],['SEO_ORGANIC_DIRECT'],0,0.0
USR_01814,4,Social Media > Email > Social Media > Social Media,SOC_INFLUENCER_BOOST_03 > EML_ABANDONED_CART_02 > SOC_INFLUENCER_BOOST_03 > SOC_INFLUENCER_BOOST_03,Social Media,SOC_INFLUENCER_BOOST_03,Social Media,SOC_INFLUENCER_BOOST_03,"[np.str_('Social Media'), np.str_('Email'), np.str_('Social Media'), np.str_('Social Media')]","['SOC_INFLUENCER_BOOST_03', 'EML_ABANDONED_CART_02', 'SOC_INFLUENCER_BOOST_03', 'SOC_INFLUENCER_BOOST_03']",0,0.0
USR_01815,1,Social Media,SOC_RETARG_DPA_02,Social Media,SOC_RETARG_DPA_02,Social Media,SOC_RETARG_DPA_02,[np.str_('Social Media')],['SOC_RETARG_DPA_02'],0,0.0
USR_01816,1,Email,EML_WINBACK_90D_03,Email,EML_WINBACK_90D_03,Email,EML_WINBACK_90D_03,[np.str_('Email')],['EML_WINBACK_90D_03'],0,0.0
USR_01817,1,Display,DSP_RETARG_ABANDON_02,Display,DSP_RETARG_ABANDON_02,Display,DSP_RETARG_ABANDON_02,[np.str_('Display')],['DSP_RETARG_ABANDON_02'],0,0.0
USR_01818,1,Paid Search,SEM_BRAND_01,Paid Search,SEM_BRAND_01,Paid Search,SEM_BRAND_01,[np.str_('Paid Search')],['SEM_BRAND_01'],1,91.65
USR_01819,4,Display > Paid Search > Paid Search > Social Media,DSP_RETARG_ABANDON_02 > SEM_BRAND_01 > SEM_BRAND_01 > SOC_RETARG_DPA_02,Display,DSP_RETARG_ABANDON_02,Social Media,SOC_RETARG_DPA_02,"[np.str_('Display'), np.str_('Paid Search'), np.str_('Paid Search'), np.str_('Social Media')]","['DSP_RETARG_ABANDON_02', 'SEM_BRAND_01', 'SEM_BRAND_01', 'SOC_RETARG_DPA_02']",1,98.2
USR_01820,1,Organic Search,SEO_ORGANIC_DIRECT,Organic Search,SEO_ORGANIC_DIRECT,Organic Search,SEO_ORGANIC_DIRECT,[np.str_('Organic Search')],['SEO_ORGANIC_DIRECT'],0,0.0
USR_01821,1,Paid Search,SEM_GENERIC_PROD_02,Paid Search,SEM_GENERIC_PROD_02,Paid Search,SEM_GENERIC_PROD_02,[np.str_('Paid Search')],['SEM_GENERIC_PROD_02'],1,169.06
USR_01822,1,Social Media,SOC_RETARG_DPA_02,Social Media,SOC_RETARG_DPA_02,Social Media,SOC_RETARG_DPA_02,[np.str_('Social Media')],['SOC_RETARG_DPA_02'],0,0.0
USR_01823,1,Organic Search,SEO_ORGANIC_DIRECT,Organic Search,SEO_ORGANIC_DIRECT,Organic Search,SEO_ORGANIC_DIRECT,[np.str_('Organic Search')],['SEO_ORGANIC_DIRECT'],0,0.0
USR_01824,1,Paid Search,SEM_BRAND_01,Paid Search,SEM_BRAND_01,Paid Search,SEM_BRAND_01,[np.str_('Paid Search')],['SEM_BRAND_01'],0,0.0
USR_01825,2,Display > Paid Search,DSP_PROG_AWARE_01 > SEM_COMPETITOR_03,Display,DSP_PROG_AWARE_01,Paid Search,SEM_COMPETITOR_03,"[np.str_('Display'), np.str_('Paid Search')]","['DSP_PROG_AWARE_01', 'SEM_COMPETITOR_03']",0,0.0
USR_01826,5,Social Media > Display > Organic Search > Organic Search > Email,SOC_INFLUENCER_BOOST_03 > DSP_RETARG_ABANDON_02 > SEO_ORGANIC_DIRECT > SEO_ORGANIC_DIRECT > EML_WINBACK_90D_03,Social Media,SOC_INFLUENCER_BOOST_03,Email,EML_WINBACK_90D_03,"[np.str_('Social Media'), np.str_('Display'), np.str_('Organic Search'), np.str_('Organic Search'), np.str_('Email')]","['SOC_INFLUENCER_BOOST_03', 'DSP_RETARG_ABANDON_02', 'SEO_ORGANIC_DIRECT', 'SEO_ORGANIC_DIRECT', 'EML_WINBACK_90D_03']",0,0.0
USR_01827,5,Paid Search > Social Media > Social Media > Email > Organic Search,SEM_BRAND_01 > SOC_RETARG_DPA_02 > SOC_RETARG_DPA_02 > EML_WINBACK_90D_03 > SEO_ORGANIC_DIRECT,Paid Search,SEM_BRAND_01,Organic Search,SEO_ORGANIC_DIRECT,"[np.str_('Paid Search'), np.str_('Social Media'), np.str_('Social Media'), np.str_('Email'), np.str_('Organic Search')]","['SEM_BRAND_01', 'SOC_RETARG_DPA_02', 'SOC_RETARG_DPA_02', 'EML_WINBACK_90D_03', 'SEO_ORGANIC_DIRECT']",1,116.33
USR_01828,1,Display,DSP_PROG_AWARE_01,Display,DSP_PROG_AWARE_01,Display,DSP_PROG_AWARE_01,[np.str_('Display')],['DSP_PROG_AWARE_01'],0,0.0
USR_01829,1,Social Media,SOC_PROSP_LOOKALIKE_01,Social Media,SOC_PROSP_LOOKALIKE_01,Social Media,SOC_PROSP_LOOKALIKE_01,[np.str_('Social Media')],['SOC_PROSP_LOOKALIKE_01'],0,0.0
USR_01830,1,Social Media,SOC_PROSP_LOOKALIKE_01,Social Media,SOC_PROSP_LOOKALIKE_01,Social Media,SOC_PROSP_LOOKALIKE_01,[np.str_('Social Media')],['SOC_PROSP_LOOKALIKE_01'],0,0.0
USR_01831,4,Social Media > Paid Search > Social Media > Social Media,SOC_PROSP_LOOKALIKE_01 > SEM_GENERIC_PROD_02 > SOC_INFLUENCER_BOOST_03 > SOC_INFLUENCER_BOOST_03,Social Media,SOC_PROSP_LOOKALIKE_01,Social Media,SOC_INFLUENCER_BOOST_03,"[np.str_('Social Media'), np.str_('Paid Search'), np.str_('Social Media'), np.str_('Social Media')]","['SOC_PROSP_LOOKALIKE_01', 'SEM_GENERIC_PROD_02', 'SOC_INFLUENCER_BOOST_03', 'SOC_INFLUENCER_BOOST_03']",0,0.0
USR_01832,3,Display > Display > Social Media,DSP_PROG_AWARE_01 > DSP_PROG_AWARE_01 > SOC_PROSP_LOOKALIKE_01,Display,DSP_PROG_AWARE_01,Social Media,SOC_PROSP_LOOKALIKE_01,"[np.str_('Display'), np.str_('Display'), np.str_('Social Media')]","['DSP_PROG_AWARE_01', 'DSP_PROG_AWARE_01', 'SOC_PROSP_LOOKALIKE_01']",0,0.0
USR_01833,1,Social Media,SOC_RETARG_DPA_02,Social Media,SOC_RETARG_DPA_02,Social Media,SOC_RETARG_DPA_02,[np.str_('Social Media')],['SOC_RETARG_DPA_02'],0,0.0
USR_01834,1,Display,DSP_RETARG_ABANDON_02,Display,DSP_RETARG_ABANDON_02,Display,DSP_RETARG_ABANDON_02,[np.str_('Display')],['DSP_RETARG_ABANDON_02'],0,0.0
USR_01835,2,Display > Organic Search,DSP_PROG_AWARE_01 > SEO_ORGANIC_DIRECT,Display,DSP_PROG_AWARE_01,Organic Search,SEO_ORGANIC_DIRECT,"[np.str_('Display'), np.str_('Organic Search')]","['DSP_PROG_AWARE_01', 'SEO_ORGANIC_DIRECT']",0,0.0
USR_01836,4,Email > Display > Paid Search > Paid Search,EML_NEWSLETTER_WKLY_01 > DSP_PROG_AWARE_01 > SEM_GENERIC_PROD_02 > SEM_BRAND_01,Email,EML_NEWSLETTER_WKLY_01,Paid Search,SEM_BRAND_01,"[np.str_('Email'), np.str_('Display'), np.str_('Paid Search'), np.str_('Paid Search')]","['EML_NEWSLETTER_WKLY_01', 'DSP_PROG_AWARE_01', 'SEM_GENERIC_PROD_02', 'SEM_BRAND_01']",0,0.0
USR_01837,2,Organic Search > Email,SEO_ORGANIC_DIRECT > EML_WINBACK_90D_03,Organic Search,SEO_ORGANIC_DIRECT,Email,EML_WINBACK_90D_03,"[np.str_('Organic Search'), np.str_('Email')]","['SEO_ORGANIC_DIRECT', 'EML_WINBACK_90D_03']",0,0.0
USR_01838,3,Paid Search > Social Media > Email,SEM_COMPETITOR_03 > SOC_RETARG_DPA_02 > EML_ABANDONED_CART_02,Paid Search,SEM_COMPETITOR_03,Email,EML_ABANDONED_CART_02,"[np.str_('Paid Search'), np.str_('Social Media'), np.str_('Email')]","['SEM_COMPETITOR_03', 'SOC_RETARG_DPA_02', 'EML_ABANDONED_CART_02']",0,0.0
USR_01839,2,Social Media > Social Media,SOC_INFLUENCER_BOOST_03 > SOC_INFLUENCER_BOOST_03,Social Media,SOC_INFLUENCER_BOOST_03,Social Media,SOC_INFLUENCER_BOOST_03,"[np.str_('Social Media'), np.str_('Social Media')]","['SOC_INFLUENCER_BOOST_03', 'SOC_INFLUENCER_BOOST_03']",0,0.0
USR_01840,1,Social Media,SOC_RETARG_DPA_02,Social Media,SOC_RETARG_DPA_02,Social Media,SOC_RETARG_DPA_02,[np.str_('Social Media')],['SOC_RETARG_DPA_02'],0,0.0
USR_01841,4,Social Media > Social Media > Paid Search > Email,SOC_PROSP_LOOKALIKE_01 > SOC_PROSP_LOOKALIKE_01 > SEM_GENERIC_PROD_02 > EML_NEWSLETTER_WKLY_01,Social Media,SOC_PROSP_LOOKALIKE_01,Email,EML_NEWSLETTER_WKLY_01,"[np.str_('Social Media'), np.str_('Social Media'), np.str_('Paid Search'), np.str_('Email')]","['SOC_PROSP_LOOKALIKE_01', 'SOC_PROSP_LOOKALIKE_01', 'SEM_GENERIC_PROD_02', 'EML_NEWSLETTER_WKLY_01']",0,0.0
USR_01842,5,Paid Search > Display > Organic Search > Organic Search > Organic Search,SEM_GENERIC_PROD_02 > DSP_RETARG_ABANDON_02 > SEO_ORGANIC_DIRECT > SEO_ORGANIC_DIRECT > SEO_ORGANIC_DIRECT,Paid Search,SEM_GENERIC_PROD_02,Organic Search,SEO_ORGANIC_DIRECT,"[np.str_('Paid Search'), np.str_('Display'), np.str_('Organic Search'), np.str_('Organic Search'), np.str_('Organic Search')]","['SEM_GENERIC_PROD_02', 'DSP_RETARG_ABANDON_02', 'SEO_ORGANIC_DIRECT', 'SEO_ORGANIC_DIRECT', 'SEO_ORGANIC_DIRECT']",0,0.0
USR_01843,1,Email,EML_ABANDONED_CART_02,Email,EML_ABANDONED_CART_02,Email,EML_ABANDONED_CART_02,[np.str_('Email')],['EML_ABANDONED_CART_02'],0,0.0
USR_01844,2,Display > Social Media,DSP_RETARG_ABANDON_02 > SOC_INFLUENCER_BOOST_03,Display,DSP_RETARG_ABANDON_02,Social Media,SOC_INFLUENCER_BOOST_03,"[np.str_('Display'), np.str_('Social Media')]","['DSP_RETARG_ABANDON_02', 'SOC_INFLUENCER_BOOST_03']",0,0.0
USR_01845,4,Paid Search > Social Media > Organic Search > Paid Search,SEM_COMPETITOR_03 > SOC_INFLUENCER_BOOST_03 > SEO_ORGANIC_DIRECT > SEM_COMPETITOR_03,Paid Search,SEM_COMPETITOR_03,Paid Search,SEM_COMPETITOR_03,"[np.str_('Paid Search'), np.str_('Social Media'), np.str_('Organic Search'), np.str_('Paid Search')]","['SEM_COMPETITOR_03', 'SOC_INFLUENCER_BOOST_03', 'SEO_ORGANIC_DIRECT', 'SEM_COMPETITOR_03']",1,140.29
USR_01846,3,Social Media > Organic Search > Organic Search,SOC_RETARG_DPA_02 > SEO_ORGANIC_DIRECT > SEO_ORGANIC_DIRECT,Social Media,SOC_RETARG_DPA_02,Organic Search,SEO_ORGANIC_DIRECT,"[np.str_('Social Media'), np.str_('Organic Search'), np.str_('Organic Search')]","['SOC_RETARG_DPA_02', 'SEO_ORGANIC_DIRECT', 'SEO_ORGANIC_DIRECT']",0,0.0
USR_01847,1,Paid Search,SEM_GENERIC_PROD_02,Paid Search,SEM_GENERIC_PROD_02,Paid Search,SEM_GENERIC_PROD_02,[np.str_('Paid Search')],['SEM_GENERIC_PROD_02'],0,0.0
USR_01848,1,Organic Search,SEO_ORGANIC_DIRECT,Organic Search,SEO_ORGANIC_DIRECT,Organic Search,SEO_ORGANIC_DIRECT,[np.str_('Organic Search')],['SEO_ORGANIC_DIRECT'],0,0.0
USR_01849,3,Organic Search > Paid Search > Email,SEO_ORGANIC_DIRECT > SEM_GENERIC_PROD_02 > EML_WINBACK_90D_03,Organic Search,SEO_ORGANIC_DIRECT,Email,EML_WINBACK_90D_03,"[np.str_('Organic Search'), np.str_('Paid Search'), np.str_('Email')]","['SEO_ORGANIC_DIRECT', 'SEM_GENERIC_PROD_02', 'EML_WINBACK_90D_03']",0,0.0
USR_01850,3,Paid Search > Social Media > Paid Search,SEM_COMPETITOR_03 > SOC_INFLUENCER_BOOST_03 > SEM_GENERIC_PROD_02,Paid Search,SEM_COMPETITOR_03,Paid Search,SEM_GENERIC_PROD_02,"[np.str_('Paid Search'), np.str_('Social Media'), np.str_('Paid Search')]","['SEM_COMPETITOR_03', 'SOC_INFLUENCER_BOOST_03', 'SEM_GENERIC_PROD_02']",0,0.0
USR_01851,1,Organic Search,SEO_ORGANIC_DIRECT,Organic Search,SEO_ORGANIC_DIRECT,Organic Search,SEO_ORGANIC_DIRECT,[np.str_('Organic Search')],['SEO_ORGANIC_DIRECT'],0,0.0
USR_01852,2,Social Media > Organic Search,SOC_PROSP_LOOKALIKE_01 > SEO_ORGANIC_DIRECT,Social Media,SOC_PROSP_LOOKALIKE_01,Organic Search,SEO_ORGANIC_DIRECT,"[np.str_('Social Media'), np.str_('Organic Search')]","['SOC_PROSP_LOOKALIKE_01', 'SEO_ORGANIC_DIRECT']",0,0.0
USR_01853,3,Social Media > Email > Display,SOC_RETARG_DPA_02 > EML_WINBACK_90D_03 > DSP_RETARG_ABANDON_02,Social Media,SOC_RETARG_DPA_02,Display,DSP_RETARG_ABANDON_02,"[np.str_('Social Media'), np.str_('Email'), np.str_('Display')]","['SOC_RETARG_DPA_02', 'EML_WINBACK_90D_03', 'DSP_RETARG_ABANDON_02']",0,0.0
USR_01854,2,Social Media > Paid Search,SOC_INFLUENCER_BOOST_03 > SEM_COMPETITOR_03,Social Media,SOC_INFLUENCER_BOOST_03,Paid Search,SEM_COMPETITOR_03,"[np.str_('Social Media'), np.str_('Paid Search')]","['SOC_INFLUENCER_BOOST_03', 'SEM_COMPETITOR_03']",0,0.0
USR_01855,1,Paid Search,SEM_COMPETITOR_03,Paid Search,SEM_COMPETITOR_03,Paid Search,SEM_COMPETITOR_03,[np.str_('Paid Search')],['SEM_COMPETITOR_03'],0,0.0
USR_01856,1,Social Media,SOC_PROSP_LOOKALIKE_01,Social Media,SOC_PROSP_LOOKALIKE_01,Social Media,SOC_PROSP_LOOKALIKE_01,[np.str_('Social Media')],['SOC_PROSP_LOOKALIKE_01'],0,0.0
USR_01857,1,Paid Search,SEM_GENERIC_PROD_02,Paid Search,SEM_GENERIC_PROD_02,Paid Search,SEM_GENERIC_PROD_02,[np.str_('Paid Search')],['SEM_GENERIC_PROD_02'],0,0.0
USR_01858,3,Email > Display > Paid Search,EML_NEWSLETTER_WKLY_01 > DSP_RETARG_ABANDON_02 > SEM_COMPETITOR_03,Email,EML_NEWSLETTER_WKLY_01,Paid Search,SEM_COMPETITOR_03,"[np.str_('Email'), np.str_('Display'), np.str_('Paid Search')]","['EML_NEWSLETTER_WKLY_01', 'DSP_RETARG_ABANDON_02', 'SEM_COMPETITOR_03']",0,0.0
USR_01859,1,Organic Search,SEO_ORGANIC_DIRECT,Organic Search,SEO_ORGANIC_DIRECT,Organic Search,SEO_ORGANIC_DIRECT,[np.str_('Organic Search')],['SEO_ORGANIC_DIRECT'],0,0.0
USR_01860,1,Social Media,SOC_INFLUENCER_BOOST_03,Social Media,SOC_INFLUENCER_BOOST_03,Social Media,SOC_INFLUENCER_BOOST_03,[np.str_('Social Media')],['SOC_INFLUENCER_BOOST_03'],0,0.0
USR_01861,3,Organic Search > Paid Search > Display,SEO_ORGANIC_DIRECT > SEM_GENERIC_PROD_02 > DSP_PROG_AWARE_01,Organic Search,SEO_ORGANIC_DIRECT,Display,DSP_PROG_AWARE_01,"[np.str_('Organic Search'), np.str_('Paid Search'), np.str_('Display')]","['SEO_ORGANIC_DIRECT', 'SEM_GENERIC_PROD_02', 'DSP_PROG_AWARE_01']",0,0.0
USR_01862,1,Paid Search,SEM_GENERIC_PROD_02,Paid Search,SEM_GENERIC_PROD_02,Paid Search,SEM_GENERIC_PROD_02,[np.str_('Paid Search')],['SEM_GENERIC_PROD_02'],0,0.0
USR_01863,1,Display,DSP_PROG_AWARE_01,Display,DSP_PROG_AWARE_01,Display,DSP_PROG_AWARE_01,[np.str_('Display')],['DSP_PROG_AWARE_01'],0,0.0
USR_01864,5,Social Media > Organic Search > Social Media > Organic Search > Paid Search,SOC_PROSP_LOOKALIKE_01 > SEO_ORGANIC_DIRECT > SOC_RETARG_DPA_02 > SEO_ORGANIC_DIRECT > SEM_BRAND_01,Social Media,SOC_PROSP_LOOKALIKE_01,Paid Search,SEM_BRAND_01,"[np.str_('Social Media'), np.str_('Organic Search'), np.str_('Social Media'), np.str_('Organic Search'), np.str_('Paid Search')]","['SOC_PROSP_LOOKALIKE_01', 'SEO_ORGANIC_DIRECT', 'SOC_RETARG_DPA_02', 'SEO_ORGANIC_DIRECT', 'SEM_BRAND_01']",0,0.0
USR_01865,1,Social Media,SOC_PROSP_LOOKALIKE_01,Social Media,SOC_PROSP_LOOKALIKE_01,Social Media,SOC_PROSP_LOOKALIKE_01,[np.str_('Social Media')],['SOC_PROSP_LOOKALIKE_01'],0,0.0
USR_01866,2,Display > Email,DSP_PROG_AWARE_01 > EML_WINBACK_90D_03,Display,DSP_PROG_AWARE_01,Email,EML_WINBACK_90D_03,"[np.str_('Display'), np.str_('Email')]","['DSP_PROG_AWARE_01', 'EML_WINBACK_90D_03']",0,0.0
USR_01867,2,Social Media > Paid Search,SOC_INFLUENCER_BOOST_03 > SEM_GENERIC_PROD_02,Social Media,SOC_INFLUENCER_BOOST_03,Paid Search,SEM_GENERIC_PROD_02,"[np.str_('Social Media'), np.str_('Paid Search')]","['SOC_INFLUENCER_BOOST_03', 'SEM_GENERIC_PROD_02']",0,0.0
USR_01868,1,Social Media,SOC_RETARG_DPA_02,Social Media,SOC_RETARG_DPA_02,Social Media,SOC_RETARG_DPA_02,[np.str_('Social Media')],['SOC_RETARG_DPA_02'],0,0.0
USR_01869,1,Display,DSP_RETARG_ABANDON_02,Display,DSP_RETARG_ABANDON_02,Display,DSP_RETARG_ABANDON_02,[np.str_('Display')],['DSP_RETARG_ABANDON_02'],0,0.0
USR_01870,5,Email > Display > Display > Organic Search > Display,EML_WINBACK_90D_03 > DSP_RETARG_ABANDON_02 > DSP_RETARG_ABANDON_02 > SEO_ORGANIC_DIRECT > DSP_RETARG_ABANDON_02,Email,EML_WINBACK_90D_03,Display,DSP_RETARG_ABANDON_02,"[np.str_('Email'), np.str_('Display'), np.str_('Display'), np.str_('Organic Search'), np.str_('Display')]","['EML_WINBACK_90D_03', 'DSP_RETARG_ABANDON_02', 'DSP_RETARG_ABANDON_02', 'SEO_ORGANIC_DIRECT', 'DSP_RETARG_ABANDON_02']",0,0.0
USR_01871,1,Organic Search,SEO_ORGANIC_DIRECT,Organic Search,SEO_ORGANIC_DIRECT,Organic Search,SEO_ORGANIC_DIRECT,[np.str_('Organic Search')],['SEO_ORGANIC_DIRECT'],0,0.0
USR_01872,1,Social Media,SOC_PROSP_LOOKALIKE_01,Social Media,SOC_PROSP_LOOKALIKE_01,Social Media,SOC_PROSP_LOOKALIKE_01,[np.str_('Social Media')],['SOC_PROSP_LOOKALIKE_01'],0,0.0
USR_01873,1,Display,DSP_RETARG_ABANDON_02,Display,DSP_RETARG_ABANDON_02,Display,DSP_RETARG_ABANDON_02,[np.str_('Display')],['DSP_RETARG_ABANDON_02'],0,0.0
USR_01874,1,Display,DSP_PROG_AWARE_01,Display,DSP_PROG_AWARE_01,Display,DSP_PROG_AWARE_01,[np.str_('Display')],['DSP_PROG_AWARE_01'],0,0.0
USR_01875,1,Paid Search,SEM_BRAND_01,Paid Search,SEM_BRAND_01,Paid Search,SEM_BRAND_01,[np.str_('Paid Search')],['SEM_BRAND_01'],0,0.0
USR_01876,2,Social Media > Organic Search,SOC_INFLUENCER_BOOST_03 > SEO_ORGANIC_DIRECT,Social Media,SOC_INFLUENCER_BOOST_03,Organic Search,SEO_ORGANIC_DIRECT,"[np.str_('Social Media'), np.str_('Organic Search')]","['SOC_INFLUENCER_BOOST_03', 'SEO_ORGANIC_DIRECT']",0,0.0
USR_01877,1,Display,DSP_PROG_AWARE_01,Display,DSP_PROG_AWARE_01,Display,DSP_PROG_AWARE_01,[np.str_('Display')],['DSP_PROG_AWARE_01'],0,0.0
USR_01878,2,Display > Social Media,DSP_RETARG_ABANDON_02 > SOC_INFLUENCER_BOOST_03,Display,DSP_RETARG_ABANDON_02,Social Media,SOC_INFLUENCER_BOOST_03,"[np.str_('Display'), np.str_('Social Media')]","['DSP_RETARG_ABANDON_02', 'SOC_INFLUENCER_BOOST_03']",0,0.0
USR_01879,1,Display,DSP_RETARG_ABANDON_02,Display,DSP_RETARG_ABANDON_02,Display,DSP_RETARG_ABANDON_02,[np.str_('Display')],['DSP_RETARG_ABANDON_02'],0,0.0
USR_01880,5,Display > Display > Social Media > Paid Search > Paid Search,DSP_PROG_AWARE_01 > DSP_RETARG_ABANDON_02 > SOC_RETARG_DPA_02 > SEM_COMPETITOR_03 > SEM_COMPETITOR_03,Display,DSP_PROG_AWARE_01,Paid Search,SEM_COMPETITOR_03,"[np.str_('Display'), np.str_('Display'), np.str_('Social Media'), np.str_('Paid Search'), np.str_('Paid Search')]","['DSP_PROG_AWARE_01', 'DSP_RETARG_ABANDON_02', 'SOC_RETARG_DPA_02', 'SEM_COMPETITOR_03', 'SEM_COMPETITOR_03']",1,117.72
USR_01881,1,Social Media,SOC_RETARG_DPA_02,Social Media,SOC_RETARG_DPA_02,Social Media,SOC_RETARG_DPA_02,[np.str_('Social Media')],['SOC_RETARG_DPA_02'],1,104.78
USR_01882,2,Social Media > Paid Search,SOC_RETARG_DPA_02 > SEM_BRAND_01,Social Media,SOC_RETARG_DPA_02,Paid Search,SEM_BRAND_01,"[np.str_('Social Media'), np.str_('Paid Search')]","['SOC_RETARG_DPA_02', 'SEM_BRAND_01']",0,0.0
USR_01883,3,Organic Search > Paid Search > Organic Search,SEO_ORGANIC_DIRECT > SEM_GENERIC_PROD_02 > SEO_ORGANIC_DIRECT,Organic Search,SEO_ORGANIC_DIRECT,Organic Search,SEO_ORGANIC_DIRECT,"[np.str_('Organic Search'), np.str_('Paid Search'), np.str_('Organic Search')]","['SEO_ORGANIC_DIRECT', 'SEM_GENERIC_PROD_02', 'SEO_ORGANIC_DIRECT']",0,0.0
USR_01884,1,Display,DSP_RETARG_ABANDON_02,Display,DSP_RETARG_ABANDON_02,Display,DSP_RETARG_ABANDON_02,[np.str_('Display')],['DSP_RETARG_ABANDON_02'],0,0.0
USR_01885,3,Social Media > Paid Search > Email,SOC_INFLUENCER_BOOST_03 > SEM_COMPETITOR_03 > EML_NEWSLETTER_WKLY_01,Social Media,SOC_INFLUENCER_BOOST_03,Email,EML_NEWSLETTER_WKLY_01,"[np.str_('Social Media'), np.str_('Paid Search'), np.str_('Email')]","['SOC_INFLUENCER_BOOST_03', 'SEM_COMPETITOR_03', 'EML_NEWSLETTER_WKLY_01']",0,0.0
USR_01886,1,Social Media,SOC_INFLUENCER_BOOST_03,Social Media,SOC_INFLUENCER_BOOST_03,Social Media,SOC_INFLUENCER_BOOST_03,[np.str_('Social Media')],['SOC_INFLUENCER_BOOST_03'],1,82.5
USR_01887,1,Paid Search,SEM_GENERIC_PROD_02,Paid Search,SEM_GENERIC_PROD_02,Paid Search,SEM_GENERIC_PROD_02,[np.str_('Paid Search')],['SEM_GENERIC_PROD_02'],0,0.0
USR_01888,1,Display,DSP_RETARG_ABANDON_02,Display,DSP_RETARG_ABANDON_02,Display,DSP_RETARG_ABANDON_02,[np.str_('Display')],['DSP_RETARG_ABANDON_02'],0,0.0
USR_01889,2,Paid Search > Display,SEM_GENERIC_PROD_02 > DSP_PROG_AWARE_01,Paid Search,SEM_GENERIC_PROD_02,Display,DSP_PROG_AWARE_01,"[np.str_('Paid Search'), np.str_('Display')]","['SEM_GENERIC_PROD_02', 'DSP_PROG_AWARE_01']",1,85.87
USR_01890,4,Paid Search > Email > Display > Display,SEM_COMPETITOR_03 > EML_NEWSLETTER_WKLY_01 > DSP_RETARG_ABANDON_02 > DSP_RETARG_ABANDON_02,Paid Search,SEM_COMPETITOR_03,Display,DSP_RETARG_ABANDON_02,"[np.str_('Paid Search'), np.str_('Email'), np.str_('Display'), np.str_('Display')]","['SEM_COMPETITOR_03', 'EML_NEWSLETTER_WKLY_01', 'DSP_RETARG_ABANDON_02', 'DSP_RETARG_ABANDON_02']",0,0.0
USR_01891,5,Social Media > Organic Search > Display > Social Media > Paid Search,SOC_RETARG_DPA_02 > SEO_ORGANIC_DIRECT > DSP_PROG_AWARE_01 > SOC_PROSP_LOOKALIKE_01 > SEM_BRAND_01,Social Media,SOC_RETARG_DPA_02,Paid Search,SEM_BRAND_01,"[np.str_('Social Media'), np.str_('Organic Search'), np.str_('Display'), np.str_('Social Media'), np.str_('Paid Search')]","['SOC_RETARG_DPA_02', 'SEO_ORGANIC_DIRECT', 'DSP_PROG_AWARE_01', 'SOC_PROSP_LOOKALIKE_01', 'SEM_BRAND_01']",1,100.64
USR_01892,1,Display,DSP_PROG_AWARE_01,Display,DSP_PROG_AWARE_01,Display,DSP_PROG_AWARE_01,[np.str_('Display')],['DSP_PROG_AWARE_01'],0,0.0
USR_01893,5,Paid Search > Display > Paid Search > Organic Search > Display,SEM_GENERIC_PROD_02 > DSP_RETARG_ABANDON_02 > SEM_GENERIC_PROD_02 > SEO_ORGANIC_DIRECT > DSP_PROG_AWARE_01,Paid Search,SEM_GENERIC_PROD_02,Display,DSP_PROG_AWARE_01,"[np.str_('Paid Search'), np.str_('Display'), np.str_('Paid Search'), np.str_('Organic Search'), np.str_('Display')]","['SEM_GENERIC_PROD_02', 'DSP_RETARG_ABANDON_02', 'SEM_GENERIC_PROD_02', 'SEO_ORGANIC_DIRECT', 'DSP_PROG_AWARE_01']",1,107.65
USR_01894,1,Email,EML_NEWSLETTER_WKLY_01,Email,EML_NEWSLETTER_WKLY_01,Email,EML_NEWSLETTER_WKLY_01,[np.str_('Email')],['EML_NEWSLETTER_WKLY_01'],0,0.0
USR_01895,5,Social Media > Email > Email > Display > Organic Search,SOC_PROSP_LOOKALIKE_01 > EML_ABANDONED_CART_02 > EML_WINBACK_90D_03 > DSP_PROG_AWARE_01 > SEO_ORGANIC_DIRECT,Social Media,SOC_PROSP_LOOKALIKE_01,Organic Search,SEO_ORGANIC_DIRECT,"[np.str_('Social Media'), np.str_('Email'), np.str_('Email'), np.str_('Display'), np.str_('Organic Search')]","['SOC_PROSP_LOOKALIKE_01', 'EML_ABANDONED_CART_02', 'EML_WINBACK_90D_03', 'DSP_PROG_AWARE_01', 'SEO_ORGANIC_DIRECT']",0,0.0
USR_01896,5,Social Media > Display > Social Media > Display > Paid Search,SOC_RETARG_DPA_02 > DSP_PROG_AWARE_01 > SOC_PROSP_LOOKALIKE_01 > DSP_RETARG_ABANDON_02 > SEM_GENERIC_PROD_02,Social Media,SOC_RETARG_DPA_02,Paid Search,SEM_GENERIC_PROD_02,"[np.str_('Social Media'), np.str_('Display'), np.str_('Social Media'), np.str_('Display'), np.str_('Paid Search')]","['SOC_RETARG_DPA_02', 'DSP_PROG_AWARE_01', 'SOC_PROSP_LOOKALIKE_01', 'DSP_RETARG_ABANDON_02', 'SEM_GENERIC_PROD_02']",0,0.0
USR_01897,2,Email > Organic Search,EML_WINBACK_90D_03 > SEO_ORGANIC_DIRECT,Email,EML_WINBACK_90D_03,Organic Search,SEO_ORGANIC_DIRECT,"[np.str_('Email'), np.str_('Organic Search')]","['EML_WINBACK_90D_03', 'SEO_ORGANIC_DIRECT']",0,0.0
USR_01898,1,Social Media,SOC_RETARG_DPA_02,Social Media,SOC_RETARG_DPA_02,Social Media,SOC_RETARG_DPA_02,[np.str_('Social Media')],['SOC_RETARG_DPA_02'],0,0.0
USR_01899,3,Paid Search > Paid Search > Social Media,SEM_GENERIC_PROD_02 > SEM_BRAND_01 > SOC_RETARG_DPA_02,Paid Search,SEM_GENERIC_PROD_02,Social Media,SOC_RETARG_DPA_02,"[np.str_('Paid Search'), np.str_('Paid Search'), np.str_('Social Media')]","['SEM_GENERIC_PROD_02', 'SEM_BRAND_01', 'SOC_RETARG_DPA_02']",0,0.0
USR_01900,2,Display > Organic Search,DSP_PROG_AWARE_01 > SEO_ORGANIC_DIRECT,Display,DSP_PROG_AWARE_01,Organic Search,SEO_ORGANIC_DIRECT,"[np.str_('Display'), np.str_('Organic Search')]","['DSP_PROG_AWARE_01', 'SEO_ORGANIC_DIRECT']",0,0.0
USR_01901,1,Social Media,SOC_PROSP_LOOKALIKE_01,Social Media,SOC_PROSP_LOOKALIKE_01,Social Media,SOC_PROSP_LOOKALIKE_01,[np.str_('Social Media')],['SOC_PROSP_LOOKALIKE_01'],1,117.24
USR_01902,5,Display > Display > Paid Search > Paid Search > Paid Search,DSP_PROG_AWARE_01 > DSP_RETARG_ABANDON_02 > SEM_BRAND_01 > SEM_COMPETITOR_03 > SEM_BRAND_01,Display,DSP_PROG_AWARE_01,Paid Search,SEM_BRAND_01,"[np.str_('Display'), np.str_('Display'), np.str_('Paid Search'), np.str_('Paid Search'), np.str_('Paid Search')]","['DSP_PROG_AWARE_01', 'DSP_RETARG_ABANDON_02', 'SEM_BRAND_01', 'SEM_COMPETITOR_03', 'SEM_BRAND_01']",1,98.97
USR_01903,4,Paid Search > Paid Search > Email > Organic Search,SEM_GENERIC_PROD_02 > SEM_COMPETITOR_03 > EML_WINBACK_90D_03 > SEO_ORGANIC_DIRECT,Paid Search,SEM_GENERIC_PROD_02,Organic Search,SEO_ORGANIC_DIRECT,"[np.str_('Paid Search'), np.str_('Paid Search'), np.str_('Email'), np.str_('Organic Search')]","['SEM_GENERIC_PROD_02', 'SEM_COMPETITOR_03', 'EML_WINBACK_90D_03', 'SEO_ORGANIC_DIRECT']",0,0.0
USR_01904,4,Social Media > Paid Search > Display > Paid Search,SOC_PROSP_LOOKALIKE_01 > SEM_GENERIC_PROD_02 > DSP_PROG_AWARE_01 > SEM_BRAND_01,Social Media,SOC_PROSP_LOOKALIKE_01,Paid Search,SEM_BRAND_01,"[np.str_('Social Media'), np.str_('Paid Search'), np.str_('Display'), np.str_('Paid Search')]","['SOC_PROSP_LOOKALIKE_01', 'SEM_GENERIC_PROD_02', 'DSP_PROG_AWARE_01', 'SEM_BRAND_01']",0,0.0
USR_01905,1,Display,DSP_PROG_AWARE_01,Display,DSP_PROG_AWARE_01,Display,DSP_PROG_AWARE_01,[np.str_('Display')],['DSP_PROG_AWARE_01'],0,0.0
USR_01906,5,Paid Search > Email > Social Media > Display > Organic Search,SEM_GENERIC_PROD_02 > EML_WINBACK_90D_03 > SOC_PROSP_LOOKALIKE_01 > DSP_RETARG_ABANDON_02 > SEO_ORGANIC_DIRECT,Paid Search,SEM_GENERIC_PROD_02,Organic Search,SEO_ORGANIC_DIRECT,"[np.str_('Paid Search'), np.str_('Email'), np.str_('Social Media'), np.str_('Display'), np.str_('Organic Search')]","['SEM_GENERIC_PROD_02', 'EML_WINBACK_90D_03', 'SOC_PROSP_LOOKALIKE_01', 'DSP_RETARG_ABANDON_02', 'SEO_ORGANIC_DIRECT']",0,0.0
USR_01907,3,Social Media > Email > Email,SOC_PROSP_LOOKALIKE_01 > EML_ABANDONED_CART_02 > EML_NEWSLETTER_WKLY_01,Social Media,SOC_PROSP_LOOKALIKE_01,Email,EML_NEWSLETTER_WKLY_01,"[np.str_('Social Media'), np.str_('Email'), np.str_('Email')]","['SOC_PROSP_LOOKALIKE_01', 'EML_ABANDONED_CART_02', 'EML_NEWSLETTER_WKLY_01']",0,0.0
USR_01908,4,Social Media > Social Media > Paid Search > Social Media,SOC_PROSP_LOOKALIKE_01 > SOC_PROSP_LOOKALIKE_01 > SEM_GENERIC_PROD_02 > SOC_INFLUENCER_BOOST_03,Social Media,SOC_PROSP_LOOKALIKE_01,Social Media,SOC_INFLUENCER_BOOST_03,"[np.str_('Social Media'), np.str_('Social Media'), np.str_('Paid Search'), np.str_('Social Media')]","['SOC_PROSP_LOOKALIKE_01', 'SOC_PROSP_LOOKALIKE_01', 'SEM_GENERIC_PROD_02', 'SOC_INFLUENCER_BOOST_03']",0,0.0
USR_01909,4,Social Media > Email > Social Media > Paid Search,SOC_PROSP_LOOKALIKE_01 > EML_ABANDONED_CART_02 > SOC_PROSP_LOOKALIKE_01 > SEM_COMPETITOR_03,Social Media,SOC_PROSP_LOOKALIKE_01,Paid Search,SEM_COMPETITOR_03,"[np.str_('Social Media'), np.str_('Email'), np.str_('Social Media'), np.str_('Paid Search')]","['SOC_PROSP_LOOKALIKE_01', 'EML_ABANDONED_CART_02', 'SOC_PROSP_LOOKALIKE_01', 'SEM_COMPETITOR_03']",0,0.0
USR_01910,1,Organic Search,SEO_ORGANIC_DIRECT,Organic Search,SEO_ORGANIC_DIRECT,Organic Search,SEO_ORGANIC_DIRECT,[np.str_('Organic Search')],['SEO_ORGANIC_DIRECT'],0,0.0
USR_01911,2,Paid Search > Organic Search,SEM_GENERIC_PROD_02 > SEO_ORGANIC_DIRECT,Paid Search,SEM_GENERIC_PROD_02,Organic Search,SEO_ORGANIC_DIRECT,"[np.str_('Paid Search'), np.str_('Organic Search')]","['SEM_GENERIC_PROD_02', 'SEO_ORGANIC_DIRECT']",0,0.0
USR_01912,2,Paid Search > Social Media,SEM_COMPETITOR_03 > SOC_RETARG_DPA_02,Paid Search,SEM_COMPETITOR_03,Social Media,SOC_RETARG_DPA_02,"[np.str_('Paid Search'), np.str_('Social Media')]","['SEM_COMPETITOR_03', 'SOC_RETARG_DPA_02']",0,0.0
USR_01913,3,Social Media > Social Media > Paid Search,SOC_RETARG_DPA_02 > SOC_INFLUENCER_BOOST_03 > SEM_GENERIC_PROD_02,Social Media,SOC_RETARG_DPA_02,Paid Search,SEM_GENERIC_PROD_02,"[np.str_('Social Media'), np.str_('Social Media'), np.str_('Paid Search')]","['SOC_RETARG_DPA_02', 'SOC_INFLUENCER_BOOST_03', 'SEM_GENERIC_PROD_02']",0,0.0
USR_01914,5,Display > Display > Social Media > Paid Search > Social Media,DSP_RETARG_ABANDON_02 > DSP_RETARG_ABANDON_02 > SOC_INFLUENCER_BOOST_03 > SEM_GENERIC_PROD_02 > SOC_INFLUENCER_BOOST_03,Display,DSP_RETARG_ABANDON_02,Social Media,SOC_INFLUENCER_BOOST_03,"[np.str_('Display'), np.str_('Display'), np.str_('Social Media'), np.str_('Paid Search'), np.str_('Social Media')]","['DSP_RETARG_ABANDON_02', 'DSP_RETARG_ABANDON_02', 'SOC_INFLUENCER_BOOST_03', 'SEM_GENERIC_PROD_02', 'SOC_INFLUENCER_BOOST_03']",1,88.67
USR_01915,5,Social Media > Social Media > Paid Search > Display > Email,SOC_INFLUENCER_BOOST_03 > SOC_PROSP_LOOKALIKE_01 > SEM_GENERIC_PROD_02 > DSP_RETARG_ABANDON_02 > EML_ABANDONED_CART_02,Social Media,SOC_INFLUENCER_BOOST_03,Email,EML_ABANDONED_CART_02,"[np.str_('Social Media'), np.str_('Social Media'), np.str_('Paid Search'), np.str_('Display'), np.str_('Email')]","['SOC_INFLUENCER_BOOST_03', 'SOC_PROSP_LOOKALIKE_01', 'SEM_GENERIC_PROD_02', 'DSP_RETARG_ABANDON_02', 'EML_ABANDONED_CART_02']",0,0.0
USR_01916,1,Organic Search,SEO_ORGANIC_DIRECT,Organic Search,SEO_ORGANIC_DIRECT,Organic Search,SEO_ORGANIC_DIRECT,[np.str_('Organic Search')],['SEO_ORGANIC_DIRECT'],0,0.0
USR_01917,1,Display,DSP_PROG_AWARE_01,Display,DSP_PROG_AWARE_01,Display,DSP_PROG_AWARE_01,[np.str_('Display')],['DSP_PROG_AWARE_01'],0,0.0
USR_01918,1,Organic Search,SEO_ORGANIC_DIRECT,Organic Search,SEO_ORGANIC_DIRECT,Organic Search,SEO_ORGANIC_DIRECT,[np.str_('Organic Search')],['SEO_ORGANIC_DIRECT'],0,0.0
USR_01919,1,Paid Search,SEM_COMPETITOR_03,Paid Search,SEM_COMPETITOR_03,Paid Search,SEM_COMPETITOR_03,[np.str_('Paid Search')],['SEM_COMPETITOR_03'],0,0.0
USR_01920,1,Organic Search,SEO_ORGANIC_DIRECT,Organic Search,SEO_ORGANIC_DIRECT,Organic Search,SEO_ORGANIC_DIRECT,[np.str_('Organic Search')],['SEO_ORGANIC_DIRECT'],0,0.0
USR_01921,3,Email > Paid Search > Display,EML_WINBACK_90D_03 > SEM_BRAND_01 > DSP_RETARG_ABANDON_02,Email,EML_WINBACK_90D_03,Display,DSP_RETARG_ABANDON_02,"[np.str_('Email'), np.str_('Paid Search'), np.str_('Display')]","['EML_WINBACK_90D_03', 'SEM_BRAND_01', 'DSP_RETARG_ABANDON_02']",0,0.0
USR_01922,4,Display > Paid Search > Organic Search > Email,DSP_PROG_AWARE_01 > SEM_GENERIC_PROD_02 > SEO_ORGANIC_DIRECT > EML_ABANDONED_CART_02,Display,DSP_PROG_AWARE_01,Email,EML_ABANDONED_CART_02,"[np.str_('Display'), np.str_('Paid Search'), np.str_('Organic Search'), np.str_('Email')]","['DSP_PROG_AWARE_01', 'SEM_GENERIC_PROD_02', 'SEO_ORGANIC_DIRECT', 'EML_ABANDONED_CART_02']",0,0.0
USR_01923,2,Social Media > Paid Search,SOC_RETARG_DPA_02 > SEM_BRAND_01,Social Media,SOC_RETARG_DPA_02,Paid Search,SEM_BRAND_01,"[np.str_('Social Media'), np.str_('Paid Search')]","['SOC_RETARG_DPA_02', 'SEM_BRAND_01']",0,0.0
USR_01924,1,Organic Search,SEO_ORGANIC_DIRECT,Organic Search,SEO_ORGANIC_DIRECT,Organic Search,SEO_ORGANIC_DIRECT,[np.str_('Organic Search')],['SEO_ORGANIC_DIRECT'],1,119.16
USR_01925,5,Display > Social Media > Social Media > Organic Search > Paid Search,DSP_RETARG_ABANDON_02 > SOC_PROSP_LOOKALIKE_01 > SOC_RETARG_DPA_02 > SEO_ORGANIC_DIRECT > SEM_GENERIC_PROD_02,Display,DSP_RETARG_ABANDON_02,Paid Search,SEM_GENERIC_PROD_02,"[np.str_('Display'), np.str_('Social Media'), np.str_('Social Media'), np.str_('Organic Search'), np.str_('Paid Search')]","['DSP_RETARG_ABANDON_02', 'SOC_PROSP_LOOKALIKE_01', 'SOC_RETARG_DPA_02', 'SEO_ORGANIC_DIRECT', 'SEM_GENERIC_PROD_02']",1,118.74
USR_01926,4,Display > Display > Paid Search > Email,DSP_PROG_AWARE_01 > DSP_RETARG_ABANDON_02 > SEM_COMPETITOR_03 > EML_NEWSLETTER_WKLY_01,Display,DSP_PROG_AWARE_01,Email,EML_NEWSLETTER_WKLY_01,"[np.str_('Display'), np.str_('Display'), np.str_('Paid Search'), np.str_('Email')]","['DSP_PROG_AWARE_01', 'DSP_RETARG_ABANDON_02', 'SEM_COMPETITOR_03', 'EML_NEWSLETTER_WKLY_01']",0,0.0
USR_01927,3,Display > Email > Organic Search,DSP_RETARG_ABANDON_02 > EML_WINBACK_90D_03 > SEO_ORGANIC_DIRECT,Display,DSP_RETARG_ABANDON_02,Organic Search,SEO_ORGANIC_DIRECT,"[np.str_('Display'), np.str_('Email'), np.str_('Organic Search')]","['DSP_RETARG_ABANDON_02', 'EML_WINBACK_90D_03', 'SEO_ORGANIC_DIRECT']",1,80.67
USR_01928,1,Display,DSP_RETARG_ABANDON_02,Display,DSP_RETARG_ABANDON_02,Display,DSP_RETARG_ABANDON_02,[np.str_('Display')],['DSP_RETARG_ABANDON_02'],0,0.0
USR_01929,1,Display,DSP_PROG_AWARE_01,Display,DSP_PROG_AWARE_01,Display,DSP_PROG_AWARE_01,[np.str_('Display')],['DSP_PROG_AWARE_01'],0,0.0
USR_01930,4,Social Media > Display > Social Media > Display,SOC_INFLUENCER_BOOST_03 > DSP_PROG_AWARE_01 > SOC_INFLUENCER_BOOST_03 > DSP_PROG_AWARE_01,Social Media,SOC_INFLUENCER_BOOST_03,Display,DSP_PROG_AWARE_01,"[np.str_('Social Media'), np.str_('Display'), np.str_('Social Media'), np.str_('Display')]","['SOC_INFLUENCER_BOOST_03', 'DSP_PROG_AWARE_01', 'SOC_INFLUENCER_BOOST_03', 'DSP_PROG_AWARE_01']",0,0.0
USR_01931,1,Display,DSP_RETARG_ABANDON_02,Display,DSP_RETARG_ABANDON_02,Display,DSP_RETARG_ABANDON_02,[np.str_('Display')],['DSP_RETARG_ABANDON_02'],0,0.0
USR_01932,2,Paid Search > Paid Search,SEM_GENERIC_PROD_02 > SEM_COMPETITOR_03,Paid Search,SEM_GENERIC_PROD_02,Paid Search,SEM_COMPETITOR_03,"[np.str_('Paid Search'), np.str_('Paid Search')]","['SEM_GENERIC_PROD_02', 'SEM_COMPETITOR_03']",0,0.0
USR_01933,4,Organic Search > Organic Search > Social Media > Paid Search,SEO_ORGANIC_DIRECT > SEO_ORGANIC_DIRECT > SOC_PROSP_LOOKALIKE_01 > SEM_GENERIC_PROD_02,Organic Search,SEO_ORGANIC_DIRECT,Paid Search,SEM_GENERIC_PROD_02,"[np.str_('Organic Search'), np.str_('Organic Search'), np.str_('Social Media'), np.str_('Paid Search')]","['SEO_ORGANIC_DIRECT', 'SEO_ORGANIC_DIRECT', 'SOC_PROSP_LOOKALIKE_01', 'SEM_GENERIC_PROD_02']",0,0.0
USR_01934,1,Organic Search,SEO_ORGANIC_DIRECT,Organic Search,SEO_ORGANIC_DIRECT,Organic Search,SEO_ORGANIC_DIRECT,[np.str_('Organic Search')],['SEO_ORGANIC_DIRECT'],0,0.0
USR_01935,3,Organic Search > Paid Search > Organic Search,SEO_ORGANIC_DIRECT > SEM_BRAND_01 > SEO_ORGANIC_DIRECT,Organic Search,SEO_ORGANIC_DIRECT,Organic Search,SEO_ORGANIC_DIRECT,"[np.str_('Organic Search'), np.str_('Paid Search'), np.str_('Organic Search')]","['SEO_ORGANIC_DIRECT', 'SEM_BRAND_01', 'SEO_ORGANIC_DIRECT']",0,0.0
USR_01936,1,Social Media,SOC_PROSP_LOOKALIKE_01,Social Media,SOC_PROSP_LOOKALIKE_01,Social Media,SOC_PROSP_LOOKALIKE_01,[np.str_('Social Media')],['SOC_PROSP_LOOKALIKE_01'],0,0.0
USR_01937,2,Social Media > Organic Search,SOC_INFLUENCER_BOOST_03 > SEO_ORGANIC_DIRECT,Social Media,SOC_INFLUENCER_BOOST_03,Organic Search,SEO_ORGANIC_DIRECT,"[np.str_('Social Media'), np.str_('Organic Search')]","['SOC_INFLUENCER_BOOST_03', 'SEO_ORGANIC_DIRECT']",0,0.0
USR_01938,1,Organic Search,SEO_ORGANIC_DIRECT,Organic Search,SEO_ORGANIC_DIRECT,Organic Search,SEO_ORGANIC_DIRECT,[np.str_('Organic Search')],['SEO_ORGANIC_DIRECT'],1,82.6
USR_01939,1,Social Media,SOC_PROSP_LOOKALIKE_01,Social Media,SOC_PROSP_LOOKALIKE_01,Social Media,SOC_PROSP_LOOKALIKE_01,[np.str_('Social Media')],['SOC_PROSP_LOOKALIKE_01'],0,0.0
USR_01940,1,Social Media,SOC_RETARG_DPA_02,Social Media,SOC_RETARG_DPA_02,Social Media,SOC_RETARG_DPA_02,[np.str_('Social Media')],['SOC_RETARG_DPA_02'],0,0.0
USR_01941,3,Email > Social Media > Display,EML_WINBACK_90D_03 > SOC_PROSP_LOOKALIKE_01 > DSP_PROG_AWARE_01,Email,EML_WINBACK_90D_03,Display,DSP_PROG_AWARE_01,"[np.str_('Email'), np.str_('Social Media'), np.str_('Display')]","['EML_WINBACK_90D_03', 'SOC_PROSP_LOOKALIKE_01', 'DSP_PROG_AWARE_01']",1,70.33
USR_01942,1,Organic Search,SEO_ORGANIC_DIRECT,Organic Search,SEO_ORGANIC_DIRECT,Organic Search,SEO_ORGANIC_DIRECT,[np.str_('Organic Search')],['SEO_ORGANIC_DIRECT'],0,0.0
USR_01943,1,Paid Search,SEM_COMPETITOR_03,Paid Search,SEM_COMPETITOR_03,Paid Search,SEM_COMPETITOR_03,[np.str_('Paid Search')],['SEM_COMPETITOR_03'],0,0.0
USR_01944,1,Social Media,SOC_RETARG_DPA_02,Social Media,SOC_RETARG_DPA_02,Social Media,SOC_RETARG_DPA_02,[np.str_('Social Media')],['SOC_RETARG_DPA_02'],0,0.0
USR_01945,1,Social Media,SOC_PROSP_LOOKALIKE_01,Social Media,SOC_PROSP_LOOKALIKE_01,Social Media,SOC_PROSP_LOOKALIKE_01,[np.str_('Social Media')],['SOC_PROSP_LOOKALIKE_01'],0,0.0
USR_01946,1,Paid Search,SEM_GENERIC_PROD_02,Paid Search,SEM_GENERIC_PROD_02,Paid Search,SEM_GENERIC_PROD_02,[np.str_('Paid Search')],['SEM_GENERIC_PROD_02'],0,0.0
USR_01947,3,Paid Search > Paid Search > Email,SEM_BRAND_01 > SEM_COMPETITOR_03 > EML_ABANDONED_CART_02,Paid Search,SEM_BRAND_01,Email,EML_ABANDONED_CART_02,"[np.str_('Paid Search'), np.str_('Paid Search'), np.str_('Email')]","['SEM_BRAND_01', 'SEM_COMPETITOR_03', 'EML_ABANDONED_CART_02']",0,0.0
USR_01948,5,Display > Paid Search > Social Media > Email > Social Media,DSP_RETARG_ABANDON_02 > SEM_BRAND_01 > SOC_RETARG_DPA_02 > EML_ABANDONED_CART_02 > SOC_RETARG_DPA_02,Display,DSP_RETARG_ABANDON_02,Social Media,SOC_RETARG_DPA_02,"[np.str_('Display'), np.str_('Paid Search'), np.str_('Social Media'), np.str_('Email'), np.str_('Social Media')]","['DSP_RETARG_ABANDON_02', 'SEM_BRAND_01', 'SOC_RETARG_DPA_02', 'EML_ABANDONED_CART_02', 'SOC_RETARG_DPA_02']",0,0.0
USR_01949,4,Social Media > Paid Search > Paid Search > Social Media,SOC_RETARG_DPA_02 > SEM_GENERIC_PROD_02 > SEM_BRAND_01 > SOC_INFLUENCER_BOOST_03,Social Media,SOC_RETARG_DPA_02,Social Media,SOC_INFLUENCER_BOOST_03,"[np.str_('Social Media'), np.str_('Paid Search'), np.str_('Paid Search'), np.str_('Social Media')]","['SOC_RETARG_DPA_02', 'SEM_GENERIC_PROD_02', 'SEM_BRAND_01', 'SOC_INFLUENCER_BOOST_03']",0,0.0
USR_01950,3,Social Media > Organic Search > Organic Search,SOC_PROSP_LOOKALIKE_01 > SEO_ORGANIC_DIRECT > SEO_ORGANIC_DIRECT,Social Media,SOC_PROSP_LOOKALIKE_01,Organic Search,SEO_ORGANIC_DIRECT,"[np.str_('Social Media'), np.str_('Organic Search'), np.str_('Organic Search')]","['SOC_PROSP_LOOKALIKE_01', 'SEO_ORGANIC_DIRECT', 'SEO_ORGANIC_DIRECT']",0,0.0
USR_01951,3,Display > Paid Search > Social Media,DSP_RETARG_ABANDON_02 > SEM_COMPETITOR_03 > SOC_INFLUENCER_BOOST_03,Display,DSP_RETARG_ABANDON_02,Social Media,SOC_INFLUENCER_BOOST_03,"[np.str_('Display'), np.str_('Paid Search'), np.str_('Social Media')]","['DSP_RETARG_ABANDON_02', 'SEM_COMPETITOR_03', 'SOC_INFLUENCER_BOOST_03']",0,0.0
USR_01952,1,Social Media,SOC_RETARG_DPA_02,Social Media,SOC_RETARG_DPA_02,Social Media,SOC_RETARG_DPA_02,[np.str_('Social Media')],['SOC_RETARG_DPA_02'],0,0.0
USR_01953,1,Social Media,SOC_PROSP_LOOKALIKE_01,Social Media,SOC_PROSP_LOOKALIKE_01,Social Media,SOC_PROSP_LOOKALIKE_01,[np.str_('Social Media')],['SOC_PROSP_LOOKALIKE_01'],0,0.0
USR_01954,1,Social Media,SOC_RETARG_DPA_02,Social Media,SOC_RETARG_DPA_02,Social Media,SOC_RETARG_DPA_02,[np.str_('Social Media')],['SOC_RETARG_DPA_02'],1,131.1
USR_01955,2,Social Media > Organic Search,SOC_PROSP_LOOKALIKE_01 > SEO_ORGANIC_DIRECT,Social Media,SOC_PROSP_LOOKALIKE_01,Organic Search,SEO_ORGANIC_DIRECT,"[np.str_('Social Media'), np.str_('Organic Search')]","['SOC_PROSP_LOOKALIKE_01', 'SEO_ORGANIC_DIRECT']",0,0.0
USR_01956,4,Social Media > Social Media > Organic Search > Organic Search,SOC_INFLUENCER_BOOST_03 > SOC_INFLUENCER_BOOST_03 > SEO_ORGANIC_DIRECT > SEO_ORGANIC_DIRECT,Social Media,SOC_INFLUENCER_BOOST_03,Organic Search,SEO_ORGANIC_DIRECT,"[np.str_('Social Media'), np.str_('Social Media'), np.str_('Organic Search'), np.str_('Organic Search')]","['SOC_INFLUENCER_BOOST_03', 'SOC_INFLUENCER_BOOST_03', 'SEO_ORGANIC_DIRECT', 'SEO_ORGANIC_DIRECT']",0,0.0
USR_01957,5,Display > Email > Email > Paid Search > Social Media,DSP_RETARG_ABANDON_02 > EML_NEWSLETTER_WKLY_01 > EML_NEWSLETTER_WKLY_01 > SEM_BRAND_01 > SOC_PROSP_LOOKALIKE_01,Display,DSP_RETARG_ABANDON_02,Social Media,SOC_PROSP_LOOKALIKE_01,"[np.str_('Display'), np.str_('Email'), np.str_('Email'), np.str_('Paid Search'), np.str_('Social Media')]","['DSP_RETARG_ABANDON_02', 'EML_NEWSLETTER_WKLY_01', 'EML_NEWSLETTER_WKLY_01', 'SEM_BRAND_01', 'SOC_PROSP_LOOKALIKE_01']",0,0.0
USR_01958,5,Display > Social Media > Paid Search > Organic Search > Display,DSP_PROG_AWARE_01 > SOC_RETARG_DPA_02 > SEM_GENERIC_PROD_02 > SEO_ORGANIC_DIRECT > DSP_RETARG_ABANDON_02,Display,DSP_PROG_AWARE_01,Display,DSP_RETARG_ABANDON_02,"[np.str_('Display'), np.str_('Social Media'), np.str_('Paid Search'), np.str_('Organic Search'), np.str_('Display')]","['DSP_PROG_AWARE_01', 'SOC_RETARG_DPA_02', 'SEM_GENERIC_PROD_02', 'SEO_ORGANIC_DIRECT', 'DSP_RETARG_ABANDON_02']",0,0.0
USR_01959,1,Paid Search,SEM_COMPETITOR_03,Paid Search,SEM_COMPETITOR_03,Paid Search,SEM_COMPETITOR_03,[np.str_('Paid Search')],['SEM_COMPETITOR_03'],0,0.0
USR_01960,3,Paid Search > Display > Email,SEM_GENERIC_PROD_02 > DSP_RETARG_ABANDON_02 > EML_ABANDONED_CART_02,Paid Search,SEM_GENERIC_PROD_02,Email,EML_ABANDONED_CART_02,"[np.str_('Paid Search'), np.str_('Display'), np.str_('Email')]","['SEM_GENERIC_PROD_02', 'DSP_RETARG_ABANDON_02', 'EML_ABANDONED_CART_02']",0,0.0
USR_01961,4,Social Media > Social Media > Paid Search > Email,SOC_INFLUENCER_BOOST_03 > SOC_INFLUENCER_BOOST_03 > SEM_COMPETITOR_03 > EML_WINBACK_90D_03,Social Media,SOC_INFLUENCER_BOOST_03,Email,EML_WINBACK_90D_03,"[np.str_('Social Media'), np.str_('Social Media'), np.str_('Paid Search'), np.str_('Email')]","['SOC_INFLUENCER_BOOST_03', 'SOC_INFLUENCER_BOOST_03', 'SEM_COMPETITOR_03', 'EML_WINBACK_90D_03']",0,0.0
USR_01962,3,Display > Social Media > Social Media,DSP_RETARG_ABANDON_02 > SOC_PROSP_LOOKALIKE_01 > SOC_PROSP_LOOKALIKE_01,Display,DSP_RETARG_ABANDON_02,Social Media,SOC_PROSP_LOOKALIKE_01,"[np.str_('Display'), np.str_('Social Media'), np.str_('Social Media')]","['DSP_RETARG_ABANDON_02', 'SOC_PROSP_LOOKALIKE_01', 'SOC_PROSP_LOOKALIKE_01']",0,0.0
USR_01963,1,Social Media,SOC_INFLUENCER_BOOST_03,Social Media,SOC_INFLUENCER_BOOST_03,Social Media,SOC_INFLUENCER_BOOST_03,[np.str_('Social Media')],['SOC_INFLUENCER_BOOST_03'],0,0.0
USR_01964,1,Social Media,SOC_INFLUENCER_BOOST_03,Social Media,SOC_INFLUENCER_BOOST_03,Social Media,SOC_INFLUENCER_BOOST_03,[np.str_('Social Media')],['SOC_INFLUENCER_BOOST_03'],0,0.0
USR_01965,4,Social Media > Social Media > Social Media > Paid Search,SOC_INFLUENCER_BOOST_03 > SOC_INFLUENCER_BOOST_03 > SOC_INFLUENCER_BOOST_03 > SEM_COMPETITOR_03,Social Media,SOC_INFLUENCER_BOOST_03,Paid Search,SEM_COMPETITOR_03,"[np.str_('Social Media'), np.str_('Social Media'), np.str_('Social Media'), np.str_('Paid Search')]","['SOC_INFLUENCER_BOOST_03', 'SOC_INFLUENCER_BOOST_03', 'SOC_INFLUENCER_BOOST_03', 'SEM_COMPETITOR_03']",0,0.0
USR_01966,1,Display,DSP_RETARG_ABANDON_02,Display,DSP_RETARG_ABANDON_02,Display,DSP_RETARG_ABANDON_02,[np.str_('Display')],['DSP_RETARG_ABANDON_02'],0,0.0
USR_01967,1,Organic Search,SEO_ORGANIC_DIRECT,Organic Search,SEO_ORGANIC_DIRECT,Organic Search,SEO_ORGANIC_DIRECT,[np.str_('Organic Search')],['SEO_ORGANIC_DIRECT'],0,0.0
USR_01968,1,Paid Search,SEM_COMPETITOR_03,Paid Search,SEM_COMPETITOR_03,Paid Search,SEM_COMPETITOR_03,[np.str_('Paid Search')],['SEM_COMPETITOR_03'],0,0.0
USR_01969,2,Paid Search > Email,SEM_GENERIC_PROD_02 > EML_ABANDONED_CART_02,Paid Search,SEM_GENERIC_PROD_02,Email,EML_ABANDONED_CART_02,"[np.str_('Paid Search'), np.str_('Email')]","['SEM_GENERIC_PROD_02', 'EML_ABANDONED_CART_02']",0,0.0
USR_01970,3,Display > Email > Organic Search,DSP_PROG_AWARE_01 > EML_ABANDONED_CART_02 > SEO_ORGANIC_DIRECT,Display,DSP_PROG_AWARE_01,Organic Search,SEO_ORGANIC_DIRECT,"[np.str_('Display'), np.str_('Email'), np.str_('Organic Search')]","['DSP_PROG_AWARE_01', 'EML_ABANDONED_CART_02', 'SEO_ORGANIC_DIRECT']",0,0.0
USR_01971,1,Display,DSP_RETARG_ABANDON_02,Display,DSP_RETARG_ABANDON_02,Display,DSP_RETARG_ABANDON_02,[np.str_('Display')],['DSP_RETARG_ABANDON_02'],0,0.0
USR_01972,1,Social Media,SOC_PROSP_LOOKALIKE_01,Social Media,SOC_PROSP_LOOKALIKE_01,Social Media,SOC_PROSP_LOOKALIKE_01,[np.str_('Social Media')],['SOC_PROSP_LOOKALIKE_01'],0,0.0
USR_01973,1,Organic Search,SEO_ORGANIC_DIRECT,Organic Search,SEO_ORGANIC_DIRECT,Organic Search,SEO_ORGANIC_DIRECT,[np.str_('Organic Search')],['SEO_ORGANIC_DIRECT'],0,0.0
USR_01974,3,Paid Search > Display > Paid Search,SEM_BRAND_01 > DSP_RETARG_ABANDON_02 > SEM_GENERIC_PROD_02,Paid Search,SEM_BRAND_01,Paid Search,SEM_GENERIC_PROD_02,"[np.str_('Paid Search'), np.str_('Display'), np.str_('Paid Search')]","['SEM_BRAND_01', 'DSP_RETARG_ABANDON_02', 'SEM_GENERIC_PROD_02']",1,154.99
USR_01975,2,Social Media > Organic Search,SOC_RETARG_DPA_02 > SEO_ORGANIC_DIRECT,Social Media,SOC_RETARG_DPA_02,Organic Search,SEO_ORGANIC_DIRECT,"[np.str_('Social Media'), np.str_('Organic Search')]","['SOC_RETARG_DPA_02', 'SEO_ORGANIC_DIRECT']",0,0.0
USR_01976,1,Paid Search,SEM_COMPETITOR_03,Paid Search,SEM_COMPETITOR_03,Paid Search,SEM_COMPETITOR_03,[np.str_('Paid Search')],['SEM_COMPETITOR_03'],0,0.0
USR_01977,5,Display > Social Media > Organic Search > Social Media > Paid Search,DSP_RETARG_ABANDON_02 > SOC_RETARG_DPA_02 > SEO_ORGANIC_DIRECT > SOC_INFLUENCER_BOOST_03 > SEM_COMPETITOR_03,Display,DSP_RETARG_ABANDON_02,Paid Search,SEM_COMPETITOR_03,"[np.str_('Display'), np.str_('Social Media'), np.str_('Organic Search'), np.str_('Social Media'), np.str_('Paid Search')]","['DSP_RETARG_ABANDON_02', 'SOC_RETARG_DPA_02', 'SEO_ORGANIC_DIRECT', 'SOC_INFLUENCER_BOOST_03', 'SEM_COMPETITOR_03']",0,0.0
USR_01978,3,Display > Display > Social Media,DSP_PROG_AWARE_01 > DSP_RETARG_ABANDON_02 > SOC_INFLUENCER_BOOST_03,Display,DSP_PROG_AWARE_01,Social Media,SOC_INFLUENCER_BOOST_03,"[np.str_('Display'), np.str_('Display'), np.str_('Social Media')]","['DSP_PROG_AWARE_01', 'DSP_RETARG_ABANDON_02', 'SOC_INFLUENCER_BOOST_03']",0,0.0
USR_01979,3,Social Media > Display > Social Media,SOC_INFLUENCER_BOOST_03 > DSP_PROG_AWARE_01 > SOC_PROSP_LOOKALIKE_01,Social Media,SOC_INFLUENCER_BOOST_03,Social Media,SOC_PROSP_LOOKALIKE_01,"[np.str_('Social Media'), np.str_('Display'), np.str_('Social Media')]","['SOC_INFLUENCER_BOOST_03', 'DSP_PROG_AWARE_01', 'SOC_PROSP_LOOKALIKE_01']",0,0.0
USR_01980,1,Display,DSP_RETARG_ABANDON_02,Display,DSP_RETARG_ABANDON_02,Display,DSP_RETARG_ABANDON_02,[np.str_('Display')],['DSP_RETARG_ABANDON_02'],0,0.0
USR_01981,1,Display,DSP_RETARG_ABANDON_02,Display,DSP_RETARG_ABANDON_02,Display,DSP_RETARG_ABANDON_02,[np.str_('Display')],['DSP_RETARG_ABANDON_02'],0,0.0
USR_01982,1,Organic Search,SEO_ORGANIC_DIRECT,Organic Search,SEO_ORGANIC_DIRECT,Organic Search,SEO_ORGANIC_DIRECT,[np.str_('Organic Search')],['SEO_ORGANIC_DIRECT'],0,0.0
USR_01983,1,Social Media,SOC_PROSP_LOOKALIKE_01,Social Media,SOC_PROSP_LOOKALIKE_01,Social Media,SOC_PROSP_LOOKALIKE_01,[np.str_('Social Media')],['SOC_PROSP_LOOKALIKE_01'],0,0.0
USR_01984,3,Social Media > Social Media > Social Media,SOC_RETARG_DPA_02 > SOC_INFLUENCER_BOOST_03 > SOC_RETARG_DPA_02,Social Media,SOC_RETARG_DPA_02,Social Media,SOC_RETARG_DPA_02,"[np.str_('Social Media'), np.str_('Social Media'), np.str_('Social Media')]","['SOC_RETARG_DPA_02', 'SOC_INFLUENCER_BOOST_03', 'SOC_RETARG_DPA_02']",0,0.0
USR_01985,5,Paid Search > Email > Email > Paid Search > Social Media,SEM_BRAND_01 > EML_WINBACK_90D_03 > EML_NEWSLETTER_WKLY_01 > SEM_BRAND_01 > SOC_RETARG_DPA_02,Paid Search,SEM_BRAND_01,Social Media,SOC_RETARG_DPA_02,"[np.str_('Paid Search'), np.str_('Email'), np.str_('Email'), np.str_('Paid Search'), np.str_('Social Media')]","['SEM_BRAND_01', 'EML_WINBACK_90D_03', 'EML_NEWSLETTER_WKLY_01', 'SEM_BRAND_01', 'SOC_RETARG_DPA_02']",0,0.0
USR_01986,1,Social Media,SOC_PROSP_LOOKALIKE_01,Social Media,SOC_PROSP_LOOKALIKE_01,Social Media,SOC_PROSP_LOOKALIKE_01,[np.str_('Social Media')],['SOC_PROSP_LOOKALIKE_01'],0,0.0
USR_01987,1,Social Media,SOC_PROSP_LOOKALIKE_01,Social Media,SOC_PROSP_LOOKALIKE_01,Social Media,SOC_PROSP_LOOKALIKE_01,[np.str_('Social Media')],['SOC_PROSP_LOOKALIKE_01'],0,0.0
USR_01988,1,Social Media,SOC_PROSP_LOOKALIKE_01,Social Media,SOC_PROSP_LOOKALIKE_01,Social Media,SOC_PROSP_LOOKALIKE_01,[np.str_('Social Media')],['SOC_PROSP_LOOKALIKE_01'],0,0.0
USR_01989,1,Display,DSP_PROG_AWARE_01,Display,DSP_PROG_AWARE_01,Display,DSP_PROG_AWARE_01,[np.str_('Display')],['DSP_PROG_AWARE_01'],0,0.0
USR_01990,4,Display > Email > Social Media > Organic Search,DSP_PROG_AWARE_01 > EML_ABANDONED_CART_02 > SOC_RETARG_DPA_02 > SEO_ORGANIC_DIRECT,Display,DSP_PROG_AWARE_01,Organic Search,SEO_ORGANIC_DIRECT,"[np.str_('Display'), np.str_('Email'), np.str_('Social Media'), np.str_('Organic Search')]","['DSP_PROG_AWARE_01', 'EML_ABANDONED_CART_02', 'SOC_RETARG_DPA_02', 'SEO_ORGANIC_DIRECT']",0,0.0
USR_01991,1,Display,DSP_RETARG_ABANDON_02,Display,DSP_RETARG_ABANDON_02,Display,DSP_RETARG_ABANDON_02,[np.str_('Display')],['DSP_RETARG_ABANDON_02'],1,133.12
USR_01992,3,Social Media > Paid Search > Paid Search,SOC_RETARG_DPA_02 > SEM_GENERIC_PROD_02 > SEM_GENERIC_PROD_02,Social Media,SOC_RETARG_DPA_02,Paid Search,SEM_GENERIC_PROD_02,"[np.str_('Social Media'), np.str_('Paid Search'), np.str_('Paid Search')]","['SOC_RETARG_DPA_02', 'SEM_GENERIC_PROD_02', 'SEM_GENERIC_PROD_02']",0,0.0
USR_01993,1,Organic Search,SEO_ORGANIC_DIRECT,Organic Search,SEO_ORGANIC_DIRECT,Organic Search,SEO_ORGANIC_DIRECT,[np.str_('Organic Search')],['SEO_ORGANIC_DIRECT'],0,0.0
USR_01994,1,Social Media,SOC_PROSP_LOOKALIKE_01,Social Media,SOC_PROSP_LOOKALIKE_01,Social Media,SOC_PROSP_LOOKALIKE_01,[np.str_('Social Media')],['SOC_PROSP_LOOKALIKE_01'],0,0.0
USR_01995,3,Social Media > Social Media > Display,SOC_PROSP_LOOKALIKE_01 > SOC_INFLUENCER_BOOST_03 > DSP_RETARG_ABANDON_02,Social Media,SOC_PROSP_LOOKALIKE_01,Display,DSP_RETARG_ABANDON_02,"[np.str_('Social Media'), np.str_('Social Media'), np.str_('Display')]","['SOC_PROSP_LOOKALIKE_01', 'SOC_INFLUENCER_BOOST_03', 'DSP_RETARG_ABANDON_02']",0,0.0
USR_01996,1,Social Media,SOC_PROSP_LOOKALIKE_01,Social Media,SOC_PROSP_LOOKALIKE_01,Social Media,SOC_PROSP_LOOKALIKE_01,[np.str_('Social Media')],['SOC_PROSP_LOOKALIKE_01'],0,0.0
USR_01997,1,Paid Search,SEM_GENERIC_PROD_02,Paid Search,SEM_GENERIC_PROD_02,Paid Search,SEM_GENERIC_PROD_02,[np.str_('Paid Search')],['SEM_GENERIC_PROD_02'],0,0.0
USR_01998,3,Paid Search > Paid Search > Email,SEM_COMPETITOR_03 > SEM_COMPETITOR_03 > EML_ABANDONED_CART_02,Paid Search,SEM_COMPETITOR_03,Email,EML_ABANDONED_CART_02,"[np.str_('Paid Search'), np.str_('Paid Search'), np.str_('Email')]","['SEM_COMPETITOR_03', 'SEM_COMPETITOR_03', 'EML_ABANDONED_CART_02']",0,0.0
USR_01999,2,Organic Search > Organic Search,SEO_ORGANIC_DIRECT > SEO_ORGANIC_DIRECT,Organic Search,SEO_ORGANIC_DIRECT,Organic Search,SEO_ORGANIC_DIRECT,"[np.str_('Organic Search'), np.str_('Organic Search')]","['SEO_ORGANIC_DIRECT', 'SEO_ORGANIC_DIRECT']",0,0.0
USR_02000,1,Organic Search,SEO_ORGANIC_DIRECT,Organic Search,SEO_ORGANIC_DIRECT,Organic Search,SEO_ORGANIC_DIRECT,[np.str_('Organic Search')],['SEO_ORGANIC_DIRECT'],0,0.0
USR_02001,1,Organic Search,SEO_ORGANIC_DIRECT,Organic Search,SEO_ORGANIC_DIRECT,Organic Search,SEO_ORGANIC_DIRECT,[np.str_('Organic Search')],['SEO_ORGANIC_DIRECT'],0,0.0
USR_02002,3,Social Media > Organic Search > Email,SOC_RETARG_DPA_02 > SEO_ORGANIC_DIRECT > EML_NEWSLETTER_WKLY_01,Social Media,SOC_RETARG_DPA_02,Email,EML_NEWSLETTER_WKLY_01,"[np.str_('Social Media'), np.str_('Organic Search'), np.str_('Email')]","['SOC_RETARG_DPA_02', 'SEO_ORGANIC_DIRECT', 'EML_NEWSLETTER_WKLY_01']",0,0.0
USR_02003,2,Paid Search > Paid Search,SEM_BRAND_01 > SEM_BRAND_01,Paid Search,SEM_BRAND_01,Paid Search,SEM_BRAND_01,"[np.str_('Paid Search'), np.str_('Paid Search')]","['SEM_BRAND_01', 'SEM_BRAND_01']",0,0.0
USR_02004,1,Email,EML_NEWSLETTER_WKLY_01,Email,EML_NEWSLETTER_WKLY_01,Email,EML_NEWSLETTER_WKLY_01,[np.str_('Email')],['EML_NEWSLETTER_WKLY_01'],0,0.0
USR_02005,2,Display > Social Media,DSP_RETARG_ABANDON_02 > SOC_INFLUENCER_BOOST_03,Display,DSP_RETARG_ABANDON_02,Social Media,SOC_INFLUENCER_BOOST_03,"[np.str_('Display'), np.str_('Social Media')]","['DSP_RETARG_ABANDON_02', 'SOC_INFLUENCER_BOOST_03']",0,0.0
USR_02006,2,Organic Search > Organic Search,SEO_ORGANIC_DIRECT > SEO_ORGANIC_DIRECT,Organic Search,SEO_ORGANIC_DIRECT,Organic Search,SEO_ORGANIC_DIRECT,"[np.str_('Organic Search'), np.str_('Organic Search')]","['SEO_ORGANIC_DIRECT', 'SEO_ORGANIC_DIRECT']",0,0.0
USR_02007,4,Display > Paid Search > Display > Email,DSP_RETARG_ABANDON_02 > SEM_GENERIC_PROD_02 > DSP_RETARG_ABANDON_02 > EML_NEWSLETTER_WKLY_01,Display,DSP_RETARG_ABANDON_02,Email,EML_NEWSLETTER_WKLY_01,"[np.str_('Display'), np.str_('Paid Search'), np.str_('Display'), np.str_('Email')]","['DSP_RETARG_ABANDON_02', 'SEM_GENERIC_PROD_02', 'DSP_RETARG_ABANDON_02', 'EML_NEWSLETTER_WKLY_01']",1,116.69
USR_02008,2,Organic Search > Display,SEO_ORGANIC_DIRECT > DSP_PROG_AWARE_01,Organic Search,SEO_ORGANIC_DIRECT,Display,DSP_PROG_AWARE_01,"[np.str_('Organic Search'), np.str_('Display')]","['SEO_ORGANIC_DIRECT', 'DSP_PROG_AWARE_01']",0,0.0
USR_02009,1,Paid Search,SEM_GENERIC_PROD_02,Paid Search,SEM_GENERIC_PROD_02,Paid Search,SEM_GENERIC_PROD_02,[np.str_('Paid Search')],['SEM_GENERIC_PROD_02'],0,0.0
USR_02010,1,Display,DSP_PROG_AWARE_01,Display,DSP_PROG_AWARE_01,Display,DSP_PROG_AWARE_01,[np.str_('Display')],['DSP_PROG_AWARE_01'],0,0.0
USR_02011,1,Paid Search,SEM_BRAND_01,Paid Search,SEM_BRAND_01,Paid Search,SEM_BRAND_01,[np.str_('Paid Search')],['SEM_BRAND_01'],0,0.0
USR_02012,3,Social Media > Display > Paid Search,SOC_INFLUENCER_BOOST_03 > DSP_RETARG_ABANDON_02 > SEM_BRAND_01,Social Media,SOC_INFLUENCER_BOOST_03,Paid Search,SEM_BRAND_01,"[np.str_('Social Media'), np.str_('Display'), np.str_('Paid Search')]","['SOC_INFLUENCER_BOOST_03', 'DSP_RETARG_ABANDON_02', 'SEM_BRAND_01']",0,0.0
USR_02013,2,Social Media > Social Media,SOC_INFLUENCER_BOOST_03 > SOC_RETARG_DPA_02,Social Media,SOC_INFLUENCER_BOOST_03,Social Media,SOC_RETARG_DPA_02,"[np.str_('Social Media'), np.str_('Social Media')]","['SOC_INFLUENCER_BOOST_03', 'SOC_RETARG_DPA_02']",0,0.0
USR_02014,1,Social Media,SOC_INFLUENCER_BOOST_03,Social Media,SOC_INFLUENCER_BOOST_03,Social Media,SOC_INFLUENCER_BOOST_03,[np.str_('Social Media')],['SOC_INFLUENCER_BOOST_03'],0,0.0
USR_02015,1,Display,DSP_RETARG_ABANDON_02,Display,DSP_RETARG_ABANDON_02,Display,DSP_RETARG_ABANDON_02,[np.str_('Display')],['DSP_RETARG_ABANDON_02'],0,0.0
USR_02016,4,Social Media > Email > Paid Search > Social Media,SOC_RETARG_DPA_02 > EML_ABANDONED_CART_02 > SEM_BRAND_01 > SOC_INFLUENCER_BOOST_03,Social Media,SOC_RETARG_DPA_02,Social Media,SOC_INFLUENCER_BOOST_03,"[np.str_('Social Media'), np.str_('Email'), np.str_('Paid Search'), np.str_('Social Media')]","['SOC_RETARG_DPA_02', 'EML_ABANDONED_CART_02', 'SEM_BRAND_01', 'SOC_INFLUENCER_BOOST_03']",0,0.0
USR_02017,2,Paid Search > Paid Search,SEM_BRAND_01 > SEM_BRAND_01,Paid Search,SEM_BRAND_01,Paid Search,SEM_BRAND_01,"[np.str_('Paid Search'), np.str_('Paid Search')]","['SEM_BRAND_01', 'SEM_BRAND_01']",1,109.46
USR_02018,1,Paid Search,SEM_COMPETITOR_03,Paid Search,SEM_COMPETITOR_03,Paid Search,SEM_COMPETITOR_03,[np.str_('Paid Search')],['SEM_COMPETITOR_03'],0,0.0
USR_02019,5,Social Media > Display > Paid Search > Display > Paid Search,SOC_PROSP_LOOKALIKE_01 > DSP_RETARG_ABANDON_02 > SEM_BRAND_01 > DSP_PROG_AWARE_01 > SEM_BRAND_01,Social Media,SOC_PROSP_LOOKALIKE_01,Paid Search,SEM_BRAND_01,"[np.str_('Social Media'), np.str_('Display'), np.str_('Paid Search'), np.str_('Display'), np.str_('Paid Search')]","['SOC_PROSP_LOOKALIKE_01', 'DSP_RETARG_ABANDON_02', 'SEM_BRAND_01', 'DSP_PROG_AWARE_01', 'SEM_BRAND_01']",0,0.0
USR_02020,1,Display,DSP_RETARG_ABANDON_02,Display,DSP_RETARG_ABANDON_02,Display,DSP_RETARG_ABANDON_02,[np.str_('Display')],['DSP_RETARG_ABANDON_02'],0,0.0
USR_02021,1,Organic Search,SEO_ORGANIC_DIRECT,Organic Search,SEO_ORGANIC_DIRECT,Organic Search,SEO_ORGANIC_DIRECT,[np.str_('Organic Search')],['SEO_ORGANIC_DIRECT'],0,0.0
USR_02022,5,Organic Search > Paid Search > Email > Display > Social Media,SEO_ORGANIC_DIRECT > SEM_BRAND_01 > EML_NEWSLETTER_WKLY_01 > DSP_RETARG_ABANDON_02 > SOC_RETARG_DPA_02,Organic Search,SEO_ORGANIC_DIRECT,Social Media,SOC_RETARG_DPA_02,"[np.str_('Organic Search'), np.str_('Paid Search'), np.str_('Email'), np.str_('Display'), np.str_('Social Media')]","['SEO_ORGANIC_DIRECT', 'SEM_BRAND_01', 'EML_NEWSLETTER_WKLY_01', 'DSP_RETARG_ABANDON_02', 'SOC_RETARG_DPA_02']",0,0.0
USR_02023,1,Paid Search,SEM_BRAND_01,Paid Search,SEM_BRAND_01,Paid Search,SEM_BRAND_01,[np.str_('Paid Search')],['SEM_BRAND_01'],0,0.0
USR_02024,2,Display > Display,DSP_PROG_AWARE_01 > DSP_RETARG_ABANDON_02,Display,DSP_PROG_AWARE_01,Display,DSP_RETARG_ABANDON_02,"[np.str_('Display'), np.str_('Display')]","['DSP_PROG_AWARE_01', 'DSP_RETARG_ABANDON_02']",0,0.0
USR_02025,2,Social Media > Paid Search,SOC_INFLUENCER_BOOST_03 > SEM_COMPETITOR_03,Social Media,SOC_INFLUENCER_BOOST_03,Paid Search,SEM_COMPETITOR_03,"[np.str_('Social Media'), np.str_('Paid Search')]","['SOC_INFLUENCER_BOOST_03', 'SEM_COMPETITOR_03']",0,0.0
USR_02026,2,Paid Search > Paid Search,SEM_GENERIC_PROD_02 > SEM_BRAND_01,Paid Search,SEM_GENERIC_PROD_02,Paid Search,SEM_BRAND_01,"[np.str_('Paid Search'), np.str_('Paid Search')]","['SEM_GENERIC_PROD_02', 'SEM_BRAND_01']",0,0.0
USR_02027,1,Paid Search,SEM_BRAND_01,Paid Search,SEM_BRAND_01,Paid Search,SEM_BRAND_01,[np.str_('Paid Search')],['SEM_BRAND_01'],0,0.0
USR_02028,1,Email,EML_WINBACK_90D_03,Email,EML_WINBACK_90D_03,Email,EML_WINBACK_90D_03,[np.str_('Email')],['EML_WINBACK_90D_03'],0,0.0
USR_02029,2,Social Media > Paid Search,SOC_PROSP_LOOKALIKE_01 > SEM_BRAND_01,Social Media,SOC_PROSP_LOOKALIKE_01,Paid Search,SEM_BRAND_01,"[np.str_('Social Media'), np.str_('Paid Search')]","['SOC_PROSP_LOOKALIKE_01', 'SEM_BRAND_01']",0,0.0
USR_02030,1,Display,DSP_PROG_AWARE_01,Display,DSP_PROG_AWARE_01,Display,DSP_PROG_AWARE_01,[np.str_('Display')],['DSP_PROG_AWARE_01'],0,0.0
USR_02031,3,Organic Search > Social Media > Organic Search,SEO_ORGANIC_DIRECT > SOC_PROSP_LOOKALIKE_01 > SEO_ORGANIC_DIRECT,Organic Search,SEO_ORGANIC_DIRECT,Organic Search,SEO_ORGANIC_DIRECT,"[np.str_('Organic Search'), np.str_('Social Media'), np.str_('Organic Search')]","['SEO_ORGANIC_DIRECT', 'SOC_PROSP_LOOKALIKE_01', 'SEO_ORGANIC_DIRECT']",0,0.0
USR_02032,1,Organic Search,SEO_ORGANIC_DIRECT,Organic Search,SEO_ORGANIC_DIRECT,Organic Search,SEO_ORGANIC_DIRECT,[np.str_('Organic Search')],['SEO_ORGANIC_DIRECT'],0,0.0
USR_02033,2,Organic Search > Display,SEO_ORGANIC_DIRECT > DSP_RETARG_ABANDON_02,Organic Search,SEO_ORGANIC_DIRECT,Display,DSP_RETARG_ABANDON_02,"[np.str_('Organic Search'), np.str_('Display')]","['SEO_ORGANIC_DIRECT', 'DSP_RETARG_ABANDON_02']",0,0.0
USR_02034,1,Paid Search,SEM_GENERIC_PROD_02,Paid Search,SEM_GENERIC_PROD_02,Paid Search,SEM_GENERIC_PROD_02,[np.str_('Paid Search')],['SEM_GENERIC_PROD_02'],0,0.0
USR_02035,2,Display > Social Media,DSP_RETARG_ABANDON_02 > SOC_INFLUENCER_BOOST_03,Display,DSP_RETARG_ABANDON_02,Social Media,SOC_INFLUENCER_BOOST_03,"[np.str_('Display'), np.str_('Social Media')]","['DSP_RETARG_ABANDON_02', 'SOC_INFLUENCER_BOOST_03']",0,0.0
USR_02036,3,Social Media > Email > Display,SOC_RETARG_DPA_02 > EML_ABANDONED_CART_02 > DSP_RETARG_ABANDON_02,Social Media,SOC_RETARG_DPA_02,Display,DSP_RETARG_ABANDON_02,"[np.str_('Social Media'), np.str_('Email'), np.str_('Display')]","['SOC_RETARG_DPA_02', 'EML_ABANDONED_CART_02', 'DSP_RETARG_ABANDON_02']",0,0.0
USR_02037,1,Email,EML_WINBACK_90D_03,Email,EML_WINBACK_90D_03,Email,EML_WINBACK_90D_03,[np.str_('Email')],['EML_WINBACK_90D_03'],0,0.0
USR_02038,3,Display > Paid Search > Social Media,DSP_RETARG_ABANDON_02 > SEM_GENERIC_PROD_02 > SOC_RETARG_DPA_02,Display,DSP_RETARG_ABANDON_02,Social Media,SOC_RETARG_DPA_02,"[np.str_('Display'), np.str_('Paid Search'), np.str_('Social Media')]","['DSP_RETARG_ABANDON_02', 'SEM_GENERIC_PROD_02', 'SOC_RETARG_DPA_02']",0,0.0
USR_02039,1,Paid Search,SEM_BRAND_01,Paid Search,SEM_BRAND_01,Paid Search,SEM_BRAND_01,[np.str_('Paid Search')],['SEM_BRAND_01'],0,0.0
USR_02040,3,Organic Search > Social Media > Email,SEO_ORGANIC_DIRECT > SOC_PROSP_LOOKALIKE_01 > EML_ABANDONED_CART_02,Organic Search,SEO_ORGANIC_DIRECT,Email,EML_ABANDONED_CART_02,"[np.str_('Organic Search'), np.str_('Social Media'), np.str_('Email')]","['SEO_ORGANIC_DIRECT', 'SOC_PROSP_LOOKALIKE_01', 'EML_ABANDONED_CART_02']",0,0.0
USR_02041,5,Social Media > Social Media > Paid Search > Email > Social Media,SOC_INFLUENCER_BOOST_03 > SOC_RETARG_DPA_02 > SEM_GENERIC_PROD_02 > EML_NEWSLETTER_WKLY_01 > SOC_RETARG_DPA_02,Social Media,SOC_INFLUENCER_BOOST_03,Social Media,SOC_RETARG_DPA_02,"[np.str_('Social Media'), np.str_('Social Media'), np.str_('Paid Search'), np.str_('Email'), np.str_('Social Media')]","['SOC_INFLUENCER_BOOST_03', 'SOC_RETARG_DPA_02', 'SEM_GENERIC_PROD_02', 'EML_NEWSLETTER_WKLY_01', 'SOC_RETARG_DPA_02']",0,0.0
USR_02042,2,Social Media > Paid Search,SOC_INFLUENCER_BOOST_03 > SEM_BRAND_01,Social Media,SOC_INFLUENCER_BOOST_03,Paid Search,SEM_BRAND_01,"[np.str_('Social Media'), np.str_('Paid Search')]","['SOC_INFLUENCER_BOOST_03', 'SEM_BRAND_01']",0,0.0
USR_02043,3,Organic Search > Paid Search > Social Media,SEO_ORGANIC_DIRECT > SEM_GENERIC_PROD_02 > SOC_RETARG_DPA_02,Organic Search,SEO_ORGANIC_DIRECT,Social Media,SOC_RETARG_DPA_02,"[np.str_('Organic Search'), np.str_('Paid Search'), np.str_('Social Media')]","['SEO_ORGANIC_DIRECT', 'SEM_GENERIC_PROD_02', 'SOC_RETARG_DPA_02']",0,0.0
USR_02044,1,Social Media,SOC_INFLUENCER_BOOST_03,Social Media,SOC_INFLUENCER_BOOST_03,Social Media,SOC_INFLUENCER_BOOST_03,[np.str_('Social Media')],['SOC_INFLUENCER_BOOST_03'],0,0.0
USR_02045,2,Social Media > Social Media,SOC_RETARG_DPA_02 > SOC_PROSP_LOOKALIKE_01,Social Media,SOC_RETARG_DPA_02,Social Media,SOC_PROSP_LOOKALIKE_01,"[np.str_('Social Media'), np.str_('Social Media')]","['SOC_RETARG_DPA_02', 'SOC_PROSP_LOOKALIKE_01']",0,0.0
USR_02046,2,Social Media > Paid Search,SOC_INFLUENCER_BOOST_03 > SEM_BRAND_01,Social Media,SOC_INFLUENCER_BOOST_03,Paid Search,SEM_BRAND_01,"[np.str_('Social Media'), np.str_('Paid Search')]","['SOC_INFLUENCER_BOOST_03', 'SEM_BRAND_01']",0,0.0
USR_02047,2,Social Media > Email,SOC_INFLUENCER_BOOST_03 > EML_ABANDONED_CART_02,Social Media,SOC_INFLUENCER_BOOST_03,Email,EML_ABANDONED_CART_02,"[np.str_('Social Media'), np.str_('Email')]","['SOC_INFLUENCER_BOOST_03', 'EML_ABANDONED_CART_02']",1,134.13
USR_02048,1,Social Media,SOC_INFLUENCER_BOOST_03,Social Media,SOC_INFLUENCER_BOOST_03,Social Media,SOC_INFLUENCER_BOOST_03,[np.str_('Social Media')],['SOC_INFLUENCER_BOOST_03'],1,25.0
USR_02049,2,Paid Search > Organic Search,SEM_GENERIC_PROD_02 > SEO_ORGANIC_DIRECT,Paid Search,SEM_GENERIC_PROD_02,Organic Search,SEO_ORGANIC_DIRECT,"[np.str_('Paid Search'), np.str_('Organic Search')]","['SEM_GENERIC_PROD_02', 'SEO_ORGANIC_DIRECT']",1,82.72
USR_02050,5,Paid Search > Paid Search > Social Media > Display > Social Media,SEM_GENERIC_PROD_02 > SEM_COMPETITOR_03 > SOC_RETARG_DPA_02 > DSP_PROG_AWARE_01 > SOC_PROSP_LOOKALIKE_01,Paid Search,SEM_GENERIC_PROD_02,Social Media,SOC_PROSP_LOOKALIKE_01,"[np.str_('Paid Search'), np.str_('Paid Search'), np.str_('Social Media'), np.str_('Display'), np.str_('Social Media')]","['SEM_GENERIC_PROD_02', 'SEM_COMPETITOR_03', 'SOC_RETARG_DPA_02', 'DSP_PROG_AWARE_01', 'SOC_PROSP_LOOKALIKE_01']",0,0.0
USR_02051,5,Paid Search > Email > Display > Display > Email,SEM_COMPETITOR_03 > EML_NEWSLETTER_WKLY_01 > DSP_PROG_AWARE_01 > DSP_RETARG_ABANDON_02 > EML_ABANDONED_CART_02,Paid Search,SEM_COMPETITOR_03,Email,EML_ABANDONED_CART_02,"[np.str_('Paid Search'), np.str_('Email'), np.str_('Display'), np.str_('Display'), np.str_('Email')]","['SEM_COMPETITOR_03', 'EML_NEWSLETTER_WKLY_01', 'DSP_PROG_AWARE_01', 'DSP_RETARG_ABANDON_02', 'EML_ABANDONED_CART_02']",0,0.0
USR_02052,2,Social Media > Paid Search,SOC_PROSP_LOOKALIKE_01 > SEM_GENERIC_PROD_02,Social Media,SOC_PROSP_LOOKALIKE_01,Paid Search,SEM_GENERIC_PROD_02,"[np.str_('Social Media'), np.str_('Paid Search')]","['SOC_PROSP_LOOKALIKE_01', 'SEM_GENERIC_PROD_02']",0,0.0
USR_02053,2,Organic Search > Organic Search,SEO_ORGANIC_DIRECT > SEO_ORGANIC_DIRECT,Organic Search,SEO_ORGANIC_DIRECT,Organic Search,SEO_ORGANIC_DIRECT,"[np.str_('Organic Search'), np.str_('Organic Search')]","['SEO_ORGANIC_DIRECT', 'SEO_ORGANIC_DIRECT']",0,0.0
USR_02054,1,Organic Search,SEO_ORGANIC_DIRECT,Organic Search,SEO_ORGANIC_DIRECT,Organic Search,SEO_ORGANIC_DIRECT,[np.str_('Organic Search')],['SEO_ORGANIC_DIRECT'],0,0.0
USR_02055,3,Social Media > Email > Organic Search,SOC_RETARG_DPA_02 > EML_ABANDONED_CART_02 > SEO_ORGANIC_DIRECT,Social Media,SOC_RETARG_DPA_02,Organic Search,SEO_ORGANIC_DIRECT,"[np.str_('Social Media'), np.str_('Email'), np.str_('Organic Search')]","['SOC_RETARG_DPA_02', 'EML_ABANDONED_CART_02', 'SEO_ORGANIC_DIRECT']",0,0.0
USR_02056,2,Display > Paid Search,DSP_RETARG_ABANDON_02 > SEM_BRAND_01,Display,DSP_RETARG_ABANDON_02,Paid Search,SEM_BRAND_01,"[np.str_('Display'), np.str_('Paid Search')]","['DSP_RETARG_ABANDON_02', 'SEM_BRAND_01']",0,0.0
USR_02057,1,Organic Search,SEO_ORGANIC_DIRECT,Organic Search,SEO_ORGANIC_DIRECT,Organic Search,SEO_ORGANIC_DIRECT,[np.str_('Organic Search')],['SEO_ORGANIC_DIRECT'],0,0.0
USR_02058,4,Display > Display > Display > Social Media,DSP_PROG_AWARE_01 > DSP_PROG_AWARE_01 > DSP_PROG_AWARE_01 > SOC_PROSP_LOOKALIKE_01,Display,DSP_PROG_AWARE_01,Social Media,SOC_PROSP_LOOKALIKE_01,"[np.str_('Display'), np.str_('Display'), np.str_('Display'), np.str_('Social Media')]","['DSP_PROG_AWARE_01', 'DSP_PROG_AWARE_01', 'DSP_PROG_AWARE_01', 'SOC_PROSP_LOOKALIKE_01']",0,0.0
USR_02059,1,Organic Search,SEO_ORGANIC_DIRECT,Organic Search,SEO_ORGANIC_DIRECT,Organic Search,SEO_ORGANIC_DIRECT,[np.str_('Organic Search')],['SEO_ORGANIC_DIRECT'],0,0.0
USR_02060,3,Social Media > Social Media > Social Media,SOC_INFLUENCER_BOOST_03 > SOC_RETARG_DPA_02 > SOC_RETARG_DPA_02,Social Media,SOC_INFLUENCER_BOOST_03,Social Media,SOC_RETARG_DPA_02,"[np.str_('Social Media'), np.str_('Social Media'), np.str_('Social Media')]","['SOC_INFLUENCER_BOOST_03', 'SOC_RETARG_DPA_02', 'SOC_RETARG_DPA_02']",0,0.0
USR_02061,2,Paid Search > Email,SEM_BRAND_01 > EML_NEWSLETTER_WKLY_01,Paid Search,SEM_BRAND_01,Email,EML_NEWSLETTER_WKLY_01,"[np.str_('Paid Search'), np.str_('Email')]","['SEM_BRAND_01', 'EML_NEWSLETTER_WKLY_01']",1,58.94
USR_02062,2,Social Media > Organic Search,SOC_INFLUENCER_BOOST_03 > SEO_ORGANIC_DIRECT,Social Media,SOC_INFLUENCER_BOOST_03,Organic Search,SEO_ORGANIC_DIRECT,"[np.str_('Social Media'), np.str_('Organic Search')]","['SOC_INFLUENCER_BOOST_03', 'SEO_ORGANIC_DIRECT']",0,0.0
USR_02063,2,Paid Search > Social Media,SEM_GENERIC_PROD_02 > SOC_INFLUENCER_BOOST_03,Paid Search,SEM_GENERIC_PROD_02,Social Media,SOC_INFLUENCER_BOOST_03,"[np.str_('Paid Search'), np.str_('Social Media')]","['SEM_GENERIC_PROD_02', 'SOC_INFLUENCER_BOOST_03']",0,0.0
USR_02064,2,Paid Search > Organic Search,SEM_COMPETITOR_03 > SEO_ORGANIC_DIRECT,Paid Search,SEM_COMPETITOR_03,Organic Search,SEO_ORGANIC_DIRECT,"[np.str_('Paid Search'), np.str_('Organic Search')]","['SEM_COMPETITOR_03', 'SEO_ORGANIC_DIRECT']",0,0.0
USR_02065,5,Display > Social Media > Paid Search > Social Media > Paid Search,DSP_RETARG_ABANDON_02 > SOC_RETARG_DPA_02 > SEM_BRAND_01 > SOC_PROSP_LOOKALIKE_01 > SEM_GENERIC_PROD_02,Display,DSP_RETARG_ABANDON_02,Paid Search,SEM_GENERIC_PROD_02,"[np.str_('Display'), np.str_('Social Media'), np.str_('Paid Search'), np.str_('Social Media'), np.str_('Paid Search')]","['DSP_RETARG_ABANDON_02', 'SOC_RETARG_DPA_02', 'SEM_BRAND_01', 'SOC_PROSP_LOOKALIKE_01', 'SEM_GENERIC_PROD_02']",0,0.0
USR_02066,2,Display > Organic Search,DSP_PROG_AWARE_01 > SEO_ORGANIC_DIRECT,Display,DSP_PROG_AWARE_01,Organic Search,SEO_ORGANIC_DIRECT,"[np.str_('Display'), np.str_('Organic Search')]","['DSP_PROG_AWARE_01', 'SEO_ORGANIC_DIRECT']",0,0.0
USR_02067,5,Organic Search > Display > Paid Search > Paid Search > Email,SEO_ORGANIC_DIRECT > DSP_PROG_AWARE_01 > SEM_COMPETITOR_03 > SEM_BRAND_01 > EML_WINBACK_90D_03,Organic Search,SEO_ORGANIC_DIRECT,Email,EML_WINBACK_90D_03,"[np.str_('Organic Search'), np.str_('Display'), np.str_('Paid Search'), np.str_('Paid Search'), np.str_('Email')]","['SEO_ORGANIC_DIRECT', 'DSP_PROG_AWARE_01', 'SEM_COMPETITOR_03', 'SEM_BRAND_01', 'EML_WINBACK_90D_03']",1,80.5
USR_02068,1,Social Media,SOC_INFLUENCER_BOOST_03,Social Media,SOC_INFLUENCER_BOOST_03,Social Media,SOC_INFLUENCER_BOOST_03,[np.str_('Social Media')],['SOC_INFLUENCER_BOOST_03'],0,0.0
USR_02069,3,Social Media > Display > Paid Search,SOC_PROSP_LOOKALIKE_01 > DSP_PROG_AWARE_01 > SEM_COMPETITOR_03,Social Media,SOC_PROSP_LOOKALIKE_01,Paid Search,SEM_COMPETITOR_03,"[np.str_('Social Media'), np.str_('Display'), np.str_('Paid Search')]","['SOC_PROSP_LOOKALIKE_01', 'DSP_PROG_AWARE_01', 'SEM_COMPETITOR_03']",0,0.0
USR_02070,1,Organic Search,SEO_ORGANIC_DIRECT,Organic Search,SEO_ORGANIC_DIRECT,Organic Search,SEO_ORGANIC_DIRECT,[np.str_('Organic Search')],['SEO_ORGANIC_DIRECT'],1,83.97
USR_02071,4,Paid Search > Paid Search > Social Media > Email,SEM_COMPETITOR_03 > SEM_BRAND_01 > SOC_RETARG_DPA_02 > EML_WINBACK_90D_03,Paid Search,SEM_COMPETITOR_03,Email,EML_WINBACK_90D_03,"[np.str_('Paid Search'), np.str_('Paid Search'), np.str_('Social Media'), np.str_('Email')]","['SEM_COMPETITOR_03', 'SEM_BRAND_01', 'SOC_RETARG_DPA_02', 'EML_WINBACK_90D_03']",0,0.0
USR_02072,2,Social Media > Email,SOC_INFLUENCER_BOOST_03 > EML_ABANDONED_CART_02,Social Media,SOC_INFLUENCER_BOOST_03,Email,EML_ABANDONED_CART_02,"[np.str_('Social Media'), np.str_('Email')]","['SOC_INFLUENCER_BOOST_03', 'EML_ABANDONED_CART_02']",0,0.0
USR_02073,3,Display > Display > Paid Search,DSP_PROG_AWARE_01 > DSP_RETARG_ABANDON_02 > SEM_COMPETITOR_03,Display,DSP_PROG_AWARE_01,Paid Search,SEM_COMPETITOR_03,"[np.str_('Display'), np.str_('Display'), np.str_('Paid Search')]","['DSP_PROG_AWARE_01', 'DSP_RETARG_ABANDON_02', 'SEM_COMPETITOR_03']",0,0.0
USR_02074,1,Paid Search,SEM_GENERIC_PROD_02,Paid Search,SEM_GENERIC_PROD_02,Paid Search,SEM_GENERIC_PROD_02,[np.str_('Paid Search')],['SEM_GENERIC_PROD_02'],0,0.0
USR_02075,4,Display > Display > Email > Email,DSP_PROG_AWARE_01 > DSP_RETARG_ABANDON_02 > EML_NEWSLETTER_WKLY_01 > EML_ABANDONED_CART_02,Display,DSP_PROG_AWARE_01,Email,EML_ABANDONED_CART_02,"[np.str_('Display'), np.str_('Display'), np.str_('Email'), np.str_('Email')]","['DSP_PROG_AWARE_01', 'DSP_RETARG_ABANDON_02', 'EML_NEWSLETTER_WKLY_01', 'EML_ABANDONED_CART_02']",0,0.0
USR_02076,4,Social Media > Email > Display > Paid Search,SOC_INFLUENCER_BOOST_03 > EML_ABANDONED_CART_02 > DSP_PROG_AWARE_01 > SEM_GENERIC_PROD_02,Social Media,SOC_INFLUENCER_BOOST_03,Paid Search,SEM_GENERIC_PROD_02,"[np.str_('Social Media'), np.str_('Email'), np.str_('Display'), np.str_('Paid Search')]","['SOC_INFLUENCER_BOOST_03', 'EML_ABANDONED_CART_02', 'DSP_PROG_AWARE_01', 'SEM_GENERIC_PROD_02']",1,110.44
USR_02077,1,Social Media,SOC_PROSP_LOOKALIKE_01,Social Media,SOC_PROSP_LOOKALIKE_01,Social Media,SOC_PROSP_LOOKALIKE_01,[np.str_('Social Media')],['SOC_PROSP_LOOKALIKE_01'],0,0.0
USR_02078,5,Display > Display > Organic Search > Display > Email,DSP_PROG_AWARE_01 > DSP_PROG_AWARE_01 > SEO_ORGANIC_DIRECT > DSP_PROG_AWARE_01 > EML_NEWSLETTER_WKLY_01,Display,DSP_PROG_AWARE_01,Email,EML_NEWSLETTER_WKLY_01,"[np.str_('Display'), np.str_('Display'), np.str_('Organic Search'), np.str_('Display'), np.str_('Email')]","['DSP_PROG_AWARE_01', 'DSP_PROG_AWARE_01', 'SEO_ORGANIC_DIRECT', 'DSP_PROG_AWARE_01', 'EML_NEWSLETTER_WKLY_01']",0,0.0
USR_02079,2,Display > Email,DSP_RETARG_ABANDON_02 > EML_WINBACK_90D_03,Display,DSP_RETARG_ABANDON_02,Email,EML_WINBACK_90D_03,"[np.str_('Display'), np.str_('Email')]","['DSP_RETARG_ABANDON_02', 'EML_WINBACK_90D_03']",0,0.0
USR_02080,2,Organic Search > Email,SEO_ORGANIC_DIRECT > EML_NEWSLETTER_WKLY_01,Organic Search,SEO_ORGANIC_DIRECT,Email,EML_NEWSLETTER_WKLY_01,"[np.str_('Organic Search'), np.str_('Email')]","['SEO_ORGANIC_DIRECT', 'EML_NEWSLETTER_WKLY_01']",1,126.39
USR_02081,1,Display,DSP_RETARG_ABANDON_02,Display,DSP_RETARG_ABANDON_02,Display,DSP_RETARG_ABANDON_02,[np.str_('Display')],['DSP_RETARG_ABANDON_02'],0,0.0
USR_02082,3,Display > Display > Email,DSP_PROG_AWARE_01 > DSP_RETARG_ABANDON_02 > EML_WINBACK_90D_03,Display,DSP_PROG_AWARE_01,Email,EML_WINBACK_90D_03,"[np.str_('Display'), np.str_('Display'), np.str_('Email')]","['DSP_PROG_AWARE_01', 'DSP_RETARG_ABANDON_02', 'EML_WINBACK_90D_03']",0,0.0
USR_02083,2,Display > Paid Search,DSP_PROG_AWARE_01 > SEM_GENERIC_PROD_02,Display,DSP_PROG_AWARE_01,Paid Search,SEM_GENERIC_PROD_02,"[np.str_('Display'), np.str_('Paid Search')]","['DSP_PROG_AWARE_01', 'SEM_GENERIC_PROD_02']",0,0.0
USR_02084,1,Display,DSP_RETARG_ABANDON_02,Display,DSP_RETARG_ABANDON_02,Display,DSP_RETARG_ABANDON_02,[np.str_('Display')],['DSP_RETARG_ABANDON_02'],0,0.0
USR_02085,1,Social Media,SOC_PROSP_LOOKALIKE_01,Social Media,SOC_PROSP_LOOKALIKE_01,Social Media,SOC_PROSP_LOOKALIKE_01,[np.str_('Social Media')],['SOC_PROSP_LOOKALIKE_01'],0,0.0
USR_02086,1,Display,DSP_RETARG_ABANDON_02,Display,DSP_RETARG_ABANDON_02,Display,DSP_RETARG_ABANDON_02,[np.str_('Display')],['DSP_RETARG_ABANDON_02'],0,0.0
USR_02087,2,Display > Social Media,DSP_RETARG_ABANDON_02 > SOC_INFLUENCER_BOOST_03,Display,DSP_RETARG_ABANDON_02,Social Media,SOC_INFLUENCER_BOOST_03,"[np.str_('Display'), np.str_('Social Media')]","['DSP_RETARG_ABANDON_02', 'SOC_INFLUENCER_BOOST_03']",0,0.0
USR_02088,1,Display,DSP_PROG_AWARE_01,Display,DSP_PROG_AWARE_01,Display,DSP_PROG_AWARE_01,[np.str_('Display')],['DSP_PROG_AWARE_01'],0,0.0
USR_02089,1,Email,EML_WINBACK_90D_03,Email,EML_WINBACK_90D_03,Email,EML_WINBACK_90D_03,[np.str_('Email')],['EML_WINBACK_90D_03'],0,0.0
USR_02090,1,Organic Search,SEO_ORGANIC_DIRECT,Organic Search,SEO_ORGANIC_DIRECT,Organic Search,SEO_ORGANIC_DIRECT,[np.str_('Organic Search')],['SEO_ORGANIC_DIRECT'],0,0.0
USR_02091,1,Display,DSP_RETARG_ABANDON_02,Display,DSP_RETARG_ABANDON_02,Display,DSP_RETARG_ABANDON_02,[np.str_('Display')],['DSP_RETARG_ABANDON_02'],0,0.0
USR_02092,3,Social Media > Paid Search > Organic Search,SOC_RETARG_DPA_02 > SEM_GENERIC_PROD_02 > SEO_ORGANIC_DIRECT,Social Media,SOC_RETARG_DPA_02,Organic Search,SEO_ORGANIC_DIRECT,"[np.str_('Social Media'), np.str_('Paid Search'), np.str_('Organic Search')]","['SOC_RETARG_DPA_02', 'SEM_GENERIC_PROD_02', 'SEO_ORGANIC_DIRECT']",0,0.0
USR_02093,5,Social Media > Organic Search > Social Media > Display > Email,SOC_INFLUENCER_BOOST_03 > SEO_ORGANIC_DIRECT > SOC_PROSP_LOOKALIKE_01 > DSP_PROG_AWARE_01 > EML_ABANDONED_CART_02,Social Media,SOC_INFLUENCER_BOOST_03,Email,EML_ABANDONED_CART_02,"[np.str_('Social Media'), np.str_('Organic Search'), np.str_('Social Media'), np.str_('Display'), np.str_('Email')]","['SOC_INFLUENCER_BOOST_03', 'SEO_ORGANIC_DIRECT', 'SOC_PROSP_LOOKALIKE_01', 'DSP_PROG_AWARE_01', 'EML_ABANDONED_CART_02']",0,0.0
USR_02094,1,Social Media,SOC_INFLUENCER_BOOST_03,Social Media,SOC_INFLUENCER_BOOST_03,Social Media,SOC_INFLUENCER_BOOST_03,[np.str_('Social Media')],['SOC_INFLUENCER_BOOST_03'],0,0.0
USR_02095,1,Paid Search,SEM_BRAND_01,Paid Search,SEM_BRAND_01,Paid Search,SEM_BRAND_01,[np.str_('Paid Search')],['SEM_BRAND_01'],0,0.0
USR_02096,1,Social Media,SOC_RETARG_DPA_02,Social Media,SOC_RETARG_DPA_02,Social Media,SOC_RETARG_DPA_02,[np.str_('Social Media')],['SOC_RETARG_DPA_02'],0,0.0
USR_02097,3,Display > Display > Social Media,DSP_PROG_AWARE_01 > DSP_RETARG_ABANDON_02 > SOC_PROSP_LOOKALIKE_01,Display,DSP_PROG_AWARE_01,Social Media,SOC_PROSP_LOOKALIKE_01,"[np.str_('Display'), np.str_('Display'), np.str_('Social Media')]","['DSP_PROG_AWARE_01', 'DSP_RETARG_ABANDON_02', 'SOC_PROSP_LOOKALIKE_01']",0,0.0
USR_02098,1,Display,DSP_PROG_AWARE_01,Display,DSP_PROG_AWARE_01,Display,DSP_PROG_AWARE_01,[np.str_('Display')],['DSP_PROG_AWARE_01'],0,0.0
USR_02099,1,Organic Search,SEO_ORGANIC_DIRECT,Organic Search,SEO_ORGANIC_DIRECT,Organic Search,SEO_ORGANIC_DIRECT,[np.str_('Organic Search')],['SEO_ORGANIC_DIRECT'],0,0.0
USR_02100,1,Paid Search,SEM_GENERIC_PROD_02,Paid Search,SEM_GENERIC_PROD_02,Paid Search,SEM_GENERIC_PROD_02,[np.str_('Paid Search')],['SEM_GENERIC_PROD_02'],0,0.0
USR_02101,1,Organic Search,SEO_ORGANIC_DIRECT,Organic Search,SEO_ORGANIC_DIRECT,Organic Search,SEO_ORGANIC_DIRECT,[np.str_('Organic Search')],['SEO_ORGANIC_DIRECT'],0,0.0
USR_02102,1,Display,DSP_PROG_AWARE_01,Display,DSP_PROG_AWARE_01,Display,DSP_PROG_AWARE_01,[np.str_('Display')],['DSP_PROG_AWARE_01'],0,0.0
USR_02103,1,Social Media,SOC_INFLUENCER_BOOST_03,Social Media,SOC_INFLUENCER_BOOST_03,Social Media,SOC_INFLUENCER_BOOST_03,[np.str_('Social Media')],['SOC_INFLUENCER_BOOST_03'],0,0.0
USR_02104,2,Social Media > Social Media,SOC_PROSP_LOOKALIKE_01 > SOC_INFLUENCER_BOOST_03,Social Media,SOC_PROSP_LOOKALIKE_01,Social Media,SOC_INFLUENCER_BOOST_03,"[np.str_('Social Media'), np.str_('Social Media')]","['SOC_PROSP_LOOKALIKE_01', 'SOC_INFLUENCER_BOOST_03']",1,92.08
USR_02105,3,Organic Search > Social Media > Paid Search,SEO_ORGANIC_DIRECT > SOC_RETARG_DPA_02 > SEM_GENERIC_PROD_02,Organic Search,SEO_ORGANIC_DIRECT,Paid Search,SEM_GENERIC_PROD_02,"[np.str_('Organic Search'), np.str_('Social Media'), np.str_('Paid Search')]","['SEO_ORGANIC_DIRECT', 'SOC_RETARG_DPA_02', 'SEM_GENERIC_PROD_02']",0,0.0
USR_02106,1,Email,EML_ABANDONED_CART_02,Email,EML_ABANDONED_CART_02,Email,EML_ABANDONED_CART_02,[np.str_('Email')],['EML_ABANDONED_CART_02'],0,0.0
USR_02107,2,Social Media > Display,SOC_INFLUENCER_BOOST_03 > DSP_PROG_AWARE_01,Social Media,SOC_INFLUENCER_BOOST_03,Display,DSP_PROG_AWARE_01,"[np.str_('Social Media'), np.str_('Display')]","['SOC_INFLUENCER_BOOST_03', 'DSP_PROG_AWARE_01']",0,0.0
USR_02108,1,Display,DSP_RETARG_ABANDON_02,Display,DSP_RETARG_ABANDON_02,Display,DSP_RETARG_ABANDON_02,[np.str_('Display')],['DSP_RETARG_ABANDON_02'],0,0.0
USR_02109,1,Paid Search,SEM_COMPETITOR_03,Paid Search,SEM_COMPETITOR_03,Paid Search,SEM_COMPETITOR_03,[np.str_('Paid Search')],['SEM_COMPETITOR_03'],0,0.0
USR_02110,1,Social Media,SOC_RETARG_DPA_02,Social Media,SOC_RETARG_DPA_02,Social Media,SOC_RETARG_DPA_02,[np.str_('Social Media')],['SOC_RETARG_DPA_02'],0,0.0
USR_02111,1,Display,DSP_RETARG_ABANDON_02,Display,DSP_RETARG_ABANDON_02,Display,DSP_RETARG_ABANDON_02,[np.str_('Display')],['DSP_RETARG_ABANDON_02'],0,0.0
USR_02112,1,Organic Search,SEO_ORGANIC_DIRECT,Organic Search,SEO_ORGANIC_DIRECT,Organic Search,SEO_ORGANIC_DIRECT,[np.str_('Organic Search')],['SEO_ORGANIC_DIRECT'],0,0.0
USR_02113,4,Email > Social Media > Email > Paid Search,EML_ABANDONED_CART_02 > SOC_PROSP_LOOKALIKE_01 > EML_ABANDONED_CART_02 > SEM_GENERIC_PROD_02,Email,EML_ABANDONED_CART_02,Paid Search,SEM_GENERIC_PROD_02,"[np.str_('Email'), np.str_('Social Media'), np.str_('Email'), np.str_('Paid Search')]","['EML_ABANDONED_CART_02', 'SOC_PROSP_LOOKALIKE_01', 'EML_ABANDONED_CART_02', 'SEM_GENERIC_PROD_02']",1,142.58
USR_02114,2,Display > Email,DSP_RETARG_ABANDON_02 > EML_NEWSLETTER_WKLY_01,Display,DSP_RETARG_ABANDON_02,Email,EML_NEWSLETTER_WKLY_01,"[np.str_('Display'), np.str_('Email')]","['DSP_RETARG_ABANDON_02', 'EML_NEWSLETTER_WKLY_01']",1,67.42
USR_02115,3,Social Media > Paid Search > Email,SOC_INFLUENCER_BOOST_03 > SEM_GENERIC_PROD_02 > EML_ABANDONED_CART_02,Social Media,SOC_INFLUENCER_BOOST_03,Email,EML_ABANDONED_CART_02,"[np.str_('Social Media'), np.str_('Paid Search'), np.str_('Email')]","['SOC_INFLUENCER_BOOST_03', 'SEM_GENERIC_PROD_02', 'EML_ABANDONED_CART_02']",0,0.0
USR_02116,1,Display,DSP_RETARG_ABANDON_02,Display,DSP_RETARG_ABANDON_02,Display,DSP_RETARG_ABANDON_02,[np.str_('Display')],['DSP_RETARG_ABANDON_02'],0,0.0
USR_02117,1,Organic Search,SEO_ORGANIC_DIRECT,Organic Search,SEO_ORGANIC_DIRECT,Organic Search,SEO_ORGANIC_DIRECT,[np.str_('Organic Search')],['SEO_ORGANIC_DIRECT'],0,0.0
USR_02118,1,Display,DSP_PROG_AWARE_01,Display,DSP_PROG_AWARE_01,Display,DSP_PROG_AWARE_01,[np.str_('Display')],['DSP_PROG_AWARE_01'],0,0.0
USR_02119,2,Social Media > Social Media,SOC_PROSP_LOOKALIKE_01 > SOC_RETARG_DPA_02,Social Media,SOC_PROSP_LOOKALIKE_01,Social Media,SOC_RETARG_DPA_02,"[np.str_('Social Media'), np.str_('Social Media')]","['SOC_PROSP_LOOKALIKE_01', 'SOC_RETARG_DPA_02']",0,0.0
USR_02120,2,Social Media > Paid Search,SOC_RETARG_DPA_02 > SEM_COMPETITOR_03,Social Media,SOC_RETARG_DPA_02,Paid Search,SEM_COMPETITOR_03,"[np.str_('Social Media'), np.str_('Paid Search')]","['SOC_RETARG_DPA_02', 'SEM_COMPETITOR_03']",0,0.0
USR_02121,1,Social Media,SOC_PROSP_LOOKALIKE_01,Social Media,SOC_PROSP_LOOKALIKE_01,Social Media,SOC_PROSP_LOOKALIKE_01,[np.str_('Social Media')],['SOC_PROSP_LOOKALIKE_01'],0,0.0
USR_02122,3,Display > Social Media > Email,DSP_RETARG_ABANDON_02 > SOC_INFLUENCER_BOOST_03 > EML_ABANDONED_CART_02,Display,DSP_RETARG_ABANDON_02,Email,EML_ABANDONED_CART_02,"[np.str_('Display'), np.str_('Social Media'), np.str_('Email')]","['DSP_RETARG_ABANDON_02', 'SOC_INFLUENCER_BOOST_03', 'EML_ABANDONED_CART_02']",0,0.0
USR_02123,1,Social Media,SOC_INFLUENCER_BOOST_03,Social Media,SOC_INFLUENCER_BOOST_03,Social Media,SOC_INFLUENCER_BOOST_03,[np.str_('Social Media')],['SOC_INFLUENCER_BOOST_03'],0,0.0
USR_02124,2,Display > Social Media,DSP_PROG_AWARE_01 > SOC_PROSP_LOOKALIKE_01,Display,DSP_PROG_AWARE_01,Social Media,SOC_PROSP_LOOKALIKE_01,"[np.str_('Display'), np.str_('Social Media')]","['DSP_PROG_AWARE_01', 'SOC_PROSP_LOOKALIKE_01']",0,0.0
USR_02125,4,Social Media > Organic Search > Display > Display,SOC_INFLUENCER_BOOST_03 > SEO_ORGANIC_DIRECT > DSP_RETARG_ABANDON_02 > DSP_RETARG_ABANDON_02,Social Media,SOC_INFLUENCER_BOOST_03,Display,DSP_RETARG_ABANDON_02,"[np.str_('Social Media'), np.str_('Organic Search'), np.str_('Display'), np.str_('Display')]","['SOC_INFLUENCER_BOOST_03', 'SEO_ORGANIC_DIRECT', 'DSP_RETARG_ABANDON_02', 'DSP_RETARG_ABANDON_02']",1,130.08
USR_02126,2,Organic Search > Display,SEO_ORGANIC_DIRECT > DSP_RETARG_ABANDON_02,Organic Search,SEO_ORGANIC_DIRECT,Display,DSP_RETARG_ABANDON_02,"[np.str_('Organic Search'), np.str_('Display')]","['SEO_ORGANIC_DIRECT', 'DSP_RETARG_ABANDON_02']",0,0.0
USR_02127,1,Paid Search,SEM_COMPETITOR_03,Paid Search,SEM_COMPETITOR_03,Paid Search,SEM_COMPETITOR_03,[np.str_('Paid Search')],['SEM_COMPETITOR_03'],0,0.0
USR_02128,2,Organic Search > Paid Search,SEO_ORGANIC_DIRECT > SEM_COMPETITOR_03,Organic Search,SEO_ORGANIC_DIRECT,Paid Search,SEM_COMPETITOR_03,"[np.str_('Organic Search'), np.str_('Paid Search')]","['SEO_ORGANIC_DIRECT', 'SEM_COMPETITOR_03']",0,0.0
USR_02129,2,Paid Search > Organic Search,SEM_BRAND_01 > SEO_ORGANIC_DIRECT,Paid Search,SEM_BRAND_01,Organic Search,SEO_ORGANIC_DIRECT,"[np.str_('Paid Search'), np.str_('Organic Search')]","['SEM_BRAND_01', 'SEO_ORGANIC_DIRECT']",0,0.0
USR_02130,1,Social Media,SOC_RETARG_DPA_02,Social Media,SOC_RETARG_DPA_02,Social Media,SOC_RETARG_DPA_02,[np.str_('Social Media')],['SOC_RETARG_DPA_02'],0,0.0
USR_02131,1,Social Media,SOC_PROSP_LOOKALIKE_01,Social Media,SOC_PROSP_LOOKALIKE_01,Social Media,SOC_PROSP_LOOKALIKE_01,[np.str_('Social Media')],['SOC_PROSP_LOOKALIKE_01'],0,0.0
USR_02132,1,Display,DSP_RETARG_ABANDON_02,Display,DSP_RETARG_ABANDON_02,Display,DSP_RETARG_ABANDON_02,[np.str_('Display')],['DSP_RETARG_ABANDON_02'],0,0.0
USR_02133,1,Social Media,SOC_RETARG_DPA_02,Social Media,SOC_RETARG_DPA_02,Social Media,SOC_RETARG_DPA_02,[np.str_('Social Media')],['SOC_RETARG_DPA_02'],0,0.0
USR_02134,5,Organic Search > Display > Display > Email > Paid Search,SEO_ORGANIC_DIRECT > DSP_PROG_AWARE_01 > DSP_RETARG_ABANDON_02 > EML_WINBACK_90D_03 > SEM_COMPETITOR_03,Organic Search,SEO_ORGANIC_DIRECT,Paid Search,SEM_COMPETITOR_03,"[np.str_('Organic Search'), np.str_('Display'), np.str_('Display'), np.str_('Email'), np.str_('Paid Search')]","['SEO_ORGANIC_DIRECT', 'DSP_PROG_AWARE_01', 'DSP_RETARG_ABANDON_02', 'EML_WINBACK_90D_03', 'SEM_COMPETITOR_03']",1,134.46
USR_02135,1,Social Media,SOC_PROSP_LOOKALIKE_01,Social Media,SOC_PROSP_LOOKALIKE_01,Social Media,SOC_PROSP_LOOKALIKE_01,[np.str_('Social Media')],['SOC_PROSP_LOOKALIKE_01'],0,0.0
USR_02136,1,Display,DSP_PROG_AWARE_01,Display,DSP_PROG_AWARE_01,Display,DSP_PROG_AWARE_01,[np.str_('Display')],['DSP_PROG_AWARE_01'],0,0.0
USR_02137,4,Paid Search > Social Media > Paid Search > Paid Search,SEM_BRAND_01 > SOC_RETARG_DPA_02 > SEM_GENERIC_PROD_02 > SEM_COMPETITOR_03,Paid Search,SEM_BRAND_01,Paid Search,SEM_COMPETITOR_03,"[np.str_('Paid Search'), np.str_('Social Media'), np.str_('Paid Search'), np.str_('Paid Search')]","['SEM_BRAND_01', 'SOC_RETARG_DPA_02', 'SEM_GENERIC_PROD_02', 'SEM_COMPETITOR_03']",1,143.91
USR_02138,2,Social Media > Organic Search,SOC_RETARG_DPA_02 > SEO_ORGANIC_DIRECT,Social Media,SOC_RETARG_DPA_02,Organic Search,SEO_ORGANIC_DIRECT,"[np.str_('Social Media'), np.str_('Organic Search')]","['SOC_RETARG_DPA_02', 'SEO_ORGANIC_DIRECT']",0,0.0
USR_02139,1,Display,DSP_RETARG_ABANDON_02,Display,DSP_RETARG_ABANDON_02,Display,DSP_RETARG_ABANDON_02,[np.str_('Display')],['DSP_RETARG_ABANDON_02'],0,0.0
USR_02140,1,Paid Search,SEM_BRAND_01,Paid Search,SEM_BRAND_01,Paid Search,SEM_BRAND_01,[np.str_('Paid Search')],['SEM_BRAND_01'],0,0.0
USR_02141,2,Social Media > Social Media,SOC_INFLUENCER_BOOST_03 > SOC_RETARG_DPA_02,Social Media,SOC_INFLUENCER_BOOST_03,Social Media,SOC_RETARG_DPA_02,"[np.str_('Social Media'), np.str_('Social Media')]","['SOC_INFLUENCER_BOOST_03', 'SOC_RETARG_DPA_02']",0,0.0
USR_02142,4,Paid Search > Organic Search > Display > Display,SEM_COMPETITOR_03 > SEO_ORGANIC_DIRECT > DSP_PROG_AWARE_01 > DSP_RETARG_ABANDON_02,Paid Search,SEM_COMPETITOR_03,Display,DSP_RETARG_ABANDON_02,"[np.str_('Paid Search'), np.str_('Organic Search'), np.str_('Display'), np.str_('Display')]","['SEM_COMPETITOR_03', 'SEO_ORGANIC_DIRECT', 'DSP_PROG_AWARE_01', 'DSP_RETARG_ABANDON_02']",0,0.0
USR_02143,1,Organic Search,SEO_ORGANIC_DIRECT,Organic Search,SEO_ORGANIC_DIRECT,Organic Search,SEO_ORGANIC_DIRECT,[np.str_('Organic Search')],['SEO_ORGANIC_DIRECT'],0,0.0
USR_02144,2,Display > Email,DSP_RETARG_ABANDON_02 > EML_NEWSLETTER_WKLY_01,Display,DSP_RETARG_ABANDON_02,Email,EML_NEWSLETTER_WKLY_01,"[np.str_('Display'), np.str_('Email')]","['DSP_RETARG_ABANDON_02', 'EML_NEWSLETTER_WKLY_01']",0,0.0
USR_02145,1,Social Media,SOC_RETARG_DPA_02,Social Media,SOC_RETARG_DPA_02,Social Media,SOC_RETARG_DPA_02,[np.str_('Social Media')],['SOC_RETARG_DPA_02'],0,0.0
USR_02146,2,Social Media > Social Media,SOC_RETARG_DPA_02 > SOC_PROSP_LOOKALIKE_01,Social Media,SOC_RETARG_DPA_02,Social Media,SOC_PROSP_LOOKALIKE_01,"[np.str_('Social Media'), np.str_('Social Media')]","['SOC_RETARG_DPA_02', 'SOC_PROSP_LOOKALIKE_01']",0,0.0
USR_02147,5,Paid Search > Email > Organic Search > Display > Paid Search,SEM_COMPETITOR_03 > EML_NEWSLETTER_WKLY_01 > SEO_ORGANIC_DIRECT > DSP_RETARG_ABANDON_02 > SEM_GENERIC_PROD_02,Paid Search,SEM_COMPETITOR_03,Paid Search,SEM_GENERIC_PROD_02,"[np.str_('Paid Search'), np.str_('Email'), np.str_('Organic Search'), np.str_('Display'), np.str_('Paid Search')]","['SEM_COMPETITOR_03', 'EML_NEWSLETTER_WKLY_01', 'SEO_ORGANIC_DIRECT', 'DSP_RETARG_ABANDON_02', 'SEM_GENERIC_PROD_02']",1,120.74
USR_02148,1,Display,DSP_RETARG_ABANDON_02,Display,DSP_RETARG_ABANDON_02,Display,DSP_RETARG_ABANDON_02,[np.str_('Display')],['DSP_RETARG_ABANDON_02'],0,0.0
USR_02149,3,Social Media > Social Media > Paid Search,SOC_INFLUENCER_BOOST_03 > SOC_RETARG_DPA_02 > SEM_BRAND_01,Social Media,SOC_INFLUENCER_BOOST_03,Paid Search,SEM_BRAND_01,"[np.str_('Social Media'), np.str_('Social Media'), np.str_('Paid Search')]","['SOC_INFLUENCER_BOOST_03', 'SOC_RETARG_DPA_02', 'SEM_BRAND_01']",0,0.0
USR_02150,4,Paid Search > Email > Email > Paid Search,SEM_BRAND_01 > EML_WINBACK_90D_03 > EML_NEWSLETTER_WKLY_01 > SEM_BRAND_01,Paid Search,SEM_BRAND_01,Paid Search,SEM_BRAND_01,"[np.str_('Paid Search'), np.str_('Email'), np.str_('Email'), np.str_('Paid Search')]","['SEM_BRAND_01', 'EML_WINBACK_90D_03', 'EML_NEWSLETTER_WKLY_01', 'SEM_BRAND_01']",0,0.0
USR_02151,1,Display,DSP_PROG_AWARE_01,Display,DSP_PROG_AWARE_01,Display,DSP_PROG_AWARE_01,[np.str_('Display')],['DSP_PROG_AWARE_01'],0,0.0
USR_02152,1,Display,DSP_PROG_AWARE_01,Display,DSP_PROG_AWARE_01,Display,DSP_PROG_AWARE_01,[np.str_('Display')],['DSP_PROG_AWARE_01'],0,0.0
USR_02153,5,Paid Search > Organic Search > Social Media > Display > Paid Search,SEM_GENERIC_PROD_02 > SEO_ORGANIC_DIRECT > SOC_PROSP_LOOKALIKE_01 > DSP_RETARG_ABANDON_02 > SEM_BRAND_01,Paid Search,SEM_GENERIC_PROD_02,Paid Search,SEM_BRAND_01,"[np.str_('Paid Search'), np.str_('Organic Search'), np.str_('Social Media'), np.str_('Display'), np.str_('Paid Search')]","['SEM_GENERIC_PROD_02', 'SEO_ORGANIC_DIRECT', 'SOC_PROSP_LOOKALIKE_01', 'DSP_RETARG_ABANDON_02', 'SEM_BRAND_01']",0,0.0
USR_02154,2,Paid Search > Paid Search,SEM_COMPETITOR_03 > SEM_GENERIC_PROD_02,Paid Search,SEM_COMPETITOR_03,Paid Search,SEM_GENERIC_PROD_02,"[np.str_('Paid Search'), np.str_('Paid Search')]","['SEM_COMPETITOR_03', 'SEM_GENERIC_PROD_02']",0,0.0
USR_02155,2,Paid Search > Paid Search,SEM_GENERIC_PROD_02 > SEM_COMPETITOR_03,Paid Search,SEM_GENERIC_PROD_02,Paid Search,SEM_COMPETITOR_03,"[np.str_('Paid Search'), np.str_('Paid Search')]","['SEM_GENERIC_PROD_02', 'SEM_COMPETITOR_03']",0,0.0
USR_02156,1,Display,DSP_RETARG_ABANDON_02,Display,DSP_RETARG_ABANDON_02,Display,DSP_RETARG_ABANDON_02,[np.str_('Display')],['DSP_RETARG_ABANDON_02'],0,0.0
USR_02157,5,Organic Search > Organic Search > Social Media > Paid Search > Social Media,SEO_ORGANIC_DIRECT > SEO_ORGANIC_DIRECT > SOC_INFLUENCER_BOOST_03 > SEM_BRAND_01 > SOC_PROSP_LOOKALIKE_01,Organic Search,SEO_ORGANIC_DIRECT,Social Media,SOC_PROSP_LOOKALIKE_01,"[np.str_('Organic Search'), np.str_('Organic Search'), np.str_('Social Media'), np.str_('Paid Search'), np.str_('Social Media')]","['SEO_ORGANIC_DIRECT', 'SEO_ORGANIC_DIRECT', 'SOC_INFLUENCER_BOOST_03', 'SEM_BRAND_01', 'SOC_PROSP_LOOKALIKE_01']",0,0.0
USR_02158,2,Display > Organic Search,DSP_PROG_AWARE_01 > SEO_ORGANIC_DIRECT,Display,DSP_PROG_AWARE_01,Organic Search,SEO_ORGANIC_DIRECT,"[np.str_('Display'), np.str_('Organic Search')]","['DSP_PROG_AWARE_01', 'SEO_ORGANIC_DIRECT']",0,0.0
USR_02159,4,Display > Social Media > Paid Search > Organic Search,DSP_PROG_AWARE_01 > SOC_PROSP_LOOKALIKE_01 > SEM_GENERIC_PROD_02 > SEO_ORGANIC_DIRECT,Display,DSP_PROG_AWARE_01,Organic Search,SEO_ORGANIC_DIRECT,"[np.str_('Display'), np.str_('Social Media'), np.str_('Paid Search'), np.str_('Organic Search')]","['DSP_PROG_AWARE_01', 'SOC_PROSP_LOOKALIKE_01', 'SEM_GENERIC_PROD_02', 'SEO_ORGANIC_DIRECT']",0,0.0
USR_02160,1,Social Media,SOC_PROSP_LOOKALIKE_01,Social Media,SOC_PROSP_LOOKALIKE_01,Social Media,SOC_PROSP_LOOKALIKE_01,[np.str_('Social Media')],['SOC_PROSP_LOOKALIKE_01'],0,0.0
USR_02161,3,Organic Search > Display > Email,SEO_ORGANIC_DIRECT > DSP_RETARG_ABANDON_02 > EML_NEWSLETTER_WKLY_01,Organic Search,SEO_ORGANIC_DIRECT,Email,EML_NEWSLETTER_WKLY_01,"[np.str_('Organic Search'), np.str_('Display'), np.str_('Email')]","['SEO_ORGANIC_DIRECT', 'DSP_RETARG_ABANDON_02', 'EML_NEWSLETTER_WKLY_01']",0,0.0
USR_02162,5,Organic Search > Paid Search > Paid Search > Organic Search > Paid Search,SEO_ORGANIC_DIRECT > SEM_BRAND_01 > SEM_COMPETITOR_03 > SEO_ORGANIC_DIRECT > SEM_COMPETITOR_03,Organic Search,SEO_ORGANIC_DIRECT,Paid Search,SEM_COMPETITOR_03,"[np.str_('Organic Search'), np.str_('Paid Search'), np.str_('Paid Search'), np.str_('Organic Search'), np.str_('Paid Search')]","['SEO_ORGANIC_DIRECT', 'SEM_BRAND_01', 'SEM_COMPETITOR_03', 'SEO_ORGANIC_DIRECT', 'SEM_COMPETITOR_03']",0,0.0
USR_02163,1,Organic Search,SEO_ORGANIC_DIRECT,Organic Search,SEO_ORGANIC_DIRECT,Organic Search,SEO_ORGANIC_DIRECT,[np.str_('Organic Search')],['SEO_ORGANIC_DIRECT'],0,0.0
USR_02164,4,Social Media > Display > Social Media > Social Media,SOC_RETARG_DPA_02 > DSP_PROG_AWARE_01 > SOC_PROSP_LOOKALIKE_01 > SOC_RETARG_DPA_02,Social Media,SOC_RETARG_DPA_02,Social Media,SOC_RETARG_DPA_02,"[np.str_('Social Media'), np.str_('Display'), np.str_('Social Media'), np.str_('Social Media')]","['SOC_RETARG_DPA_02', 'DSP_PROG_AWARE_01', 'SOC_PROSP_LOOKALIKE_01', 'SOC_RETARG_DPA_02']",0,0.0
USR_02165,3,Email > Display > Social Media,EML_ABANDONED_CART_02 > DSP_RETARG_ABANDON_02 > SOC_RETARG_DPA_02,Email,EML_ABANDONED_CART_02,Social Media,SOC_RETARG_DPA_02,"[np.str_('Email'), np.str_('Display'), np.str_('Social Media')]","['EML_ABANDONED_CART_02', 'DSP_RETARG_ABANDON_02', 'SOC_RETARG_DPA_02']",0,0.0
USR_02166,1,Display,DSP_RETARG_ABANDON_02,Display,DSP_RETARG_ABANDON_02,Display,DSP_RETARG_ABANDON_02,[np.str_('Display')],['DSP_RETARG_ABANDON_02'],0,0.0
USR_02167,1,Social Media,SOC_INFLUENCER_BOOST_03,Social Media,SOC_INFLUENCER_BOOST_03,Social Media,SOC_INFLUENCER_BOOST_03,[np.str_('Social Media')],['SOC_INFLUENCER_BOOST_03'],0,0.0
USR_02168,1,Display,DSP_PROG_AWARE_01,Display,DSP_PROG_AWARE_01,Display,DSP_PROG_AWARE_01,[np.str_('Display')],['DSP_PROG_AWARE_01'],0,0.0
USR_02169,1,Social Media,SOC_RETARG_DPA_02,Social Media,SOC_RETARG_DPA_02,Social Media,SOC_RETARG_DPA_02,[np.str_('Social Media')],['SOC_RETARG_DPA_02'],0,0.0
USR_02170,1,Email,EML_WINBACK_90D_03,Email,EML_WINBACK_90D_03,Email,EML_WINBACK_90D_03,[np.str_('Email')],['EML_WINBACK_90D_03'],0,0.0
USR_02171,2,Email > Paid Search,EML_NEWSLETTER_WKLY_01 > SEM_BRAND_01,Email,EML_NEWSLETTER_WKLY_01,Paid Search,SEM_BRAND_01,"[np.str_('Email'), np.str_('Paid Search')]","['EML_NEWSLETTER_WKLY_01', 'SEM_BRAND_01']",0,0.0
USR_02172,1,Social Media,SOC_RETARG_DPA_02,Social Media,SOC_RETARG_DPA_02,Social Media,SOC_RETARG_DPA_02,[np.str_('Social Media')],['SOC_RETARG_DPA_02'],0,0.0
USR_02173,1,Social Media,SOC_RETARG_DPA_02,Social Media,SOC_RETARG_DPA_02,Social Media,SOC_RETARG_DPA_02,[np.str_('Social Media')],['SOC_RETARG_DPA_02'],0,0.0
USR_02174,5,Organic Search > Social Media > Social Media > Organic Search > Paid Search,SEO_ORGANIC_DIRECT > SOC_PROSP_LOOKALIKE_01 > SOC_RETARG_DPA_02 > SEO_ORGANIC_DIRECT > SEM_GENERIC_PROD_02,Organic Search,SEO_ORGANIC_DIRECT,Paid Search,SEM_GENERIC_PROD_02,"[np.str_('Organic Search'), np.str_('Social Media'), np.str_('Social Media'), np.str_('Organic Search'), np.str_('Paid Search')]","['SEO_ORGANIC_DIRECT', 'SOC_PROSP_LOOKALIKE_01', 'SOC_RETARG_DPA_02', 'SEO_ORGANIC_DIRECT', 'SEM_GENERIC_PROD_02']",0,0.0
USR_02175,1,Social Media,SOC_RETARG_DPA_02,Social Media,SOC_RETARG_DPA_02,Social Media,SOC_RETARG_DPA_02,[np.str_('Social Media')],['SOC_RETARG_DPA_02'],0,0.0
USR_02176,3,Social Media > Paid Search > Email,SOC_PROSP_LOOKALIKE_01 > SEM_BRAND_01 > EML_ABANDONED_CART_02,Social Media,SOC_PROSP_LOOKALIKE_01,Email,EML_ABANDONED_CART_02,"[np.str_('Social Media'), np.str_('Paid Search'), np.str_('Email')]","['SOC_PROSP_LOOKALIKE_01', 'SEM_BRAND_01', 'EML_ABANDONED_CART_02']",0,0.0
USR_02177,2,Social Media > Paid Search,SOC_INFLUENCER_BOOST_03 > SEM_BRAND_01,Social Media,SOC_INFLUENCER_BOOST_03,Paid Search,SEM_BRAND_01,"[np.str_('Social Media'), np.str_('Paid Search')]","['SOC_INFLUENCER_BOOST_03', 'SEM_BRAND_01']",0,0.0
USR_02178,1,Social Media,SOC_PROSP_LOOKALIKE_01,Social Media,SOC_PROSP_LOOKALIKE_01,Social Media,SOC_PROSP_LOOKALIKE_01,[np.str_('Social Media')],['SOC_PROSP_LOOKALIKE_01'],0,0.0
USR_02179,1,Social Media,SOC_PROSP_LOOKALIKE_01,Social Media,SOC_PROSP_LOOKALIKE_01,Social Media,SOC_PROSP_LOOKALIKE_01,[np.str_('Social Media')],['SOC_PROSP_LOOKALIKE_01'],0,0.0
USR_02180,2,Organic Search > Paid Search,SEO_ORGANIC_DIRECT > SEM_BRAND_01,Organic Search,SEO_ORGANIC_DIRECT,Paid Search,SEM_BRAND_01,"[np.str_('Organic Search'), np.str_('Paid Search')]","['SEO_ORGANIC_DIRECT', 'SEM_BRAND_01']",0,0.0
USR_02181,3,Email > Organic Search > Email,EML_NEWSLETTER_WKLY_01 > SEO_ORGANIC_DIRECT > EML_ABANDONED_CART_02,Email,EML_NEWSLETTER_WKLY_01,Email,EML_ABANDONED_CART_02,"[np.str_('Email'), np.str_('Organic Search'), np.str_('Email')]","['EML_NEWSLETTER_WKLY_01', 'SEO_ORGANIC_DIRECT', 'EML_ABANDONED_CART_02']",0,0.0
USR_02182,2,Social Media > Email,SOC_PROSP_LOOKALIKE_01 > EML_ABANDONED_CART_02,Social Media,SOC_PROSP_LOOKALIKE_01,Email,EML_ABANDONED_CART_02,"[np.str_('Social Media'), np.str_('Email')]","['SOC_PROSP_LOOKALIKE_01', 'EML_ABANDONED_CART_02']",0,0.0
USR_02183,2,Display > Organic Search,DSP_PROG_AWARE_01 > SEO_ORGANIC_DIRECT,Display,DSP_PROG_AWARE_01,Organic Search,SEO_ORGANIC_DIRECT,"[np.str_('Display'), np.str_('Organic Search')]","['DSP_PROG_AWARE_01', 'SEO_ORGANIC_DIRECT']",0,0.0
USR_02184,2,Social Media > Email,SOC_PROSP_LOOKALIKE_01 > EML_ABANDONED_CART_02,Social Media,SOC_PROSP_LOOKALIKE_01,Email,EML_ABANDONED_CART_02,"[np.str_('Social Media'), np.str_('Email')]","['SOC_PROSP_LOOKALIKE_01', 'EML_ABANDONED_CART_02']",0,0.0
USR_02185,2,Paid Search > Email,SEM_GENERIC_PROD_02 > EML_WINBACK_90D_03,Paid Search,SEM_GENERIC_PROD_02,Email,EML_WINBACK_90D_03,"[np.str_('Paid Search'), np.str_('Email')]","['SEM_GENERIC_PROD_02', 'EML_WINBACK_90D_03']",0,0.0
USR_02186,2,Social Media > Email,SOC_RETARG_DPA_02 > EML_ABANDONED_CART_02,Social Media,SOC_RETARG_DPA_02,Email,EML_ABANDONED_CART_02,"[np.str_('Social Media'), np.str_('Email')]","['SOC_RETARG_DPA_02', 'EML_ABANDONED_CART_02']",0,0.0
USR_02187,4,Organic Search > Social Media > Organic Search > Paid Search,SEO_ORGANIC_DIRECT > SOC_INFLUENCER_BOOST_03 > SEO_ORGANIC_DIRECT > SEM_BRAND_01,Organic Search,SEO_ORGANIC_DIRECT,Paid Search,SEM_BRAND_01,"[np.str_('Organic Search'), np.str_('Social Media'), np.str_('Organic Search'), np.str_('Paid Search')]","['SEO_ORGANIC_DIRECT', 'SOC_INFLUENCER_BOOST_03', 'SEO_ORGANIC_DIRECT', 'SEM_BRAND_01']",1,124.46
USR_02188,1,Display,DSP_RETARG_ABANDON_02,Display,DSP_RETARG_ABANDON_02,Display,DSP_RETARG_ABANDON_02,[np.str_('Display')],['DSP_RETARG_ABANDON_02'],0,0.0
USR_02189,4,Organic Search > Display > Social Media > Social Media,SEO_ORGANIC_DIRECT > DSP_PROG_AWARE_01 > SOC_RETARG_DPA_02 > SOC_PROSP_LOOKALIKE_01,Organic Search,SEO_ORGANIC_DIRECT,Social Media,SOC_PROSP_LOOKALIKE_01,"[np.str_('Organic Search'), np.str_('Display'), np.str_('Social Media'), np.str_('Social Media')]","['SEO_ORGANIC_DIRECT', 'DSP_PROG_AWARE_01', 'SOC_RETARG_DPA_02', 'SOC_PROSP_LOOKALIKE_01']",0,0.0
USR_02190,1,Paid Search,SEM_COMPETITOR_03,Paid Search,SEM_COMPETITOR_03,Paid Search,SEM_COMPETITOR_03,[np.str_('Paid Search')],['SEM_COMPETITOR_03'],0,0.0
USR_02191,2,Organic Search > Social Media,SEO_ORGANIC_DIRECT > SOC_PROSP_LOOKALIKE_01,Organic Search,SEO_ORGANIC_DIRECT,Social Media,SOC_PROSP_LOOKALIKE_01,"[np.str_('Organic Search'), np.str_('Social Media')]","['SEO_ORGANIC_DIRECT', 'SOC_PROSP_LOOKALIKE_01']",0,0.0
USR_02192,4,Display > Organic Search > Email > Paid Search,DSP_PROG_AWARE_01 > SEO_ORGANIC_DIRECT > EML_NEWSLETTER_WKLY_01 > SEM_BRAND_01,Display,DSP_PROG_AWARE_01,Paid Search,SEM_BRAND_01,"[np.str_('Display'), np.str_('Organic Search'), np.str_('Email'), np.str_('Paid Search')]","['DSP_PROG_AWARE_01', 'SEO_ORGANIC_DIRECT', 'EML_NEWSLETTER_WKLY_01', 'SEM_BRAND_01']",0,0.0
USR_02193,1,Social Media,SOC_PROSP_LOOKALIKE_01,Social Media,SOC_PROSP_LOOKALIKE_01,Social Media,SOC_PROSP_LOOKALIKE_01,[np.str_('Social Media')],['SOC_PROSP_LOOKALIKE_01'],0,0.0
USR_02194,3,Social Media > Social Media > Paid Search,SOC_INFLUENCER_BOOST_03 > SOC_INFLUENCER_BOOST_03 > SEM_COMPETITOR_03,Social Media,SOC_INFLUENCER_BOOST_03,Paid Search,SEM_COMPETITOR_03,"[np.str_('Social Media'), np.str_('Social Media'), np.str_('Paid Search')]","['SOC_INFLUENCER_BOOST_03', 'SOC_INFLUENCER_BOOST_03', 'SEM_COMPETITOR_03']",0,0.0
USR_02195,1,Paid Search,SEM_BRAND_01,Paid Search,SEM_BRAND_01,Paid Search,SEM_BRAND_01,[np.str_('Paid Search')],['SEM_BRAND_01'],1,113.77
USR_02196,1,Display,DSP_PROG_AWARE_01,Display,DSP_PROG_AWARE_01,Display,DSP_PROG_AWARE_01,[np.str_('Display')],['DSP_PROG_AWARE_01'],0,0.0
USR_02197,1,Organic Search,SEO_ORGANIC_DIRECT,Organic Search,SEO_ORGANIC_DIRECT,Organic Search,SEO_ORGANIC_DIRECT,[np.str_('Organic Search')],['SEO_ORGANIC_DIRECT'],1,119.31
USR_02198,1,Display,DSP_PROG_AWARE_01,Display,DSP_PROG_AWARE_01,Display,DSP_PROG_AWARE_01,[np.str_('Display')],['DSP_PROG_AWARE_01'],0,0.0
USR_02199,3,Email > Display > Paid Search,EML_NEWSLETTER_WKLY_01 > DSP_RETARG_ABANDON_02 > SEM_BRAND_01,Email,EML_NEWSLETTER_WKLY_01,Paid Search,SEM_BRAND_01,"[np.str_('Email'), np.str_('Display'), np.str_('Paid Search')]","['EML_NEWSLETTER_WKLY_01', 'DSP_RETARG_ABANDON_02', 'SEM_BRAND_01']",1,102.14
USR_02200,1,Display,DSP_RETARG_ABANDON_02,Display,DSP_RETARG_ABANDON_02,Display,DSP_RETARG_ABANDON_02,[np.str_('Display')],['DSP_RETARG_ABANDON_02'],0,0.0
USR_02201,1,Organic Search,SEO_ORGANIC_DIRECT,Organic Search,SEO_ORGANIC_DIRECT,Organic Search,SEO_ORGANIC_DIRECT,[np.str_('Organic Search')],['SEO_ORGANIC_DIRECT'],0,0.0
USR_02202,1,Social Media,SOC_RETARG_DPA_02,Social Media,SOC_RETARG_DPA_02,Social Media,SOC_RETARG_DPA_02,[np.str_('Social Media')],['SOC_RETARG_DPA_02'],0,0.0
USR_02203,5,Organic Search > Display > Display > Social Media > Organic Search,SEO_ORGANIC_DIRECT > DSP_PROG_AWARE_01 > DSP_RETARG_ABANDON_02 > SOC_INFLUENCER_BOOST_03 > SEO_ORGANIC_DIRECT,Organic Search,SEO_ORGANIC_DIRECT,Organic Search,SEO_ORGANIC_DIRECT,"[np.str_('Organic Search'), np.str_('Display'), np.str_('Display'), np.str_('Social Media'), np.str_('Organic Search')]","['SEO_ORGANIC_DIRECT', 'DSP_PROG_AWARE_01', 'DSP_RETARG_ABANDON_02', 'SOC_INFLUENCER_BOOST_03', 'SEO_ORGANIC_DIRECT']",0,0.0
USR_02204,3,Social Media > Organic Search > Organic Search,SOC_RETARG_DPA_02 > SEO_ORGANIC_DIRECT > SEO_ORGANIC_DIRECT,Social Media,SOC_RETARG_DPA_02,Organic Search,SEO_ORGANIC_DIRECT,"[np.str_('Social Media'), np.str_('Organic Search'), np.str_('Organic Search')]","['SOC_RETARG_DPA_02', 'SEO_ORGANIC_DIRECT', 'SEO_ORGANIC_DIRECT']",0,0.0
USR_02205,5,Organic Search > Email > Email > Social Media > Paid Search,SEO_ORGANIC_DIRECT > EML_WINBACK_90D_03 > EML_NEWSLETTER_WKLY_01 > SOC_PROSP_LOOKALIKE_01 > SEM_BRAND_01,Organic Search,SEO_ORGANIC_DIRECT,Paid Search,SEM_BRAND_01,"[np.str_('Organic Search'), np.str_('Email'), np.str_('Email'), np.str_('Social Media'), np.str_('Paid Search')]","['SEO_ORGANIC_DIRECT', 'EML_WINBACK_90D_03', 'EML_NEWSLETTER_WKLY_01', 'SOC_PROSP_LOOKALIKE_01', 'SEM_BRAND_01']",1,114.31
USR_02206,3,Display > Organic Search > Social Media,DSP_PROG_AWARE_01 > SEO_ORGANIC_DIRECT > SOC_INFLUENCER_BOOST_03,Display,DSP_PROG_AWARE_01,Social Media,SOC_INFLUENCER_BOOST_03,"[np.str_('Display'), np.str_('Organic Search'), np.str_('Social Media')]","['DSP_PROG_AWARE_01', 'SEO_ORGANIC_DIRECT', 'SOC_INFLUENCER_BOOST_03']",1,98.41
USR_02207,4,Organic Search > Social Media > Social Media > Paid Search,SEO_ORGANIC_DIRECT > SOC_PROSP_LOOKALIKE_01 > SOC_INFLUENCER_BOOST_03 > SEM_COMPETITOR_03,Organic Search,SEO_ORGANIC_DIRECT,Paid Search,SEM_COMPETITOR_03,"[np.str_('Organic Search'), np.str_('Social Media'), np.str_('Social Media'), np.str_('Paid Search')]","['SEO_ORGANIC_DIRECT', 'SOC_PROSP_LOOKALIKE_01', 'SOC_INFLUENCER_BOOST_03', 'SEM_COMPETITOR_03']",0,0.0
USR_02208,1,Social Media,SOC_PROSP_LOOKALIKE_01,Social Media,SOC_PROSP_LOOKALIKE_01,Social Media,SOC_PROSP_LOOKALIKE_01,[np.str_('Social Media')],['SOC_PROSP_LOOKALIKE_01'],0,0.0
USR_02209,1,Organic Search,SEO_ORGANIC_DIRECT,Organic Search,SEO_ORGANIC_DIRECT,Organic Search,SEO_ORGANIC_DIRECT,[np.str_('Organic Search')],['SEO_ORGANIC_DIRECT'],0,0.0
USR_02210,2,Social Media > Paid Search,SOC_PROSP_LOOKALIKE_01 > SEM_GENERIC_PROD_02,Social Media,SOC_PROSP_LOOKALIKE_01,Paid Search,SEM_GENERIC_PROD_02,"[np.str_('Social Media'), np.str_('Paid Search')]","['SOC_PROSP_LOOKALIKE_01', 'SEM_GENERIC_PROD_02']",1,159.51
USR_02211,1,Display,DSP_PROG_AWARE_01,Display,DSP_PROG_AWARE_01,Display,DSP_PROG_AWARE_01,[np.str_('Display')],['DSP_PROG_AWARE_01'],0,0.0
USR_02212,1,Organic Search,SEO_ORGANIC_DIRECT,Organic Search,SEO_ORGANIC_DIRECT,Organic Search,SEO_ORGANIC_DIRECT,[np.str_('Organic Search')],['SEO_ORGANIC_DIRECT'],0,0.0
USR_02213,3,Organic Search > Email > Display,SEO_ORGANIC_DIRECT > EML_ABANDONED_CART_02 > DSP_RETARG_ABANDON_02,Organic Search,SEO_ORGANIC_DIRECT,Display,DSP_RETARG_ABANDON_02,"[np.str_('Organic Search'), np.str_('Email'), np.str_('Display')]","['SEO_ORGANIC_DIRECT', 'EML_ABANDONED_CART_02', 'DSP_RETARG_ABANDON_02']",0,0.0
USR_02214,1,Paid Search,SEM_BRAND_01,Paid Search,SEM_BRAND_01,Paid Search,SEM_BRAND_01,[np.str_('Paid Search')],['SEM_BRAND_01'],0,0.0
USR_02215,2,Display > Social Media,DSP_RETARG_ABANDON_02 > SOC_INFLUENCER_BOOST_03,Display,DSP_RETARG_ABANDON_02,Social Media,SOC_INFLUENCER_BOOST_03,"[np.str_('Display'), np.str_('Social Media')]","['DSP_RETARG_ABANDON_02', 'SOC_INFLUENCER_BOOST_03']",1,61.06
USR_02216,5,Organic Search > Social Media > Paid Search > Email > Paid Search,SEO_ORGANIC_DIRECT > SOC_PROSP_LOOKALIKE_01 > SEM_BRAND_01 > EML_ABANDONED_CART_02 > SEM_BRAND_01,Organic Search,SEO_ORGANIC_DIRECT,Paid Search,SEM_BRAND_01,"[np.str_('Organic Search'), np.str_('Social Media'), np.str_('Paid Search'), np.str_('Email'), np.str_('Paid Search')]","['SEO_ORGANIC_DIRECT', 'SOC_PROSP_LOOKALIKE_01', 'SEM_BRAND_01', 'EML_ABANDONED_CART_02', 'SEM_BRAND_01']",0,0.0
USR_02217,1,Display,DSP_PROG_AWARE_01,Display,DSP_PROG_AWARE_01,Display,DSP_PROG_AWARE_01,[np.str_('Display')],['DSP_PROG_AWARE_01'],0,0.0
USR_02218,1,Display,DSP_RETARG_ABANDON_02,Display,DSP_RETARG_ABANDON_02,Display,DSP_RETARG_ABANDON_02,[np.str_('Display')],['DSP_RETARG_ABANDON_02'],0,0.0
USR_02219,2,Organic Search > Paid Search,SEO_ORGANIC_DIRECT > SEM_BRAND_01,Organic Search,SEO_ORGANIC_DIRECT,Paid Search,SEM_BRAND_01,"[np.str_('Organic Search'), np.str_('Paid Search')]","['SEO_ORGANIC_DIRECT', 'SEM_BRAND_01']",0,0.0
USR_02220,1,Social Media,SOC_RETARG_DPA_02,Social Media,SOC_RETARG_DPA_02,Social Media,SOC_RETARG_DPA_02,[np.str_('Social Media')],['SOC_RETARG_DPA_02'],0,0.0
USR_02221,2,Display > Paid Search,DSP_RETARG_ABANDON_02 > SEM_BRAND_01,Display,DSP_RETARG_ABANDON_02,Paid Search,SEM_BRAND_01,"[np.str_('Display'), np.str_('Paid Search')]","['DSP_RETARG_ABANDON_02', 'SEM_BRAND_01']",0,0.0
USR_02222,2,Display > Paid Search,DSP_RETARG_ABANDON_02 > SEM_COMPETITOR_03,Display,DSP_RETARG_ABANDON_02,Paid Search,SEM_COMPETITOR_03,"[np.str_('Display'), np.str_('Paid Search')]","['DSP_RETARG_ABANDON_02', 'SEM_COMPETITOR_03']",0,0.0
USR_02223,5,Display > Paid Search > Organic Search > Organic Search > Paid Search,DSP_PROG_AWARE_01 > SEM_GENERIC_PROD_02 > SEO_ORGANIC_DIRECT > SEO_ORGANIC_DIRECT > SEM_COMPETITOR_03,Display,DSP_PROG_AWARE_01,Paid Search,SEM_COMPETITOR_03,"[np.str_('Display'), np.str_('Paid Search'), np.str_('Organic Search'), np.str_('Organic Search'), np.str_('Paid Search')]","['DSP_PROG_AWARE_01', 'SEM_GENERIC_PROD_02', 'SEO_ORGANIC_DIRECT', 'SEO_ORGANIC_DIRECT', 'SEM_COMPETITOR_03']",0,0.0
USR_02224,1,Display,DSP_PROG_AWARE_01,Display,DSP_PROG_AWARE_01,Display,DSP_PROG_AWARE_01,[np.str_('Display')],['DSP_PROG_AWARE_01'],0,0.0
USR_02225,3,Display > Paid Search > Email,DSP_PROG_AWARE_01 > SEM_COMPETITOR_03 > EML_NEWSLETTER_WKLY_01,Display,DSP_PROG_AWARE_01,Email,EML_NEWSLETTER_WKLY_01,"[np.str_('Display'), np.str_('Paid Search'), np.str_('Email')]","['DSP_PROG_AWARE_01', 'SEM_COMPETITOR_03', 'EML_NEWSLETTER_WKLY_01']",0,0.0
USR_02226,1,Paid Search,SEM_COMPETITOR_03,Paid Search,SEM_COMPETITOR_03,Paid Search,SEM_COMPETITOR_03,[np.str_('Paid Search')],['SEM_COMPETITOR_03'],0,0.0
USR_02227,1,Social Media,SOC_RETARG_DPA_02,Social Media,SOC_RETARG_DPA_02,Social Media,SOC_RETARG_DPA_02,[np.str_('Social Media')],['SOC_RETARG_DPA_02'],1,82.95
USR_02228,1,Paid Search,SEM_BRAND_01,Paid Search,SEM_BRAND_01,Paid Search,SEM_BRAND_01,[np.str_('Paid Search')],['SEM_BRAND_01'],0,0.0
USR_02229,1,Paid Search,SEM_GENERIC_PROD_02,Paid Search,SEM_GENERIC_PROD_02,Paid Search,SEM_GENERIC_PROD_02,[np.str_('Paid Search')],['SEM_GENERIC_PROD_02'],0,0.0
USR_02230,3,Display > Social Media > Social Media,DSP_PROG_AWARE_01 > SOC_INFLUENCER_BOOST_03 > SOC_INFLUENCER_BOOST_03,Display,DSP_PROG_AWARE_01,Social Media,SOC_INFLUENCER_BOOST_03,"[np.str_('Display'), np.str_('Social Media'), np.str_('Social Media')]","['DSP_PROG_AWARE_01', 'SOC_INFLUENCER_BOOST_03', 'SOC_INFLUENCER_BOOST_03']",0,0.0
USR_02231,2,Display > Organic Search,DSP_PROG_AWARE_01 > SEO_ORGANIC_DIRECT,Display,DSP_PROG_AWARE_01,Organic Search,SEO_ORGANIC_DIRECT,"[np.str_('Display'), np.str_('Organic Search')]","['DSP_PROG_AWARE_01', 'SEO_ORGANIC_DIRECT']",0,0.0
USR_02232,2,Display > Organic Search,DSP_RETARG_ABANDON_02 > SEO_ORGANIC_DIRECT,Display,DSP_RETARG_ABANDON_02,Organic Search,SEO_ORGANIC_DIRECT,"[np.str_('Display'), np.str_('Organic Search')]","['DSP_RETARG_ABANDON_02', 'SEO_ORGANIC_DIRECT']",0,0.0
USR_02233,1,Display,DSP_RETARG_ABANDON_02,Display,DSP_RETARG_ABANDON_02,Display,DSP_RETARG_ABANDON_02,[np.str_('Display')],['DSP_RETARG_ABANDON_02'],1,132.75
USR_02234,2,Social Media > Organic Search,SOC_RETARG_DPA_02 > SEO_ORGANIC_DIRECT,Social Media,SOC_RETARG_DPA_02,Organic Search,SEO_ORGANIC_DIRECT,"[np.str_('Social Media'), np.str_('Organic Search')]","['SOC_RETARG_DPA_02', 'SEO_ORGANIC_DIRECT']",0,0.0
USR_02235,1,Organic Search,SEO_ORGANIC_DIRECT,Organic Search,SEO_ORGANIC_DIRECT,Organic Search,SEO_ORGANIC_DIRECT,[np.str_('Organic Search')],['SEO_ORGANIC_DIRECT'],1,62.56
USR_02236,2,Paid Search > Paid Search,SEM_BRAND_01 > SEM_COMPETITOR_03,Paid Search,SEM_BRAND_01,Paid Search,SEM_COMPETITOR_03,"[np.str_('Paid Search'), np.str_('Paid Search')]","['SEM_BRAND_01', 'SEM_COMPETITOR_03']",0,0.0
USR_02237,2,Organic Search > Email,SEO_ORGANIC_DIRECT > EML_ABANDONED_CART_02,Organic Search,SEO_ORGANIC_DIRECT,Email,EML_ABANDONED_CART_02,"[np.str_('Organic Search'), np.str_('Email')]","['SEO_ORGANIC_DIRECT', 'EML_ABANDONED_CART_02']",0,0.0
USR_02238,3,Social Media > Paid Search > Organic Search,SOC_PROSP_LOOKALIKE_01 > SEM_BRAND_01 > SEO_ORGANIC_DIRECT,Social Media,SOC_PROSP_LOOKALIKE_01,Organic Search,SEO_ORGANIC_DIRECT,"[np.str_('Social Media'), np.str_('Paid Search'), np.str_('Organic Search')]","['SOC_PROSP_LOOKALIKE_01', 'SEM_BRAND_01', 'SEO_ORGANIC_DIRECT']",1,88.66
USR_02239,1,Social Media,SOC_PROSP_LOOKALIKE_01,Social Media,SOC_PROSP_LOOKALIKE_01,Social Media,SOC_PROSP_LOOKALIKE_01,[np.str_('Social Media')],['SOC_PROSP_LOOKALIKE_01'],0,0.0
USR_02240,1,Social Media,SOC_RETARG_DPA_02,Social Media,SOC_RETARG_DPA_02,Social Media,SOC_RETARG_DPA_02,[np.str_('Social Media')],['SOC_RETARG_DPA_02'],0,0.0
USR_02241,3,Social Media > Social Media > Organic Search,SOC_RETARG_DPA_02 > SOC_INFLUENCER_BOOST_03 > SEO_ORGANIC_DIRECT,Social Media,SOC_RETARG_DPA_02,Organic Search,SEO_ORGANIC_DIRECT,"[np.str_('Social Media'), np.str_('Social Media'), np.str_('Organic Search')]","['SOC_RETARG_DPA_02', 'SOC_INFLUENCER_BOOST_03', 'SEO_ORGANIC_DIRECT']",1,121.64
USR_02242,3,Organic Search > Paid Search > Organic Search,SEO_ORGANIC_DIRECT > SEM_BRAND_01 > SEO_ORGANIC_DIRECT,Organic Search,SEO_ORGANIC_DIRECT,Organic Search,SEO_ORGANIC_DIRECT,"[np.str_('Organic Search'), np.str_('Paid Search'), np.str_('Organic Search')]","['SEO_ORGANIC_DIRECT', 'SEM_BRAND_01', 'SEO_ORGANIC_DIRECT']",0,0.0
USR_02243,4,Social Media > Display > Paid Search > Paid Search,SOC_RETARG_DPA_02 > DSP_PROG_AWARE_01 > SEM_BRAND_01 > SEM_BRAND_01,Social Media,SOC_RETARG_DPA_02,Paid Search,SEM_BRAND_01,"[np.str_('Social Media'), np.str_('Display'), np.str_('Paid Search'), np.str_('Paid Search')]","['SOC_RETARG_DPA_02', 'DSP_PROG_AWARE_01', 'SEM_BRAND_01', 'SEM_BRAND_01']",0,0.0
USR_02244,2,Paid Search > Paid Search,SEM_COMPETITOR_03 > SEM_BRAND_01,Paid Search,SEM_COMPETITOR_03,Paid Search,SEM_BRAND_01,"[np.str_('Paid Search'), np.str_('Paid Search')]","['SEM_COMPETITOR_03', 'SEM_BRAND_01']",0,0.0
USR_02245,2,Social Media > Paid Search,SOC_INFLUENCER_BOOST_03 > SEM_BRAND_01,Social Media,SOC_INFLUENCER_BOOST_03,Paid Search,SEM_BRAND_01,"[np.str_('Social Media'), np.str_('Paid Search')]","['SOC_INFLUENCER_BOOST_03', 'SEM_BRAND_01']",0,0.0
USR_02246,1,Organic Search,SEO_ORGANIC_DIRECT,Organic Search,SEO_ORGANIC_DIRECT,Organic Search,SEO_ORGANIC_DIRECT,[np.str_('Organic Search')],['SEO_ORGANIC_DIRECT'],0,0.0
USR_02247,3,Display > Email > Social Media,DSP_PROG_AWARE_01 > EML_ABANDONED_CART_02 > SOC_RETARG_DPA_02,Display,DSP_PROG_AWARE_01,Social Media,SOC_RETARG_DPA_02,"[np.str_('Display'), np.str_('Email'), np.str_('Social Media')]","['DSP_PROG_AWARE_01', 'EML_ABANDONED_CART_02', 'SOC_RETARG_DPA_02']",0,0.0
USR_02248,1,Display,DSP_RETARG_ABANDON_02,Display,DSP_RETARG_ABANDON_02,Display,DSP_RETARG_ABANDON_02,[np.str_('Display')],['DSP_RETARG_ABANDON_02'],0,0.0
USR_02249,5,Organic Search > Display > Social Media > Organic Search > Organic Search,SEO_ORGANIC_DIRECT > DSP_PROG_AWARE_01 > SOC_INFLUENCER_BOOST_03 > SEO_ORGANIC_DIRECT > SEO_ORGANIC_DIRECT,Organic Search,SEO_ORGANIC_DIRECT,Organic Search,SEO_ORGANIC_DIRECT,"[np.str_('Organic Search'), np.str_('Display'), np.str_('Social Media'), np.str_('Organic Search'), np.str_('Organic Search')]","['SEO_ORGANIC_DIRECT', 'DSP_PROG_AWARE_01', 'SOC_INFLUENCER_BOOST_03', 'SEO_ORGANIC_DIRECT', 'SEO_ORGANIC_DIRECT']",0,0.0
USR_02250,1,Display,DSP_RETARG_ABANDON_02,Display,DSP_RETARG_ABANDON_02,Display,DSP_RETARG_ABANDON_02,[np.str_('Display')],['DSP_RETARG_ABANDON_02'],0,0.0
USR_02251,2,Display > Organic Search,DSP_PROG_AWARE_01 > SEO_ORGANIC_DIRECT,Display,DSP_PROG_AWARE_01,Organic Search,SEO_ORGANIC_DIRECT,"[np.str_('Display'), np.str_('Organic Search')]","['DSP_PROG_AWARE_01', 'SEO_ORGANIC_DIRECT']",0,0.0
USR_02252,3,Organic Search > Paid Search > Paid Search,SEO_ORGANIC_DIRECT > SEM_BRAND_01 > SEM_COMPETITOR_03,Organic Search,SEO_ORGANIC_DIRECT,Paid Search,SEM_COMPETITOR_03,"[np.str_('Organic Search'), np.str_('Paid Search'), np.str_('Paid Search')]","['SEO_ORGANIC_DIRECT', 'SEM_BRAND_01', 'SEM_COMPETITOR_03']",0,0.0
USR_02253,4,Display > Paid Search > Organic Search > Paid Search,DSP_PROG_AWARE_01 > SEM_BRAND_01 > SEO_ORGANIC_DIRECT > SEM_BRAND_01,Display,DSP_PROG_AWARE_01,Paid Search,SEM_BRAND_01,"[np.str_('Display'), np.str_('Paid Search'), np.str_('Organic Search'), np.str_('Paid Search')]","['DSP_PROG_AWARE_01', 'SEM_BRAND_01', 'SEO_ORGANIC_DIRECT', 'SEM_BRAND_01']",1,130.64
USR_02254,2,Organic Search > Paid Search,SEO_ORGANIC_DIRECT > SEM_COMPETITOR_03,Organic Search,SEO_ORGANIC_DIRECT,Paid Search,SEM_COMPETITOR_03,"[np.str_('Organic Search'), np.str_('Paid Search')]","['SEO_ORGANIC_DIRECT', 'SEM_COMPETITOR_03']",0,0.0
USR_02255,2,Email > Social Media,EML_NEWSLETTER_WKLY_01 > SOC_INFLUENCER_BOOST_03,Email,EML_NEWSLETTER_WKLY_01,Social Media,SOC_INFLUENCER_BOOST_03,"[np.str_('Email'), np.str_('Social Media')]","['EML_NEWSLETTER_WKLY_01', 'SOC_INFLUENCER_BOOST_03']",0,0.0
USR_02256,1,Social Media,SOC_RETARG_DPA_02,Social Media,SOC_RETARG_DPA_02,Social Media,SOC_RETARG_DPA_02,[np.str_('Social Media')],['SOC_RETARG_DPA_02'],0,0.0
USR_02257,2,Organic Search > Display,SEO_ORGANIC_DIRECT > DSP_RETARG_ABANDON_02,Organic Search,SEO_ORGANIC_DIRECT,Display,DSP_RETARG_ABANDON_02,"[np.str_('Organic Search'), np.str_('Display')]","['SEO_ORGANIC_DIRECT', 'DSP_RETARG_ABANDON_02']",0,0.0
USR_02258,2,Organic Search > Email,SEO_ORGANIC_DIRECT > EML_WINBACK_90D_03,Organic Search,SEO_ORGANIC_DIRECT,Email,EML_WINBACK_90D_03,"[np.str_('Organic Search'), np.str_('Email')]","['SEO_ORGANIC_DIRECT', 'EML_WINBACK_90D_03']",0,0.0
USR_02259,1,Display,DSP_RETARG_ABANDON_02,Display,DSP_RETARG_ABANDON_02,Display,DSP_RETARG_ABANDON_02,[np.str_('Display')],['DSP_RETARG_ABANDON_02'],0,0.0
USR_02260,2,Display > Paid Search,DSP_RETARG_ABANDON_02 > SEM_GENERIC_PROD_02,Display,DSP_RETARG_ABANDON_02,Paid Search,SEM_GENERIC_PROD_02,"[np.str_('Display'), np.str_('Paid Search')]","['DSP_RETARG_ABANDON_02', 'SEM_GENERIC_PROD_02']",0,0.0
USR_02261,1,Social Media,SOC_PROSP_LOOKALIKE_01,Social Media,SOC_PROSP_LOOKALIKE_01,Social Media,SOC_PROSP_LOOKALIKE_01,[np.str_('Social Media')],['SOC_PROSP_LOOKALIKE_01'],0,0.0
USR_02262,3,Social Media > Paid Search > Organic Search,SOC_PROSP_LOOKALIKE_01 > SEM_BRAND_01 > SEO_ORGANIC_DIRECT,Social Media,SOC_PROSP_LOOKALIKE_01,Organic Search,SEO_ORGANIC_DIRECT,"[np.str_('Social Media'), np.str_('Paid Search'), np.str_('Organic Search')]","['SOC_PROSP_LOOKALIKE_01', 'SEM_BRAND_01', 'SEO_ORGANIC_DIRECT']",0,0.0
USR_02263,1,Social Media,SOC_PROSP_LOOKALIKE_01,Social Media,SOC_PROSP_LOOKALIKE_01,Social Media,SOC_PROSP_LOOKALIKE_01,[np.str_('Social Media')],['SOC_PROSP_LOOKALIKE_01'],1,85.63
USR_02264,5,Email > Paid Search > Paid Search > Social Media > Social Media,EML_WINBACK_90D_03 > SEM_COMPETITOR_03 > SEM_GENERIC_PROD_02 > SOC_PROSP_LOOKALIKE_01 > SOC_INFLUENCER_BOOST_03,Email,EML_WINBACK_90D_03,Social Media,SOC_INFLUENCER_BOOST_03,"[np.str_('Email'), np.str_('Paid Search'), np.str_('Paid Search'), np.str_('Social Media'), np.str_('Social Media')]","['EML_WINBACK_90D_03', 'SEM_COMPETITOR_03', 'SEM_GENERIC_PROD_02', 'SOC_PROSP_LOOKALIKE_01', 'SOC_INFLUENCER_BOOST_03']",0,0.0
USR_02265,3,Social Media > Display > Paid Search,SOC_PROSP_LOOKALIKE_01 > DSP_PROG_AWARE_01 > SEM_BRAND_01,Social Media,SOC_PROSP_LOOKALIKE_01,Paid Search,SEM_BRAND_01,"[np.str_('Social Media'), np.str_('Display'), np.str_('Paid Search')]","['SOC_PROSP_LOOKALIKE_01', 'DSP_PROG_AWARE_01', 'SEM_BRAND_01']",0,0.0
USR_02266,4,Paid Search > Organic Search > Display > Organic Search,SEM_GENERIC_PROD_02 > SEO_ORGANIC_DIRECT > DSP_PROG_AWARE_01 > SEO_ORGANIC_DIRECT,Paid Search,SEM_GENERIC_PROD_02,Organic Search,SEO_ORGANIC_DIRECT,"[np.str_('Paid Search'), np.str_('Organic Search'), np.str_('Display'), np.str_('Organic Search')]","['SEM_GENERIC_PROD_02', 'SEO_ORGANIC_DIRECT', 'DSP_PROG_AWARE_01', 'SEO_ORGANIC_DIRECT']",0,0.0
USR_02267,3,Paid Search > Social Media > Social Media,SEM_COMPETITOR_03 > SOC_PROSP_LOOKALIKE_01 > SOC_PROSP_LOOKALIKE_01,Paid Search,SEM_COMPETITOR_03,Social Media,SOC_PROSP_LOOKALIKE_01,"[np.str_('Paid Search'), np.str_('Social Media'), np.str_('Social Media')]","['SEM_COMPETITOR_03', 'SOC_PROSP_LOOKALIKE_01', 'SOC_PROSP_LOOKALIKE_01']",0,0.0
USR_02268,2,Social Media > Social Media,SOC_PROSP_LOOKALIKE_01 > SOC_INFLUENCER_BOOST_03,Social Media,SOC_PROSP_LOOKALIKE_01,Social Media,SOC_INFLUENCER_BOOST_03,"[np.str_('Social Media'), np.str_('Social Media')]","['SOC_PROSP_LOOKALIKE_01', 'SOC_INFLUENCER_BOOST_03']",0,0.0
USR_02269,4,Paid Search > Social Media > Paid Search > Paid Search,SEM_BRAND_01 > SOC_INFLUENCER_BOOST_03 > SEM_BRAND_01 > SEM_BRAND_01,Paid Search,SEM_BRAND_01,Paid Search,SEM_BRAND_01,"[np.str_('Paid Search'), np.str_('Social Media'), np.str_('Paid Search'), np.str_('Paid Search')]","['SEM_BRAND_01', 'SOC_INFLUENCER_BOOST_03', 'SEM_BRAND_01', 'SEM_BRAND_01']",0,0.0
USR_02270,5,Social Media > Social Media > Display > Social Media > Paid Search,SOC_RETARG_DPA_02 > SOC_PROSP_LOOKALIKE_01 > DSP_RETARG_ABANDON_02 > SOC_PROSP_LOOKALIKE_01 > SEM_COMPETITOR_03,Social Media,SOC_RETARG_DPA_02,Paid Search,SEM_COMPETITOR_03,"[np.str_('Social Media'), np.str_('Social Media'), np.str_('Display'), np.str_('Social Media'), np.str_('Paid Search')]","['SOC_RETARG_DPA_02', 'SOC_PROSP_LOOKALIKE_01', 'DSP_RETARG_ABANDON_02', 'SOC_PROSP_LOOKALIKE_01', 'SEM_COMPETITOR_03']",0,0.0
USR_02271,5,Display > Email > Paid Search > Paid Search > Paid Search,DSP_PROG_AWARE_01 > EML_NEWSLETTER_WKLY_01 > SEM_COMPETITOR_03 > SEM_COMPETITOR_03 > SEM_COMPETITOR_03,Display,DSP_PROG_AWARE_01,Paid Search,SEM_COMPETITOR_03,"[np.str_('Display'), np.str_('Email'), np.str_('Paid Search'), np.str_('Paid Search'), np.str_('Paid Search')]","['DSP_PROG_AWARE_01', 'EML_NEWSLETTER_WKLY_01', 'SEM_COMPETITOR_03', 'SEM_COMPETITOR_03', 'SEM_COMPETITOR_03']",0,0.0
USR_02272,3,Display > Email > Paid Search,DSP_PROG_AWARE_01 > EML_WINBACK_90D_03 > SEM_GENERIC_PROD_02,Display,DSP_PROG_AWARE_01,Paid Search,SEM_GENERIC_PROD_02,"[np.str_('Display'), np.str_('Email'), np.str_('Paid Search')]","['DSP_PROG_AWARE_01', 'EML_WINBACK_90D_03', 'SEM_GENERIC_PROD_02']",0,0.0
USR_02273,2,Display > Email,DSP_PROG_AWARE_01 > EML_ABANDONED_CART_02,Display,DSP_PROG_AWARE_01,Email,EML_ABANDONED_CART_02,"[np.str_('Display'), np.str_('Email')]","['DSP_PROG_AWARE_01', 'EML_ABANDONED_CART_02']",0,0.0
USR_02274,1,Organic Search,SEO_ORGANIC_DIRECT,Organic Search,SEO_ORGANIC_DIRECT,Organic Search,SEO_ORGANIC_DIRECT,[np.str_('Organic Search')],['SEO_ORGANIC_DIRECT'],0,0.0
USR_02275,1,Display,DSP_RETARG_ABANDON_02,Display,DSP_RETARG_ABANDON_02,Display,DSP_RETARG_ABANDON_02,[np.str_('Display')],['DSP_RETARG_ABANDON_02'],0,0.0
USR_02276,3,Display > Paid Search > Organic Search,DSP_RETARG_ABANDON_02 > SEM_BRAND_01 > SEO_ORGANIC_DIRECT,Display,DSP_RETARG_ABANDON_02,Organic Search,SEO_ORGANIC_DIRECT,"[np.str_('Display'), np.str_('Paid Search'), np.str_('Organic Search')]","['DSP_RETARG_ABANDON_02', 'SEM_BRAND_01', 'SEO_ORGANIC_DIRECT']",0,0.0
USR_02277,1,Paid Search,SEM_BRAND_01,Paid Search,SEM_BRAND_01,Paid Search,SEM_BRAND_01,[np.str_('Paid Search')],['SEM_BRAND_01'],0,0.0
USR_02278,5,Organic Search > Social Media > Paid Search > Email > Email,SEO_ORGANIC_DIRECT > SOC_INFLUENCER_BOOST_03 > SEM_GENERIC_PROD_02 > EML_WINBACK_90D_03 > EML_NEWSLETTER_WKLY_01,Organic Search,SEO_ORGANIC_DIRECT,Email,EML_NEWSLETTER_WKLY_01,"[np.str_('Organic Search'), np.str_('Social Media'), np.str_('Paid Search'), np.str_('Email'), np.str_('Email')]","['SEO_ORGANIC_DIRECT', 'SOC_INFLUENCER_BOOST_03', 'SEM_GENERIC_PROD_02', 'EML_WINBACK_90D_03', 'EML_NEWSLETTER_WKLY_01']",0,0.0
USR_02279,1,Display,DSP_PROG_AWARE_01,Display,DSP_PROG_AWARE_01,Display,DSP_PROG_AWARE_01,[np.str_('Display')],['DSP_PROG_AWARE_01'],0,0.0
USR_02280,2,Organic Search > Paid Search,SEO_ORGANIC_DIRECT > SEM_COMPETITOR_03,Organic Search,SEO_ORGANIC_DIRECT,Paid Search,SEM_COMPETITOR_03,"[np.str_('Organic Search'), np.str_('Paid Search')]","['SEO_ORGANIC_DIRECT', 'SEM_COMPETITOR_03']",0,0.0
USR_02281,1,Paid Search,SEM_COMPETITOR_03,Paid Search,SEM_COMPETITOR_03,Paid Search,SEM_COMPETITOR_03,[np.str_('Paid Search')],['SEM_COMPETITOR_03'],0,0.0
USR_02282,1,Social Media,SOC_PROSP_LOOKALIKE_01,Social Media,SOC_PROSP_LOOKALIKE_01,Social Media,SOC_PROSP_LOOKALIKE_01,[np.str_('Social Media')],['SOC_PROSP_LOOKALIKE_01'],0,0.0
USR_02283,3,Email > Email > Organic Search,EML_NEWSLETTER_WKLY_01 > EML_WINBACK_90D_03 > SEO_ORGANIC_DIRECT,Email,EML_NEWSLETTER_WKLY_01,Organic Search,SEO_ORGANIC_DIRECT,"[np.str_('Email'), np.str_('Email'), np.str_('Organic Search')]","['EML_NEWSLETTER_WKLY_01', 'EML_WINBACK_90D_03', 'SEO_ORGANIC_DIRECT']",1,64.84
USR_02284,3,Paid Search > Organic Search > Email,SEM_GENERIC_PROD_02 > SEO_ORGANIC_DIRECT > EML_WINBACK_90D_03,Paid Search,SEM_GENERIC_PROD_02,Email,EML_WINBACK_90D_03,"[np.str_('Paid Search'), np.str_('Organic Search'), np.str_('Email')]","['SEM_GENERIC_PROD_02', 'SEO_ORGANIC_DIRECT', 'EML_WINBACK_90D_03']",0,0.0
USR_02285,3,Paid Search > Paid Search > Organic Search,SEM_COMPETITOR_03 > SEM_BRAND_01 > SEO_ORGANIC_DIRECT,Paid Search,SEM_COMPETITOR_03,Organic Search,SEO_ORGANIC_DIRECT,"[np.str_('Paid Search'), np.str_('Paid Search'), np.str_('Organic Search')]","['SEM_COMPETITOR_03', 'SEM_BRAND_01', 'SEO_ORGANIC_DIRECT']",0,0.0
USR_02286,2,Display > Social Media,DSP_PROG_AWARE_01 > SOC_INFLUENCER_BOOST_03,Display,DSP_PROG_AWARE_01,Social Media,SOC_INFLUENCER_BOOST_03,"[np.str_('Display'), np.str_('Social Media')]","['DSP_PROG_AWARE_01', 'SOC_INFLUENCER_BOOST_03']",0,0.0
USR_02287,1,Organic Search,SEO_ORGANIC_DIRECT,Organic Search,SEO_ORGANIC_DIRECT,Organic Search,SEO_ORGANIC_DIRECT,[np.str_('Organic Search')],['SEO_ORGANIC_DIRECT'],0,0.0
USR_02288,2,Paid Search > Display,SEM_BRAND_01 > DSP_RETARG_ABANDON_02,Paid Search,SEM_BRAND_01,Display,DSP_RETARG_ABANDON_02,"[np.str_('Paid Search'), np.str_('Display')]","['SEM_BRAND_01', 'DSP_RETARG_ABANDON_02']",0,0.0
USR_02289,1,Display,DSP_RETARG_ABANDON_02,Display,DSP_RETARG_ABANDON_02,Display,DSP_RETARG_ABANDON_02,[np.str_('Display')],['DSP_RETARG_ABANDON_02'],0,0.0
USR_02290,1,Social Media,SOC_RETARG_DPA_02,Social Media,SOC_RETARG_DPA_02,Social Media,SOC_RETARG_DPA_02,[np.str_('Social Media')],['SOC_RETARG_DPA_02'],0,0.0
USR_02291,1,Paid Search,SEM_BRAND_01,Paid Search,SEM_BRAND_01,Paid Search,SEM_BRAND_01,[np.str_('Paid Search')],['SEM_BRAND_01'],0,0.0
USR_02292,3,Organic Search > Email > Email,SEO_ORGANIC_DIRECT > EML_WINBACK_90D_03 > EML_WINBACK_90D_03,Organic Search,SEO_ORGANIC_DIRECT,Email,EML_WINBACK_90D_03,"[np.str_('Organic Search'), np.str_('Email'), np.str_('Email')]","['SEO_ORGANIC_DIRECT', 'EML_WINBACK_90D_03', 'EML_WINBACK_90D_03']",1,93.92
USR_02293,1,Paid Search,SEM_BRAND_01,Paid Search,SEM_BRAND_01,Paid Search,SEM_BRAND_01,[np.str_('Paid Search')],['SEM_BRAND_01'],0,0.0
USR_02294,1,Display,DSP_PROG_AWARE_01,Display,DSP_PROG_AWARE_01,Display,DSP_PROG_AWARE_01,[np.str_('Display')],['DSP_PROG_AWARE_01'],0,0.0
USR_02295,2,Display > Paid Search,DSP_RETARG_ABANDON_02 > SEM_GENERIC_PROD_02,Display,DSP_RETARG_ABANDON_02,Paid Search,SEM_GENERIC_PROD_02,"[np.str_('Display'), np.str_('Paid Search')]","['DSP_RETARG_ABANDON_02', 'SEM_GENERIC_PROD_02']",0,0.0
USR_02296,1,Social Media,SOC_RETARG_DPA_02,Social Media,SOC_RETARG_DPA_02,Social Media,SOC_RETARG_DPA_02,[np.str_('Social Media')],['SOC_RETARG_DPA_02'],0,0.0
USR_02297,1,Email,EML_ABANDONED_CART_02,Email,EML_ABANDONED_CART_02,Email,EML_ABANDONED_CART_02,[np.str_('Email')],['EML_ABANDONED_CART_02'],0,0.0
USR_02298,4,Social Media > Social Media > Organic Search > Social Media,SOC_INFLUENCER_BOOST_03 > SOC_PROSP_LOOKALIKE_01 > SEO_ORGANIC_DIRECT > SOC_INFLUENCER_BOOST_03,Social Media,SOC_INFLUENCER_BOOST_03,Social Media,SOC_INFLUENCER_BOOST_03,"[np.str_('Social Media'), np.str_('Social Media'), np.str_('Organic Search'), np.str_('Social Media')]","['SOC_INFLUENCER_BOOST_03', 'SOC_PROSP_LOOKALIKE_01', 'SEO_ORGANIC_DIRECT', 'SOC_INFLUENCER_BOOST_03']",0,0.0
USR_02299,2,Email > Social Media,EML_WINBACK_90D_03 > SOC_PROSP_LOOKALIKE_01,Email,EML_WINBACK_90D_03,Social Media,SOC_PROSP_LOOKALIKE_01,"[np.str_('Email'), np.str_('Social Media')]","['EML_WINBACK_90D_03', 'SOC_PROSP_LOOKALIKE_01']",0,0.0
USR_02300,1,Social Media,SOC_PROSP_LOOKALIKE_01,Social Media,SOC_PROSP_LOOKALIKE_01,Social Media,SOC_PROSP_LOOKALIKE_01,[np.str_('Social Media')],['SOC_PROSP_LOOKALIKE_01'],0,0.0
USR_02301,1,Organic Search,SEO_ORGANIC_DIRECT,Organic Search,SEO_ORGANIC_DIRECT,Organic Search,SEO_ORGANIC_DIRECT,[np.str_('Organic Search')],['SEO_ORGANIC_DIRECT'],0,0.0
USR_02302,2,Display > Paid Search,DSP_PROG_AWARE_01 > SEM_COMPETITOR_03,Display,DSP_PROG_AWARE_01,Paid Search,SEM_COMPETITOR_03,"[np.str_('Display'), np.str_('Paid Search')]","['DSP_PROG_AWARE_01', 'SEM_COMPETITOR_03']",0,0.0
USR_02303,2,Display > Paid Search,DSP_PROG_AWARE_01 > SEM_COMPETITOR_03,Display,DSP_PROG_AWARE_01,Paid Search,SEM_COMPETITOR_03,"[np.str_('Display'), np.str_('Paid Search')]","['DSP_PROG_AWARE_01', 'SEM_COMPETITOR_03']",0,0.0
USR_02304,2,Organic Search > Paid Search,SEO_ORGANIC_DIRECT > SEM_GENERIC_PROD_02,Organic Search,SEO_ORGANIC_DIRECT,Paid Search,SEM_GENERIC_PROD_02,"[np.str_('Organic Search'), np.str_('Paid Search')]","['SEO_ORGANIC_DIRECT', 'SEM_GENERIC_PROD_02']",0,0.0
USR_02305,1,Display,DSP_PROG_AWARE_01,Display,DSP_PROG_AWARE_01,Display,DSP_PROG_AWARE_01,[np.str_('Display')],['DSP_PROG_AWARE_01'],0,0.0
USR_02306,1,Social Media,SOC_PROSP_LOOKALIKE_01,Social Media,SOC_PROSP_LOOKALIKE_01,Social Media,SOC_PROSP_LOOKALIKE_01,[np.str_('Social Media')],['SOC_PROSP_LOOKALIKE_01'],0,0.0
USR_02307,1,Paid Search,SEM_COMPETITOR_03,Paid Search,SEM_COMPETITOR_03,Paid Search,SEM_COMPETITOR_03,[np.str_('Paid Search')],['SEM_COMPETITOR_03'],0,0.0
USR_02308,1,Display,DSP_RETARG_ABANDON_02,Display,DSP_RETARG_ABANDON_02,Display,DSP_RETARG_ABANDON_02,[np.str_('Display')],['DSP_RETARG_ABANDON_02'],0,0.0
USR_02309,1,Social Media,SOC_INFLUENCER_BOOST_03,Social Media,SOC_INFLUENCER_BOOST_03,Social Media,SOC_INFLUENCER_BOOST_03,[np.str_('Social Media')],['SOC_INFLUENCER_BOOST_03'],0,0.0
USR_02310,2,Display > Email,DSP_RETARG_ABANDON_02 > EML_ABANDONED_CART_02,Display,DSP_RETARG_ABANDON_02,Email,EML_ABANDONED_CART_02,"[np.str_('Display'), np.str_('Email')]","['DSP_RETARG_ABANDON_02', 'EML_ABANDONED_CART_02']",0,0.0
USR_02311,2,Social Media > Social Media,SOC_PROSP_LOOKALIKE_01 > SOC_INFLUENCER_BOOST_03,Social Media,SOC_PROSP_LOOKALIKE_01,Social Media,SOC_INFLUENCER_BOOST_03,"[np.str_('Social Media'), np.str_('Social Media')]","['SOC_PROSP_LOOKALIKE_01', 'SOC_INFLUENCER_BOOST_03']",0,0.0
USR_02312,1,Social Media,SOC_RETARG_DPA_02,Social Media,SOC_RETARG_DPA_02,Social Media,SOC_RETARG_DPA_02,[np.str_('Social Media')],['SOC_RETARG_DPA_02'],0,0.0
USR_02313,2,Display > Social Media,DSP_RETARG_ABANDON_02 > SOC_INFLUENCER_BOOST_03,Display,DSP_RETARG_ABANDON_02,Social Media,SOC_INFLUENCER_BOOST_03,"[np.str_('Display'), np.str_('Social Media')]","['DSP_RETARG_ABANDON_02', 'SOC_INFLUENCER_BOOST_03']",0,0.0
USR_02314,2,Paid Search > Display,SEM_COMPETITOR_03 > DSP_PROG_AWARE_01,Paid Search,SEM_COMPETITOR_03,Display,DSP_PROG_AWARE_01,"[np.str_('Paid Search'), np.str_('Display')]","['SEM_COMPETITOR_03', 'DSP_PROG_AWARE_01']",1,84.62
USR_02315,2,Paid Search > Email,SEM_BRAND_01 > EML_WINBACK_90D_03,Paid Search,SEM_BRAND_01,Email,EML_WINBACK_90D_03,"[np.str_('Paid Search'), np.str_('Email')]","['SEM_BRAND_01', 'EML_WINBACK_90D_03']",0,0.0
USR_02316,3,Paid Search > Paid Search > Social Media,SEM_GENERIC_PROD_02 > SEM_GENERIC_PROD_02 > SOC_INFLUENCER_BOOST_03,Paid Search,SEM_GENERIC_PROD_02,Social Media,SOC_INFLUENCER_BOOST_03,"[np.str_('Paid Search'), np.str_('Paid Search'), np.str_('Social Media')]","['SEM_GENERIC_PROD_02', 'SEM_GENERIC_PROD_02', 'SOC_INFLUENCER_BOOST_03']",0,0.0
USR_02317,2,Social Media > Organic Search,SOC_RETARG_DPA_02 > SEO_ORGANIC_DIRECT,Social Media,SOC_RETARG_DPA_02,Organic Search,SEO_ORGANIC_DIRECT,"[np.str_('Social Media'), np.str_('Organic Search')]","['SOC_RETARG_DPA_02', 'SEO_ORGANIC_DIRECT']",0,0.0
USR_02318,4,Social Media > Organic Search > Paid Search > Paid Search,SOC_RETARG_DPA_02 > SEO_ORGANIC_DIRECT > SEM_COMPETITOR_03 > SEM_COMPETITOR_03,Social Media,SOC_RETARG_DPA_02,Paid Search,SEM_COMPETITOR_03,"[np.str_('Social Media'), np.str_('Organic Search'), np.str_('Paid Search'), np.str_('Paid Search')]","['SOC_RETARG_DPA_02', 'SEO_ORGANIC_DIRECT', 'SEM_COMPETITOR_03', 'SEM_COMPETITOR_03']",1,123.69
USR_02319,2,Display > Email,DSP_RETARG_ABANDON_02 > EML_NEWSLETTER_WKLY_01,Display,DSP_RETARG_ABANDON_02,Email,EML_NEWSLETTER_WKLY_01,"[np.str_('Display'), np.str_('Email')]","['DSP_RETARG_ABANDON_02', 'EML_NEWSLETTER_WKLY_01']",0,0.0
USR_02320,5,Paid Search > Paid Search > Social Media > Paid Search > Social Media,SEM_COMPETITOR_03 > SEM_COMPETITOR_03 > SOC_PROSP_LOOKALIKE_01 > SEM_BRAND_01 > SOC_RETARG_DPA_02,Paid Search,SEM_COMPETITOR_03,Social Media,SOC_RETARG_DPA_02,"[np.str_('Paid Search'), np.str_('Paid Search'), np.str_('Social Media'), np.str_('Paid Search'), np.str_('Social Media')]","['SEM_COMPETITOR_03', 'SEM_COMPETITOR_03', 'SOC_PROSP_LOOKALIKE_01', 'SEM_BRAND_01', 'SOC_RETARG_DPA_02']",0,0.0
USR_02321,3,Paid Search > Display > Social Media,SEM_BRAND_01 > DSP_RETARG_ABANDON_02 > SOC_RETARG_DPA_02,Paid Search,SEM_BRAND_01,Social Media,SOC_RETARG_DPA_02,"[np.str_('Paid Search'), np.str_('Display'), np.str_('Social Media')]","['SEM_BRAND_01', 'DSP_RETARG_ABANDON_02', 'SOC_RETARG_DPA_02']",1,75.75
USR_02322,4,Social Media > Paid Search > Email > Paid Search,SOC_PROSP_LOOKALIKE_01 > SEM_COMPETITOR_03 > EML_ABANDONED_CART_02 > SEM_GENERIC_PROD_02,Social Media,SOC_PROSP_LOOKALIKE_01,Paid Search,SEM_GENERIC_PROD_02,"[np.str_('Social Media'), np.str_('Paid Search'), np.str_('Email'), np.str_('Paid Search')]","['SOC_PROSP_LOOKALIKE_01', 'SEM_COMPETITOR_03', 'EML_ABANDONED_CART_02', 'SEM_GENERIC_PROD_02']",1,121.34
USR_02323,1,Display,DSP_RETARG_ABANDON_02,Display,DSP_RETARG_ABANDON_02,Display,DSP_RETARG_ABANDON_02,[np.str_('Display')],['DSP_RETARG_ABANDON_02'],0,0.0
USR_02324,1,Display,DSP_PROG_AWARE_01,Display,DSP_PROG_AWARE_01,Display,DSP_PROG_AWARE_01,[np.str_('Display')],['DSP_PROG_AWARE_01'],0,0.0
USR_02325,5,Organic Search > Social Media > Email > Paid Search > Organic Search,SEO_ORGANIC_DIRECT > SOC_INFLUENCER_BOOST_03 > EML_NEWSLETTER_WKLY_01 > SEM_GENERIC_PROD_02 > SEO_ORGANIC_DIRECT,Organic Search,SEO_ORGANIC_DIRECT,Organic Search,SEO_ORGANIC_DIRECT,"[np.str_('Organic Search'), np.str_('Social Media'), np.str_('Email'), np.str_('Paid Search'), np.str_('Organic Search')]","['SEO_ORGANIC_DIRECT', 'SOC_INFLUENCER_BOOST_03', 'EML_NEWSLETTER_WKLY_01', 'SEM_GENERIC_PROD_02', 'SEO_ORGANIC_DIRECT']",0,0.0
USR_02326,2,Social Media > Paid Search,SOC_RETARG_DPA_02 > SEM_BRAND_01,Social Media,SOC_RETARG_DPA_02,Paid Search,SEM_BRAND_01,"[np.str_('Social Media'), np.str_('Paid Search')]","['SOC_RETARG_DPA_02', 'SEM_BRAND_01']",0,0.0
USR_02327,5,Display > Paid Search > Organic Search > Paid Search > Paid Search,DSP_PROG_AWARE_01 > SEM_GENERIC_PROD_02 > SEO_ORGANIC_DIRECT > SEM_GENERIC_PROD_02 > SEM_GENERIC_PROD_02,Display,DSP_PROG_AWARE_01,Paid Search,SEM_GENERIC_PROD_02,"[np.str_('Display'), np.str_('Paid Search'), np.str_('Organic Search'), np.str_('Paid Search'), np.str_('Paid Search')]","['DSP_PROG_AWARE_01', 'SEM_GENERIC_PROD_02', 'SEO_ORGANIC_DIRECT', 'SEM_GENERIC_PROD_02', 'SEM_GENERIC_PROD_02']",0,0.0
USR_02328,3,Social Media > Social Media > Paid Search,SOC_INFLUENCER_BOOST_03 > SOC_INFLUENCER_BOOST_03 > SEM_BRAND_01,Social Media,SOC_INFLUENCER_BOOST_03,Paid Search,SEM_BRAND_01,"[np.str_('Social Media'), np.str_('Social Media'), np.str_('Paid Search')]","['SOC_INFLUENCER_BOOST_03', 'SOC_INFLUENCER_BOOST_03', 'SEM_BRAND_01']",0,0.0
USR_02329,1,Social Media,SOC_RETARG_DPA_02,Social Media,SOC_RETARG_DPA_02,Social Media,SOC_RETARG_DPA_02,[np.str_('Social Media')],['SOC_RETARG_DPA_02'],0,0.0
USR_02330,1,Social Media,SOC_PROSP_LOOKALIKE_01,Social Media,SOC_PROSP_LOOKALIKE_01,Social Media,SOC_PROSP_LOOKALIKE_01,[np.str_('Social Media')],['SOC_PROSP_LOOKALIKE_01'],0,0.0
USR_02331,1,Social Media,SOC_PROSP_LOOKALIKE_01,Social Media,SOC_PROSP_LOOKALIKE_01,Social Media,SOC_PROSP_LOOKALIKE_01,[np.str_('Social Media')],['SOC_PROSP_LOOKALIKE_01'],0,0.0
USR_02332,2,Social Media > Display,SOC_RETARG_DPA_02 > DSP_RETARG_ABANDON_02,Social Media,SOC_RETARG_DPA_02,Display,DSP_RETARG_ABANDON_02,"[np.str_('Social Media'), np.str_('Display')]","['SOC_RETARG_DPA_02', 'DSP_RETARG_ABANDON_02']",0,0.0
USR_02333,5,Paid Search > Display > Email > Social Media > Social Media,SEM_COMPETITOR_03 > DSP_PROG_AWARE_01 > EML_WINBACK_90D_03 > SOC_PROSP_LOOKALIKE_01 > SOC_RETARG_DPA_02,Paid Search,SEM_COMPETITOR_03,Social Media,SOC_RETARG_DPA_02,"[np.str_('Paid Search'), np.str_('Display'), np.str_('Email'), np.str_('Social Media'), np.str_('Social Media')]","['SEM_COMPETITOR_03', 'DSP_PROG_AWARE_01', 'EML_WINBACK_90D_03', 'SOC_PROSP_LOOKALIKE_01', 'SOC_RETARG_DPA_02']",0,0.0
USR_02334,3,Organic Search > Display > Social Media,SEO_ORGANIC_DIRECT > DSP_PROG_AWARE_01 > SOC_RETARG_DPA_02,Organic Search,SEO_ORGANIC_DIRECT,Social Media,SOC_RETARG_DPA_02,"[np.str_('Organic Search'), np.str_('Display'), np.str_('Social Media')]","['SEO_ORGANIC_DIRECT', 'DSP_PROG_AWARE_01', 'SOC_RETARG_DPA_02']",0,0.0
USR_02335,2,Social Media > Social Media,SOC_INFLUENCER_BOOST_03 > SOC_PROSP_LOOKALIKE_01,Social Media,SOC_INFLUENCER_BOOST_03,Social Media,SOC_PROSP_LOOKALIKE_01,"[np.str_('Social Media'), np.str_('Social Media')]","['SOC_INFLUENCER_BOOST_03', 'SOC_PROSP_LOOKALIKE_01']",0,0.0
USR_02336,4,Display > Paid Search > Social Media > Display,DSP_PROG_AWARE_01 > SEM_COMPETITOR_03 > SOC_INFLUENCER_BOOST_03 > DSP_PROG_AWARE_01,Display,DSP_PROG_AWARE_01,Display,DSP_PROG_AWARE_01,"[np.str_('Display'), np.str_('Paid Search'), np.str_('Social Media'), np.str_('Display')]","['DSP_PROG_AWARE_01', 'SEM_COMPETITOR_03', 'SOC_INFLUENCER_BOOST_03', 'DSP_PROG_AWARE_01']",0,0.0
USR_02337,1,Organic Search,SEO_ORGANIC_DIRECT,Organic Search,SEO_ORGANIC_DIRECT,Organic Search,SEO_ORGANIC_DIRECT,[np.str_('Organic Search')],['SEO_ORGANIC_DIRECT'],0,0.0
USR_02338,1,Paid Search,SEM_COMPETITOR_03,Paid Search,SEM_COMPETITOR_03,Paid Search,SEM_COMPETITOR_03,[np.str_('Paid Search')],['SEM_COMPETITOR_03'],0,0.0
USR_02339,1,Email,EML_WINBACK_90D_03,Email,EML_WINBACK_90D_03,Email,EML_WINBACK_90D_03,[np.str_('Email')],['EML_WINBACK_90D_03'],0,0.0
USR_02340,2,Paid Search > Paid Search,SEM_GENERIC_PROD_02 > SEM_GENERIC_PROD_02,Paid Search,SEM_GENERIC_PROD_02,Paid Search,SEM_GENERIC_PROD_02,"[np.str_('Paid Search'), np.str_('Paid Search')]","['SEM_GENERIC_PROD_02', 'SEM_GENERIC_PROD_02']",0,0.0
USR_02341,2,Display > Organic Search,DSP_RETARG_ABANDON_02 > SEO_ORGANIC_DIRECT,Display,DSP_RETARG_ABANDON_02,Organic Search,SEO_ORGANIC_DIRECT,"[np.str_('Display'), np.str_('Organic Search')]","['DSP_RETARG_ABANDON_02', 'SEO_ORGANIC_DIRECT']",0,0.0
USR_02342,2,Display > Email,DSP_RETARG_ABANDON_02 > EML_NEWSLETTER_WKLY_01,Display,DSP_RETARG_ABANDON_02,Email,EML_NEWSLETTER_WKLY_01,"[np.str_('Display'), np.str_('Email')]","['DSP_RETARG_ABANDON_02', 'EML_NEWSLETTER_WKLY_01']",0,0.0
USR_02343,5,Email > Organic Search > Social Media > Display > Organic Search,EML_WINBACK_90D_03 > SEO_ORGANIC_DIRECT > SOC_RETARG_DPA_02 > DSP_RETARG_ABANDON_02 > SEO_ORGANIC_DIRECT,Email,EML_WINBACK_90D_03,Organic Search,SEO_ORGANIC_DIRECT,"[np.str_('Email'), np.str_('Organic Search'), np.str_('Social Media'), np.str_('Display'), np.str_('Organic Search')]","['EML_WINBACK_90D_03', 'SEO_ORGANIC_DIRECT', 'SOC_RETARG_DPA_02', 'DSP_RETARG_ABANDON_02', 'SEO_ORGANIC_DIRECT']",0,0.0
USR_02344,3,Social Media > Organic Search > Email,SOC_INFLUENCER_BOOST_03 > SEO_ORGANIC_DIRECT > EML_NEWSLETTER_WKLY_01,Social Media,SOC_INFLUENCER_BOOST_03,Email,EML_NEWSLETTER_WKLY_01,"[np.str_('Social Media'), np.str_('Organic Search'), np.str_('Email')]","['SOC_INFLUENCER_BOOST_03', 'SEO_ORGANIC_DIRECT', 'EML_NEWSLETTER_WKLY_01']",0,0.0
USR_02345,2,Organic Search > Display,SEO_ORGANIC_DIRECT > DSP_RETARG_ABANDON_02,Organic Search,SEO_ORGANIC_DIRECT,Display,DSP_RETARG_ABANDON_02,"[np.str_('Organic Search'), np.str_('Display')]","['SEO_ORGANIC_DIRECT', 'DSP_RETARG_ABANDON_02']",1,85.96
USR_02346,1,Organic Search,SEO_ORGANIC_DIRECT,Organic Search,SEO_ORGANIC_DIRECT,Organic Search,SEO_ORGANIC_DIRECT,[np.str_('Organic Search')],['SEO_ORGANIC_DIRECT'],0,0.0
USR_02347,2,Organic Search > Email,SEO_ORGANIC_DIRECT > EML_NEWSLETTER_WKLY_01,Organic Search,SEO_ORGANIC_DIRECT,Email,EML_NEWSLETTER_WKLY_01,"[np.str_('Organic Search'), np.str_('Email')]","['SEO_ORGANIC_DIRECT', 'EML_NEWSLETTER_WKLY_01']",0,0.0
USR_02348,2,Social Media > Email,SOC_INFLUENCER_BOOST_03 > EML_WINBACK_90D_03,Social Media,SOC_INFLUENCER_BOOST_03,Email,EML_WINBACK_90D_03,"[np.str_('Social Media'), np.str_('Email')]","['SOC_INFLUENCER_BOOST_03', 'EML_WINBACK_90D_03']",0,0.0
USR_02349,2,Display > Email,DSP_PROG_AWARE_01 > EML_WINBACK_90D_03,Display,DSP_PROG_AWARE_01,Email,EML_WINBACK_90D_03,"[np.str_('Display'), np.str_('Email')]","['DSP_PROG_AWARE_01', 'EML_WINBACK_90D_03']",0,0.0
USR_02350,2,Display > Social Media,DSP_RETARG_ABANDON_02 > SOC_RETARG_DPA_02,Display,DSP_RETARG_ABANDON_02,Social Media,SOC_RETARG_DPA_02,"[np.str_('Display'), np.str_('Social Media')]","['DSP_RETARG_ABANDON_02', 'SOC_RETARG_DPA_02']",0,0.0
USR_02351,1,Paid Search,SEM_GENERIC_PROD_02,Paid Search,SEM_GENERIC_PROD_02,Paid Search,SEM_GENERIC_PROD_02,[np.str_('Paid Search')],['SEM_GENERIC_PROD_02'],0,0.0
USR_02352,2,Paid Search > Paid Search,SEM_BRAND_01 > SEM_GENERIC_PROD_02,Paid Search,SEM_BRAND_01,Paid Search,SEM_GENERIC_PROD_02,"[np.str_('Paid Search'), np.str_('Paid Search')]","['SEM_BRAND_01', 'SEM_GENERIC_PROD_02']",0,0.0
USR_02353,1,Social Media,SOC_INFLUENCER_BOOST_03,Social Media,SOC_INFLUENCER_BOOST_03,Social Media,SOC_INFLUENCER_BOOST_03,[np.str_('Social Media')],['SOC_INFLUENCER_BOOST_03'],0,0.0
USR_02354,1,Social Media,SOC_PROSP_LOOKALIKE_01,Social Media,SOC_PROSP_LOOKALIKE_01,Social Media,SOC_PROSP_LOOKALIKE_01,[np.str_('Social Media')],['SOC_PROSP_LOOKALIKE_01'],0,0.0
USR_02355,1,Paid Search,SEM_BRAND_01,Paid Search,SEM_BRAND_01,Paid Search,SEM_BRAND_01,[np.str_('Paid Search')],['SEM_BRAND_01'],0,0.0
USR_02356,3,Social Media > Paid Search > Email,SOC_INFLUENCER_BOOST_03 > SEM_BRAND_01 > EML_WINBACK_90D_03,Social Media,SOC_INFLUENCER_BOOST_03,Email,EML_WINBACK_90D_03,"[np.str_('Social Media'), np.str_('Paid Search'), np.str_('Email')]","['SOC_INFLUENCER_BOOST_03', 'SEM_BRAND_01', 'EML_WINBACK_90D_03']",0,0.0
USR_02357,1,Display,DSP_RETARG_ABANDON_02,Display,DSP_RETARG_ABANDON_02,Display,DSP_RETARG_ABANDON_02,[np.str_('Display')],['DSP_RETARG_ABANDON_02'],0,0.0
USR_02358,1,Organic Search,SEO_ORGANIC_DIRECT,Organic Search,SEO_ORGANIC_DIRECT,Organic Search,SEO_ORGANIC_DIRECT,[np.str_('Organic Search')],['SEO_ORGANIC_DIRECT'],0,0.0
USR_02359,2,Organic Search > Paid Search,SEO_ORGANIC_DIRECT > SEM_BRAND_01,Organic Search,SEO_ORGANIC_DIRECT,Paid Search,SEM_BRAND_01,"[np.str_('Organic Search'), np.str_('Paid Search')]","['SEO_ORGANIC_DIRECT', 'SEM_BRAND_01']",0,0.0
USR_02360,5,Display > Organic Search > Organic Search > Organic Search > Paid Search,DSP_PROG_AWARE_01 > SEO_ORGANIC_DIRECT > SEO_ORGANIC_DIRECT > SEO_ORGANIC_DIRECT > SEM_GENERIC_PROD_02,Display,DSP_PROG_AWARE_01,Paid Search,SEM_GENERIC_PROD_02,"[np.str_('Display'), np.str_('Organic Search'), np.str_('Organic Search'), np.str_('Organic Search'), np.str_('Paid Search')]","['DSP_PROG_AWARE_01', 'SEO_ORGANIC_DIRECT', 'SEO_ORGANIC_DIRECT', 'SEO_ORGANIC_DIRECT', 'SEM_GENERIC_PROD_02']",0,0.0
USR_02361,4,Paid Search > Social Media > Display > Display,SEM_BRAND_01 > SOC_RETARG_DPA_02 > DSP_RETARG_ABANDON_02 > DSP_PROG_AWARE_01,Paid Search,SEM_BRAND_01,Display,DSP_PROG_AWARE_01,"[np.str_('Paid Search'), np.str_('Social Media'), np.str_('Display'), np.str_('Display')]","['SEM_BRAND_01', 'SOC_RETARG_DPA_02', 'DSP_RETARG_ABANDON_02', 'DSP_PROG_AWARE_01']",0,0.0
USR_02362,1,Email,EML_ABANDONED_CART_02,Email,EML_ABANDONED_CART_02,Email,EML_ABANDONED_CART_02,[np.str_('Email')],['EML_ABANDONED_CART_02'],0,0.0
USR_02363,1,Display,DSP_RETARG_ABANDON_02,Display,DSP_RETARG_ABANDON_02,Display,DSP_RETARG_ABANDON_02,[np.str_('Display')],['DSP_RETARG_ABANDON_02'],0,0.0
USR_02364,4,Social Media > Social Media > Social Media > Paid Search,SOC_PROSP_LOOKALIKE_01 > SOC_PROSP_LOOKALIKE_01 > SOC_INFLUENCER_BOOST_03 > SEM_COMPETITOR_03,Social Media,SOC_PROSP_LOOKALIKE_01,Paid Search,SEM_COMPETITOR_03,"[np.str_('Social Media'), np.str_('Social Media'), np.str_('Social Media'), np.str_('Paid Search')]","['SOC_PROSP_LOOKALIKE_01', 'SOC_PROSP_LOOKALIKE_01', 'SOC_INFLUENCER_BOOST_03', 'SEM_COMPETITOR_03']",0,0.0
USR_02365,1,Organic Search,SEO_ORGANIC_DIRECT,Organic Search,SEO_ORGANIC_DIRECT,Organic Search,SEO_ORGANIC_DIRECT,[np.str_('Organic Search')],['SEO_ORGANIC_DIRECT'],0,0.0
USR_02366,1,Paid Search,SEM_COMPETITOR_03,Paid Search,SEM_COMPETITOR_03,Paid Search,SEM_COMPETITOR_03,[np.str_('Paid Search')],['SEM_COMPETITOR_03'],0,0.0
USR_02367,3,Social Media > Social Media > Paid Search,SOC_PROSP_LOOKALIKE_01 > SOC_RETARG_DPA_02 > SEM_COMPETITOR_03,Social Media,SOC_PROSP_LOOKALIKE_01,Paid Search,SEM_COMPETITOR_03,"[np.str_('Social Media'), np.str_('Social Media'), np.str_('Paid Search')]","['SOC_PROSP_LOOKALIKE_01', 'SOC_RETARG_DPA_02', 'SEM_COMPETITOR_03']",0,0.0
USR_02368,1,Display,DSP_RETARG_ABANDON_02,Display,DSP_RETARG_ABANDON_02,Display,DSP_RETARG_ABANDON_02,[np.str_('Display')],['DSP_RETARG_ABANDON_02'],0,0.0
USR_02369,4,Organic Search > Email > Email > Social Media,SEO_ORGANIC_DIRECT > EML_NEWSLETTER_WKLY_01 > EML_WINBACK_90D_03 > SOC_RETARG_DPA_02,Organic Search,SEO_ORGANIC_DIRECT,Social Media,SOC_RETARG_DPA_02,"[np.str_('Organic Search'), np.str_('Email'), np.str_('Email'), np.str_('Social Media')]","['SEO_ORGANIC_DIRECT', 'EML_NEWSLETTER_WKLY_01', 'EML_WINBACK_90D_03', 'SOC_RETARG_DPA_02']",0,0.0
USR_02370,2,Social Media > Paid Search,SOC_INFLUENCER_BOOST_03 > SEM_COMPETITOR_03,Social Media,SOC_INFLUENCER_BOOST_03,Paid Search,SEM_COMPETITOR_03,"[np.str_('Social Media'), np.str_('Paid Search')]","['SOC_INFLUENCER_BOOST_03', 'SEM_COMPETITOR_03']",0,0.0
USR_02371,1,Paid Search,SEM_GENERIC_PROD_02,Paid Search,SEM_GENERIC_PROD_02,Paid Search,SEM_GENERIC_PROD_02,[np.str_('Paid Search')],['SEM_GENERIC_PROD_02'],0,0.0
USR_02372,1,Organic Search,SEO_ORGANIC_DIRECT,Organic Search,SEO_ORGANIC_DIRECT,Organic Search,SEO_ORGANIC_DIRECT,[np.str_('Organic Search')],['SEO_ORGANIC_DIRECT'],0,0.0
USR_02373,2,Social Media > Email,SOC_PROSP_LOOKALIKE_01 > EML_ABANDONED_CART_02,Social Media,SOC_PROSP_LOOKALIKE_01,Email,EML_ABANDONED_CART_02,"[np.str_('Social Media'), np.str_('Email')]","['SOC_PROSP_LOOKALIKE_01', 'EML_ABANDONED_CART_02']",0,0.0
USR_02374,1,Display,DSP_RETARG_ABANDON_02,Display,DSP_RETARG_ABANDON_02,Display,DSP_RETARG_ABANDON_02,[np.str_('Display')],['DSP_RETARG_ABANDON_02'],0,0.0
USR_02375,2,Social Media > Organic Search,SOC_RETARG_DPA_02 > SEO_ORGANIC_DIRECT,Social Media,SOC_RETARG_DPA_02,Organic Search,SEO_ORGANIC_DIRECT,"[np.str_('Social Media'), np.str_('Organic Search')]","['SOC_RETARG_DPA_02', 'SEO_ORGANIC_DIRECT']",0,0.0
USR_02376,1,Paid Search,SEM_GENERIC_PROD_02,Paid Search,SEM_GENERIC_PROD_02,Paid Search,SEM_GENERIC_PROD_02,[np.str_('Paid Search')],['SEM_GENERIC_PROD_02'],0,0.0
USR_02377,3,Social Media > Display > Social Media,SOC_RETARG_DPA_02 > DSP_PROG_AWARE_01 > SOC_INFLUENCER_BOOST_03,Social Media,SOC_RETARG_DPA_02,Social Media,SOC_INFLUENCER_BOOST_03,"[np.str_('Social Media'), np.str_('Display'), np.str_('Social Media')]","['SOC_RETARG_DPA_02', 'DSP_PROG_AWARE_01', 'SOC_INFLUENCER_BOOST_03']",1,84.68
USR_02378,3,Display > Email > Social Media,DSP_RETARG_ABANDON_02 > EML_NEWSLETTER_WKLY_01 > SOC_PROSP_LOOKALIKE_01,Display,DSP_RETARG_ABANDON_02,Social Media,SOC_PROSP_LOOKALIKE_01,"[np.str_('Display'), np.str_('Email'), np.str_('Social Media')]","['DSP_RETARG_ABANDON_02', 'EML_NEWSLETTER_WKLY_01', 'SOC_PROSP_LOOKALIKE_01']",0,0.0
USR_02379,1,Social Media,SOC_PROSP_LOOKALIKE_01,Social Media,SOC_PROSP_LOOKALIKE_01,Social Media,SOC_PROSP_LOOKALIKE_01,[np.str_('Social Media')],['SOC_PROSP_LOOKALIKE_01'],0,0.0
USR_02380,3,Display > Paid Search > Paid Search,DSP_PROG_AWARE_01 > SEM_GENERIC_PROD_02 > SEM_GENERIC_PROD_02,Display,DSP_PROG_AWARE_01,Paid Search,SEM_GENERIC_PROD_02,"[np.str_('Display'), np.str_('Paid Search'), np.str_('Paid Search')]","['DSP_PROG_AWARE_01', 'SEM_GENERIC_PROD_02', 'SEM_GENERIC_PROD_02']",0,0.0
USR_02381,1,Social Media,SOC_INFLUENCER_BOOST_03,Social Media,SOC_INFLUENCER_BOOST_03,Social Media,SOC_INFLUENCER_BOOST_03,[np.str_('Social Media')],['SOC_INFLUENCER_BOOST_03'],0,0.0
USR_02382,5,Social Media > Organic Search > Display > Social Media > Organic Search,SOC_PROSP_LOOKALIKE_01 > SEO_ORGANIC_DIRECT > DSP_RETARG_ABANDON_02 > SOC_INFLUENCER_BOOST_03 > SEO_ORGANIC_DIRECT,Social Media,SOC_PROSP_LOOKALIKE_01,Organic Search,SEO_ORGANIC_DIRECT,"[np.str_('Social Media'), np.str_('Organic Search'), np.str_('Display'), np.str_('Social Media'), np.str_('Organic Search')]","['SOC_PROSP_LOOKALIKE_01', 'SEO_ORGANIC_DIRECT', 'DSP_RETARG_ABANDON_02', 'SOC_INFLUENCER_BOOST_03', 'SEO_ORGANIC_DIRECT']",0,0.0
USR_02383,3,Display > Social Media > Email,DSP_RETARG_ABANDON_02 > SOC_RETARG_DPA_02 > EML_ABANDONED_CART_02,Display,DSP_RETARG_ABANDON_02,Email,EML_ABANDONED_CART_02,"[np.str_('Display'), np.str_('Social Media'), np.str_('Email')]","['DSP_RETARG_ABANDON_02', 'SOC_RETARG_DPA_02', 'EML_ABANDONED_CART_02']",1,111.72
USR_02384,1,Paid Search,SEM_COMPETITOR_03,Paid Search,SEM_COMPETITOR_03,Paid Search,SEM_COMPETITOR_03,[np.str_('Paid Search')],['SEM_COMPETITOR_03'],0,0.0
USR_02385,3,Display > Organic Search > Email,DSP_PROG_AWARE_01 > SEO_ORGANIC_DIRECT > EML_ABANDONED_CART_02,Display,DSP_PROG_AWARE_01,Email,EML_ABANDONED_CART_02,"[np.str_('Display'), np.str_('Organic Search'), np.str_('Email')]","['DSP_PROG_AWARE_01', 'SEO_ORGANIC_DIRECT', 'EML_ABANDONED_CART_02']",0,0.0
USR_02386,3,Display > Paid Search > Paid Search,DSP_PROG_AWARE_01 > SEM_GENERIC_PROD_02 > SEM_GENERIC_PROD_02,Display,DSP_PROG_AWARE_01,Paid Search,SEM_GENERIC_PROD_02,"[np.str_('Display'), np.str_('Paid Search'), np.str_('Paid Search')]","['DSP_PROG_AWARE_01', 'SEM_GENERIC_PROD_02', 'SEM_GENERIC_PROD_02']",0,0.0
USR_02387,1,Social Media,SOC_INFLUENCER_BOOST_03,Social Media,SOC_INFLUENCER_BOOST_03,Social Media,SOC_INFLUENCER_BOOST_03,[np.str_('Social Media')],['SOC_INFLUENCER_BOOST_03'],1,87.03
USR_02388,5,Social Media > Email > Display > Paid Search > Paid Search,SOC_RETARG_DPA_02 > EML_WINBACK_90D_03 > DSP_PROG_AWARE_01 > SEM_BRAND_01 > SEM_GENERIC_PROD_02,Social Media,SOC_RETARG_DPA_02,Paid Search,SEM_GENERIC_PROD_02,"[np.str_('Social Media'), np.str_('Email'), np.str_('Display'), np.str_('Paid Search'), np.str_('Paid Search')]","['SOC_RETARG_DPA_02', 'EML_WINBACK_90D_03', 'DSP_PROG_AWARE_01', 'SEM_BRAND_01', 'SEM_GENERIC_PROD_02']",1,150.36
USR_02389,2,Social Media > Email,SOC_PROSP_LOOKALIKE_01 > EML_ABANDONED_CART_02,Social Media,SOC_PROSP_LOOKALIKE_01,Email,EML_ABANDONED_CART_02,"[np.str_('Social Media'), np.str_('Email')]","['SOC_PROSP_LOOKALIKE_01', 'EML_ABANDONED_CART_02']",0,0.0
USR_02390,1,Social Media,SOC_PROSP_LOOKALIKE_01,Social Media,SOC_PROSP_LOOKALIKE_01,Social Media,SOC_PROSP_LOOKALIKE_01,[np.str_('Social Media')],['SOC_PROSP_LOOKALIKE_01'],0,0.0
USR_02391,4,Display > Social Media > Email > Paid Search,DSP_RETARG_ABANDON_02 > SOC_INFLUENCER_BOOST_03 > EML_WINBACK_90D_03 > SEM_COMPETITOR_03,Display,DSP_RETARG_ABANDON_02,Paid Search,SEM_COMPETITOR_03,"[np.str_('Display'), np.str_('Social Media'), np.str_('Email'), np.str_('Paid Search')]","['DSP_RETARG_ABANDON_02', 'SOC_INFLUENCER_BOOST_03', 'EML_WINBACK_90D_03', 'SEM_COMPETITOR_03']",0,0.0
USR_02392,2,Display > Email,DSP_RETARG_ABANDON_02 > EML_NEWSLETTER_WKLY_01,Display,DSP_RETARG_ABANDON_02,Email,EML_NEWSLETTER_WKLY_01,"[np.str_('Display'), np.str_('Email')]","['DSP_RETARG_ABANDON_02', 'EML_NEWSLETTER_WKLY_01']",0,0.0
USR_02393,1,Organic Search,SEO_ORGANIC_DIRECT,Organic Search,SEO_ORGANIC_DIRECT,Organic Search,SEO_ORGANIC_DIRECT,[np.str_('Organic Search')],['SEO_ORGANIC_DIRECT'],0,0.0
USR_02394,2,Display > Email,DSP_RETARG_ABANDON_02 > EML_NEWSLETTER_WKLY_01,Display,DSP_RETARG_ABANDON_02,Email,EML_NEWSLETTER_WKLY_01,"[np.str_('Display'), np.str_('Email')]","['DSP_RETARG_ABANDON_02', 'EML_NEWSLETTER_WKLY_01']",0,0.0
USR_02395,1,Paid Search,SEM_BRAND_01,Paid Search,SEM_BRAND_01,Paid Search,SEM_BRAND_01,[np.str_('Paid Search')],['SEM_BRAND_01'],0,0.0
USR_02396,3,Display > Display > Email,DSP_PROG_AWARE_01 > DSP_RETARG_ABANDON_02 > EML_ABANDONED_CART_02,Display,DSP_PROG_AWARE_01,Email,EML_ABANDONED_CART_02,"[np.str_('Display'), np.str_('Display'), np.str_('Email')]","['DSP_PROG_AWARE_01', 'DSP_RETARG_ABANDON_02', 'EML_ABANDONED_CART_02']",0,0.0
USR_02397,2,Display > Organic Search,DSP_PROG_AWARE_01 > SEO_ORGANIC_DIRECT,Display,DSP_PROG_AWARE_01,Organic Search,SEO_ORGANIC_DIRECT,"[np.str_('Display'), np.str_('Organic Search')]","['DSP_PROG_AWARE_01', 'SEO_ORGANIC_DIRECT']",0,0.0
USR_02398,1,Social Media,SOC_INFLUENCER_BOOST_03,Social Media,SOC_INFLUENCER_BOOST_03,Social Media,SOC_INFLUENCER_BOOST_03,[np.str_('Social Media')],['SOC_INFLUENCER_BOOST_03'],0,0.0
USR_02399,4,Social Media > Social Media > Display > Social Media,SOC_INFLUENCER_BOOST_03 > SOC_INFLUENCER_BOOST_03 > DSP_RETARG_ABANDON_02 > SOC_INFLUENCER_BOOST_03,Social Media,SOC_INFLUENCER_BOOST_03,Social Media,SOC_INFLUENCER_BOOST_03,"[np.str_('Social Media'), np.str_('Social Media'), np.str_('Display'), np.str_('Social Media')]","['SOC_INFLUENCER_BOOST_03', 'SOC_INFLUENCER_BOOST_03', 'DSP_RETARG_ABANDON_02', 'SOC_INFLUENCER_BOOST_03']",0,0.0
USR_02400,3,Paid Search > Social Media > Social Media,SEM_COMPETITOR_03 > SOC_RETARG_DPA_02 > SOC_RETARG_DPA_02,Paid Search,SEM_COMPETITOR_03,Social Media,SOC_RETARG_DPA_02,"[np.str_('Paid Search'), np.str_('Social Media'), np.str_('Social Media')]","['SEM_COMPETITOR_03', 'SOC_RETARG_DPA_02', 'SOC_RETARG_DPA_02']",0,0.0
USR_02401,4,Display > Paid Search > Paid Search > Organic Search,DSP_PROG_AWARE_01 > SEM_BRAND_01 > SEM_GENERIC_PROD_02 > SEO_ORGANIC_DIRECT,Display,DSP_PROG_AWARE_01,Organic Search,SEO_ORGANIC_DIRECT,"[np.str_('Display'), np.str_('Paid Search'), np.str_('Paid Search'), np.str_('Organic Search')]","['DSP_PROG_AWARE_01', 'SEM_BRAND_01', 'SEM_GENERIC_PROD_02', 'SEO_ORGANIC_DIRECT']",0,0.0
USR_02402,2,Social Media > Social Media,SOC_RETARG_DPA_02 > SOC_INFLUENCER_BOOST_03,Social Media,SOC_RETARG_DPA_02,Social Media,SOC_INFLUENCER_BOOST_03,"[np.str_('Social Media'), np.str_('Social Media')]","['SOC_RETARG_DPA_02', 'SOC_INFLUENCER_BOOST_03']",0,0.0
USR_02403,5,Paid Search > Email > Paid Search > Paid Search > Email,SEM_BRAND_01 > EML_WINBACK_90D_03 > SEM_COMPETITOR_03 > SEM_COMPETITOR_03 > EML_ABANDONED_CART_02,Paid Search,SEM_BRAND_01,Email,EML_ABANDONED_CART_02,"[np.str_('Paid Search'), np.str_('Email'), np.str_('Paid Search'), np.str_('Paid Search'), np.str_('Email')]","['SEM_BRAND_01', 'EML_WINBACK_90D_03', 'SEM_COMPETITOR_03', 'SEM_COMPETITOR_03', 'EML_ABANDONED_CART_02']",0,0.0
USR_02404,1,Email,EML_ABANDONED_CART_02,Email,EML_ABANDONED_CART_02,Email,EML_ABANDONED_CART_02,[np.str_('Email')],['EML_ABANDONED_CART_02'],0,0.0
USR_02405,1,Social Media,SOC_PROSP_LOOKALIKE_01,Social Media,SOC_PROSP_LOOKALIKE_01,Social Media,SOC_PROSP_LOOKALIKE_01,[np.str_('Social Media')],['SOC_PROSP_LOOKALIKE_01'],0,0.0
USR_02406,1,Organic Search,SEO_ORGANIC_DIRECT,Organic Search,SEO_ORGANIC_DIRECT,Organic Search,SEO_ORGANIC_DIRECT,[np.str_('Organic Search')],['SEO_ORGANIC_DIRECT'],0,0.0
USR_02407,1,Social Media,SOC_RETARG_DPA_02,Social Media,SOC_RETARG_DPA_02,Social Media,SOC_RETARG_DPA_02,[np.str_('Social Media')],['SOC_RETARG_DPA_02'],0,0.0
USR_02408,1,Social Media,SOC_INFLUENCER_BOOST_03,Social Media,SOC_INFLUENCER_BOOST_03,Social Media,SOC_INFLUENCER_BOOST_03,[np.str_('Social Media')],['SOC_INFLUENCER_BOOST_03'],0,0.0
USR_02409,2,Display > Social Media,DSP_RETARG_ABANDON_02 > SOC_PROSP_LOOKALIKE_01,Display,DSP_RETARG_ABANDON_02,Social Media,SOC_PROSP_LOOKALIKE_01,"[np.str_('Display'), np.str_('Social Media')]","['DSP_RETARG_ABANDON_02', 'SOC_PROSP_LOOKALIKE_01']",0,0.0
USR_02410,1,Social Media,SOC_INFLUENCER_BOOST_03,Social Media,SOC_INFLUENCER_BOOST_03,Social Media,SOC_INFLUENCER_BOOST_03,[np.str_('Social Media')],['SOC_INFLUENCER_BOOST_03'],0,0.0
USR_02411,4,Email > Organic Search > Paid Search > Social Media,EML_WINBACK_90D_03 > SEO_ORGANIC_DIRECT > SEM_BRAND_01 > SOC_RETARG_DPA_02,Email,EML_WINBACK_90D_03,Social Media,SOC_RETARG_DPA_02,"[np.str_('Email'), np.str_('Organic Search'), np.str_('Paid Search'), np.str_('Social Media')]","['EML_WINBACK_90D_03', 'SEO_ORGANIC_DIRECT', 'SEM_BRAND_01', 'SOC_RETARG_DPA_02']",0,0.0
USR_02412,3,Social Media > Social Media > Paid Search,SOC_RETARG_DPA_02 > SOC_RETARG_DPA_02 > SEM_GENERIC_PROD_02,Social Media,SOC_RETARG_DPA_02,Paid Search,SEM_GENERIC_PROD_02,"[np.str_('Social Media'), np.str_('Social Media'), np.str_('Paid Search')]","['SOC_RETARG_DPA_02', 'SOC_RETARG_DPA_02', 'SEM_GENERIC_PROD_02']",0,0.0
USR_02413,5,Email > Display > Display > Paid Search > Paid Search,EML_NEWSLETTER_WKLY_01 > DSP_PROG_AWARE_01 > DSP_PROG_AWARE_01 > SEM_GENERIC_PROD_02 > SEM_BRAND_01,Email,EML_NEWSLETTER_WKLY_01,Paid Search,SEM_BRAND_01,"[np.str_('Email'), np.str_('Display'), np.str_('Display'), np.str_('Paid Search'), np.str_('Paid Search')]","['EML_NEWSLETTER_WKLY_01', 'DSP_PROG_AWARE_01', 'DSP_PROG_AWARE_01', 'SEM_GENERIC_PROD_02', 'SEM_BRAND_01']",0,0.0
USR_02414,2,Organic Search > Paid Search,SEO_ORGANIC_DIRECT > SEM_GENERIC_PROD_02,Organic Search,SEO_ORGANIC_DIRECT,Paid Search,SEM_GENERIC_PROD_02,"[np.str_('Organic Search'), np.str_('Paid Search')]","['SEO_ORGANIC_DIRECT', 'SEM_GENERIC_PROD_02']",0,0.0
USR_02415,2,Display > Organic Search,DSP_PROG_AWARE_01 > SEO_ORGANIC_DIRECT,Display,DSP_PROG_AWARE_01,Organic Search,SEO_ORGANIC_DIRECT,"[np.str_('Display'), np.str_('Organic Search')]","['DSP_PROG_AWARE_01', 'SEO_ORGANIC_DIRECT']",0,0.0
USR_02416,1,Display,DSP_PROG_AWARE_01,Display,DSP_PROG_AWARE_01,Display,DSP_PROG_AWARE_01,[np.str_('Display')],['DSP_PROG_AWARE_01'],0,0.0
USR_02417,4,Display > Paid Search > Social Media > Paid Search,DSP_RETARG_ABANDON_02 > SEM_BRAND_01 > SOC_RETARG_DPA_02 > SEM_COMPETITOR_03,Display,DSP_RETARG_ABANDON_02,Paid Search,SEM_COMPETITOR_03,"[np.str_('Display'), np.str_('Paid Search'), np.str_('Social Media'), np.str_('Paid Search')]","['DSP_RETARG_ABANDON_02', 'SEM_BRAND_01', 'SOC_RETARG_DPA_02', 'SEM_COMPETITOR_03']",0,0.0
USR_02418,3,Paid Search > Social Media > Paid Search,SEM_BRAND_01 > SOC_RETARG_DPA_02 > SEM_GENERIC_PROD_02,Paid Search,SEM_BRAND_01,Paid Search,SEM_GENERIC_PROD_02,"[np.str_('Paid Search'), np.str_('Social Media'), np.str_('Paid Search')]","['SEM_BRAND_01', 'SOC_RETARG_DPA_02', 'SEM_GENERIC_PROD_02']",0,0.0
USR_02419,4,Social Media > Paid Search > Social Media > Organic Search,SOC_INFLUENCER_BOOST_03 > SEM_COMPETITOR_03 > SOC_INFLUENCER_BOOST_03 > SEO_ORGANIC_DIRECT,Social Media,SOC_INFLUENCER_BOOST_03,Organic Search,SEO_ORGANIC_DIRECT,"[np.str_('Social Media'), np.str_('Paid Search'), np.str_('Social Media'), np.str_('Organic Search')]","['SOC_INFLUENCER_BOOST_03', 'SEM_COMPETITOR_03', 'SOC_INFLUENCER_BOOST_03', 'SEO_ORGANIC_DIRECT']",0,0.0
USR_02420,4,Social Media > Paid Search > Email > Paid Search,SOC_INFLUENCER_BOOST_03 > SEM_COMPETITOR_03 > EML_ABANDONED_CART_02 > SEM_COMPETITOR_03,Social Media,SOC_INFLUENCER_BOOST_03,Paid Search,SEM_COMPETITOR_03,"[np.str_('Social Media'), np.str_('Paid Search'), np.str_('Email'), np.str_('Paid Search')]","['SOC_INFLUENCER_BOOST_03', 'SEM_COMPETITOR_03', 'EML_ABANDONED_CART_02', 'SEM_COMPETITOR_03']",1,136.62
USR_02421,2,Display > Social Media,DSP_RETARG_ABANDON_02 > SOC_RETARG_DPA_02,Display,DSP_RETARG_ABANDON_02,Social Media,SOC_RETARG_DPA_02,"[np.str_('Display'), np.str_('Social Media')]","['DSP_RETARG_ABANDON_02', 'SOC_RETARG_DPA_02']",0,0.0
USR_02422,3,Social Media > Email > Display,SOC_INFLUENCER_BOOST_03 > EML_WINBACK_90D_03 > DSP_PROG_AWARE_01,Social Media,SOC_INFLUENCER_BOOST_03,Display,DSP_PROG_AWARE_01,"[np.str_('Social Media'), np.str_('Email'), np.str_('Display')]","['SOC_INFLUENCER_BOOST_03', 'EML_WINBACK_90D_03', 'DSP_PROG_AWARE_01']",1,49.1
USR_02423,1,Social Media,SOC_PROSP_LOOKALIKE_01,Social Media,SOC_PROSP_LOOKALIKE_01,Social Media,SOC_PROSP_LOOKALIKE_01,[np.str_('Social Media')],['SOC_PROSP_LOOKALIKE_01'],0,0.0
USR_02424,3,Social Media > Display > Paid Search,SOC_RETARG_DPA_02 > DSP_PROG_AWARE_01 > SEM_GENERIC_PROD_02,Social Media,SOC_RETARG_DPA_02,Paid Search,SEM_GENERIC_PROD_02,"[np.str_('Social Media'), np.str_('Display'), np.str_('Paid Search')]","['SOC_RETARG_DPA_02', 'DSP_PROG_AWARE_01', 'SEM_GENERIC_PROD_02']",1,112.71
USR_02425,2,Display > Paid Search,DSP_PROG_AWARE_01 > SEM_BRAND_01,Display,DSP_PROG_AWARE_01,Paid Search,SEM_BRAND_01,"[np.str_('Display'), np.str_('Paid Search')]","['DSP_PROG_AWARE_01', 'SEM_BRAND_01']",0,0.0
USR_02426,1,Organic Search,SEO_ORGANIC_DIRECT,Organic Search,SEO_ORGANIC_DIRECT,Organic Search,SEO_ORGANIC_DIRECT,[np.str_('Organic Search')],['SEO_ORGANIC_DIRECT'],0,0.0
USR_02427,1,Social Media,SOC_INFLUENCER_BOOST_03,Social Media,SOC_INFLUENCER_BOOST_03,Social Media,SOC_INFLUENCER_BOOST_03,[np.str_('Social Media')],['SOC_INFLUENCER_BOOST_03'],0,0.0
USR_02428,1,Social Media,SOC_RETARG_DPA_02,Social Media,SOC_RETARG_DPA_02,Social Media,SOC_RETARG_DPA_02,[np.str_('Social Media')],['SOC_RETARG_DPA_02'],0,0.0
USR_02429,1,Paid Search,SEM_GENERIC_PROD_02,Paid Search,SEM_GENERIC_PROD_02,Paid Search,SEM_GENERIC_PROD_02,[np.str_('Paid Search')],['SEM_GENERIC_PROD_02'],0,0.0
USR_02430,5,Organic Search > Social Media > Paid Search > Paid Search > Paid Search,SEO_ORGANIC_DIRECT > SOC_INFLUENCER_BOOST_03 > SEM_COMPETITOR_03 > SEM_GENERIC_PROD_02 > SEM_GENERIC_PROD_02,Organic Search,SEO_ORGANIC_DIRECT,Paid Search,SEM_GENERIC_PROD_02,"[np.str_('Organic Search'), np.str_('Social Media'), np.str_('Paid Search'), np.str_('Paid Search'), np.str_('Paid Search')]","['SEO_ORGANIC_DIRECT', 'SOC_INFLUENCER_BOOST_03', 'SEM_COMPETITOR_03', 'SEM_GENERIC_PROD_02', 'SEM_GENERIC_PROD_02']",1,148.43
USR_02431,2,Email > Social Media,EML_WINBACK_90D_03 > SOC_PROSP_LOOKALIKE_01,Email,EML_WINBACK_90D_03,Social Media,SOC_PROSP_LOOKALIKE_01,"[np.str_('Email'), np.str_('Social Media')]","['EML_WINBACK_90D_03', 'SOC_PROSP_LOOKALIKE_01']",0,0.0
USR_02432,2,Social Media > Display,SOC_INFLUENCER_BOOST_03 > DSP_PROG_AWARE_01,Social Media,SOC_INFLUENCER_BOOST_03,Display,DSP_PROG_AWARE_01,"[np.str_('Social Media'), np.str_('Display')]","['SOC_INFLUENCER_BOOST_03', 'DSP_PROG_AWARE_01']",0,0.0
USR_02433,2,Social Media > Email,SOC_PROSP_LOOKALIKE_01 > EML_WINBACK_90D_03,Social Media,SOC_PROSP_LOOKALIKE_01,Email,EML_WINBACK_90D_03,"[np.str_('Social Media'), np.str_('Email')]","['SOC_PROSP_LOOKALIKE_01', 'EML_WINBACK_90D_03']",0,0.0
USR_02434,1,Display,DSP_PROG_AWARE_01,Display,DSP_PROG_AWARE_01,Display,DSP_PROG_AWARE_01,[np.str_('Display')],['DSP_PROG_AWARE_01'],0,0.0
USR_02435,2,Email > Paid Search,EML_WINBACK_90D_03 > SEM_BRAND_01,Email,EML_WINBACK_90D_03,Paid Search,SEM_BRAND_01,"[np.str_('Email'), np.str_('Paid Search')]","['EML_WINBACK_90D_03', 'SEM_BRAND_01']",1,103.81
USR_02436,1,Social Media,SOC_INFLUENCER_BOOST_03,Social Media,SOC_INFLUENCER_BOOST_03,Social Media,SOC_INFLUENCER_BOOST_03,[np.str_('Social Media')],['SOC_INFLUENCER_BOOST_03'],0,0.0
USR_02437,2,Social Media > Paid Search,SOC_INFLUENCER_BOOST_03 > SEM_BRAND_01,Social Media,SOC_INFLUENCER_BOOST_03,Paid Search,SEM_BRAND_01,"[np.str_('Social Media'), np.str_('Paid Search')]","['SOC_INFLUENCER_BOOST_03', 'SEM_BRAND_01']",0,0.0
USR_02438,4,Organic Search > Paid Search > Paid Search > Email,SEO_ORGANIC_DIRECT > SEM_COMPETITOR_03 > SEM_GENERIC_PROD_02 > EML_WINBACK_90D_03,Organic Search,SEO_ORGANIC_DIRECT,Email,EML_WINBACK_90D_03,"[np.str_('Organic Search'), np.str_('Paid Search'), np.str_('Paid Search'), np.str_('Email')]","['SEO_ORGANIC_DIRECT', 'SEM_COMPETITOR_03', 'SEM_GENERIC_PROD_02', 'EML_WINBACK_90D_03']",0,0.0
USR_02439,3,Display > Paid Search > Social Media,DSP_PROG_AWARE_01 > SEM_GENERIC_PROD_02 > SOC_INFLUENCER_BOOST_03,Display,DSP_PROG_AWARE_01,Social Media,SOC_INFLUENCER_BOOST_03,"[np.str_('Display'), np.str_('Paid Search'), np.str_('Social Media')]","['DSP_PROG_AWARE_01', 'SEM_GENERIC_PROD_02', 'SOC_INFLUENCER_BOOST_03']",0,0.0
USR_02440,4,Social Media > Paid Search > Social Media > Paid Search,SOC_RETARG_DPA_02 > SEM_BRAND_01 > SOC_RETARG_DPA_02 > SEM_GENERIC_PROD_02,Social Media,SOC_RETARG_DPA_02,Paid Search,SEM_GENERIC_PROD_02,"[np.str_('Social Media'), np.str_('Paid Search'), np.str_('Social Media'), np.str_('Paid Search')]","['SOC_RETARG_DPA_02', 'SEM_BRAND_01', 'SOC_RETARG_DPA_02', 'SEM_GENERIC_PROD_02']",1,126.13
USR_02441,1,Display,DSP_RETARG_ABANDON_02,Display,DSP_RETARG_ABANDON_02,Display,DSP_RETARG_ABANDON_02,[np.str_('Display')],['DSP_RETARG_ABANDON_02'],0,0.0
USR_02442,1,Email,EML_ABANDONED_CART_02,Email,EML_ABANDONED_CART_02,Email,EML_ABANDONED_CART_02,[np.str_('Email')],['EML_ABANDONED_CART_02'],0,0.0
USR_02443,1,Display,DSP_RETARG_ABANDON_02,Display,DSP_RETARG_ABANDON_02,Display,DSP_RETARG_ABANDON_02,[np.str_('Display')],['DSP_RETARG_ABANDON_02'],0,0.0
USR_02444,4,Social Media > Social Media > Email > Email,SOC_INFLUENCER_BOOST_03 > SOC_INFLUENCER_BOOST_03 > EML_ABANDONED_CART_02 > EML_WINBACK_90D_03,Social Media,SOC_INFLUENCER_BOOST_03,Email,EML_WINBACK_90D_03,"[np.str_('Social Media'), np.str_('Social Media'), np.str_('Email'), np.str_('Email')]","['SOC_INFLUENCER_BOOST_03', 'SOC_INFLUENCER_BOOST_03', 'EML_ABANDONED_CART_02', 'EML_WINBACK_90D_03']",0,0.0
USR_02445,1,Paid Search,SEM_COMPETITOR_03,Paid Search,SEM_COMPETITOR_03,Paid Search,SEM_COMPETITOR_03,[np.str_('Paid Search')],['SEM_COMPETITOR_03'],0,0.0
USR_02446,1,Social Media,SOC_PROSP_LOOKALIKE_01,Social Media,SOC_PROSP_LOOKALIKE_01,Social Media,SOC_PROSP_LOOKALIKE_01,[np.str_('Social Media')],['SOC_PROSP_LOOKALIKE_01'],0,0.0
USR_02447,1,Social Media,SOC_RETARG_DPA_02,Social Media,SOC_RETARG_DPA_02,Social Media,SOC_RETARG_DPA_02,[np.str_('Social Media')],['SOC_RETARG_DPA_02'],1,125.83
USR_02448,1,Social Media,SOC_PROSP_LOOKALIKE_01,Social Media,SOC_PROSP_LOOKALIKE_01,Social Media,SOC_PROSP_LOOKALIKE_01,[np.str_('Social Media')],['SOC_PROSP_LOOKALIKE_01'],0,0.0
USR_02449,2,Social Media > Social Media,SOC_INFLUENCER_BOOST_03 > SOC_RETARG_DPA_02,Social Media,SOC_INFLUENCER_BOOST_03,Social Media,SOC_RETARG_DPA_02,"[np.str_('Social Media'), np.str_('Social Media')]","['SOC_INFLUENCER_BOOST_03', 'SOC_RETARG_DPA_02']",1,82.86
USR_02450,2,Organic Search > Paid Search,SEO_ORGANIC_DIRECT > SEM_GENERIC_PROD_02,Organic Search,SEO_ORGANIC_DIRECT,Paid Search,SEM_GENERIC_PROD_02,"[np.str_('Organic Search'), np.str_('Paid Search')]","['SEO_ORGANIC_DIRECT', 'SEM_GENERIC_PROD_02']",0,0.0
USR_02451,1,Organic Search,SEO_ORGANIC_DIRECT,Organic Search,SEO_ORGANIC_DIRECT,Organic Search,SEO_ORGANIC_DIRECT,[np.str_('Organic Search')],['SEO_ORGANIC_DIRECT'],0,0.0
USR_02452,1,Display,DSP_RETARG_ABANDON_02,Display,DSP_RETARG_ABANDON_02,Display,DSP_RETARG_ABANDON_02,[np.str_('Display')],['DSP_RETARG_ABANDON_02'],0,0.0
USR_02453,3,Email > Email > Organic Search,EML_WINBACK_90D_03 > EML_WINBACK_90D_03 > SEO_ORGANIC_DIRECT,Email,EML_WINBACK_90D_03,Organic Search,SEO_ORGANIC_DIRECT,"[np.str_('Email'), np.str_('Email'), np.str_('Organic Search')]","['EML_WINBACK_90D_03', 'EML_WINBACK_90D_03', 'SEO_ORGANIC_DIRECT']",0,0.0
USR_02454,1,Paid Search,SEM_COMPETITOR_03,Paid Search,SEM_COMPETITOR_03,Paid Search,SEM_COMPETITOR_03,[np.str_('Paid Search')],['SEM_COMPETITOR_03'],0,0.0
USR_02455,4,Display > Display > Social Media > Paid Search,DSP_PROG_AWARE_01 > DSP_PROG_AWARE_01 > SOC_PROSP_LOOKALIKE_01 > SEM_GENERIC_PROD_02,Display,DSP_PROG_AWARE_01,Paid Search,SEM_GENERIC_PROD_02,"[np.str_('Display'), np.str_('Display'), np.str_('Social Media'), np.str_('Paid Search')]","['DSP_PROG_AWARE_01', 'DSP_PROG_AWARE_01', 'SOC_PROSP_LOOKALIKE_01', 'SEM_GENERIC_PROD_02']",0,0.0
USR_02456,4,Paid Search > Organic Search > Email > Email,SEM_COMPETITOR_03 > SEO_ORGANIC_DIRECT > EML_ABANDONED_CART_02 > EML_ABANDONED_CART_02,Paid Search,SEM_COMPETITOR_03,Email,EML_ABANDONED_CART_02,"[np.str_('Paid Search'), np.str_('Organic Search'), np.str_('Email'), np.str_('Email')]","['SEM_COMPETITOR_03', 'SEO_ORGANIC_DIRECT', 'EML_ABANDONED_CART_02', 'EML_ABANDONED_CART_02']",1,145.54
USR_02457,1,Social Media,SOC_INFLUENCER_BOOST_03,Social Media,SOC_INFLUENCER_BOOST_03,Social Media,SOC_INFLUENCER_BOOST_03,[np.str_('Social Media')],['SOC_INFLUENCER_BOOST_03'],0,0.0
USR_02458,1,Social Media,SOC_INFLUENCER_BOOST_03,Social Media,SOC_INFLUENCER_BOOST_03,Social Media,SOC_INFLUENCER_BOOST_03,[np.str_('Social Media')],['SOC_INFLUENCER_BOOST_03'],0,0.0
USR_02459,2,Social Media > Social Media,SOC_PROSP_LOOKALIKE_01 > SOC_INFLUENCER_BOOST_03,Social Media,SOC_PROSP_LOOKALIKE_01,Social Media,SOC_INFLUENCER_BOOST_03,"[np.str_('Social Media'), np.str_('Social Media')]","['SOC_PROSP_LOOKALIKE_01', 'SOC_INFLUENCER_BOOST_03']",0,0.0
USR_02460,2,Display > Paid Search,DSP_RETARG_ABANDON_02 > SEM_GENERIC_PROD_02,Display,DSP_RETARG_ABANDON_02,Paid Search,SEM_GENERIC_PROD_02,"[np.str_('Display'), np.str_('Paid Search')]","['DSP_RETARG_ABANDON_02', 'SEM_GENERIC_PROD_02']",0,0.0
USR_02461,2,Paid Search > Social Media,SEM_COMPETITOR_03 > SOC_RETARG_DPA_02,Paid Search,SEM_COMPETITOR_03,Social Media,SOC_RETARG_DPA_02,"[np.str_('Paid Search'), np.str_('Social Media')]","['SEM_COMPETITOR_03', 'SOC_RETARG_DPA_02']",0,0.0
USR_02462,5,Organic Search > Display > Paid Search > Paid Search > Social Media,SEO_ORGANIC_DIRECT > DSP_PROG_AWARE_01 > SEM_COMPETITOR_03 > SEM_COMPETITOR_03 > SOC_INFLUENCER_BOOST_03,Organic Search,SEO_ORGANIC_DIRECT,Social Media,SOC_INFLUENCER_BOOST_03,"[np.str_('Organic Search'), np.str_('Display'), np.str_('Paid Search'), np.str_('Paid Search'), np.str_('Social Media')]","['SEO_ORGANIC_DIRECT', 'DSP_PROG_AWARE_01', 'SEM_COMPETITOR_03', 'SEM_COMPETITOR_03', 'SOC_INFLUENCER_BOOST_03']",0,0.0
USR_02463,1,Organic Search,SEO_ORGANIC_DIRECT,Organic Search,SEO_ORGANIC_DIRECT,Organic Search,SEO_ORGANIC_DIRECT,[np.str_('Organic Search')],['SEO_ORGANIC_DIRECT'],0,0.0
USR_02464,4,Organic Search > Email > Display > Paid Search,SEO_ORGANIC_DIRECT > EML_WINBACK_90D_03 > DSP_PROG_AWARE_01 > SEM_COMPETITOR_03,Organic Search,SEO_ORGANIC_DIRECT,Paid Search,SEM_COMPETITOR_03,"[np.str_('Organic Search'), np.str_('Email'), np.str_('Display'), np.str_('Paid Search')]","['SEO_ORGANIC_DIRECT', 'EML_WINBACK_90D_03', 'DSP_PROG_AWARE_01', 'SEM_COMPETITOR_03']",0,0.0
USR_02465,3,Display > Display > Organic Search,DSP_PROG_AWARE_01 > DSP_PROG_AWARE_01 > SEO_ORGANIC_DIRECT,Display,DSP_PROG_AWARE_01,Organic Search,SEO_ORGANIC_DIRECT,"[np.str_('Display'), np.str_('Display'), np.str_('Organic Search')]","['DSP_PROG_AWARE_01', 'DSP_PROG_AWARE_01', 'SEO_ORGANIC_DIRECT']",0,0.0
USR_02466,2,Display > Social Media,DSP_PROG_AWARE_01 > SOC_PROSP_LOOKALIKE_01,Display,DSP_PROG_AWARE_01,Social Media,SOC_PROSP_LOOKALIKE_01,"[np.str_('Display'), np.str_('Social Media')]","['DSP_PROG_AWARE_01', 'SOC_PROSP_LOOKALIKE_01']",0,0.0
USR_02467,3,Social Media > Display > Paid Search,SOC_INFLUENCER_BOOST_03 > DSP_RETARG_ABANDON_02 > SEM_GENERIC_PROD_02,Social Media,SOC_INFLUENCER_BOOST_03,Paid Search,SEM_GENERIC_PROD_02,"[np.str_('Social Media'), np.str_('Display'), np.str_('Paid Search')]","['SOC_INFLUENCER_BOOST_03', 'DSP_RETARG_ABANDON_02', 'SEM_GENERIC_PROD_02']",0,0.0
USR_02468,1,Social Media,SOC_PROSP_LOOKALIKE_01,Social Media,SOC_PROSP_LOOKALIKE_01,Social Media,SOC_PROSP_LOOKALIKE_01,[np.str_('Social Media')],['SOC_PROSP_LOOKALIKE_01'],0,0.0
USR_02469,1,Social Media,SOC_RETARG_DPA_02,Social Media,SOC_RETARG_DPA_02,Social Media,SOC_RETARG_DPA_02,[np.str_('Social Media')],['SOC_RETARG_DPA_02'],0,0.0
USR_02470,1,Social Media,SOC_RETARG_DPA_02,Social Media,SOC_RETARG_DPA_02,Social Media,SOC_RETARG_DPA_02,[np.str_('Social Media')],['SOC_RETARG_DPA_02'],0,0.0
USR_02471,2,Organic Search > Organic Search,SEO_ORGANIC_DIRECT > SEO_ORGANIC_DIRECT,Organic Search,SEO_ORGANIC_DIRECT,Organic Search,SEO_ORGANIC_DIRECT,"[np.str_('Organic Search'), np.str_('Organic Search')]","['SEO_ORGANIC_DIRECT', 'SEO_ORGANIC_DIRECT']",0,0.0
USR_02472,2,Paid Search > Email,SEM_COMPETITOR_03 > EML_WINBACK_90D_03,Paid Search,SEM_COMPETITOR_03,Email,EML_WINBACK_90D_03,"[np.str_('Paid Search'), np.str_('Email')]","['SEM_COMPETITOR_03', 'EML_WINBACK_90D_03']",0,0.0
USR_02473,1,Social Media,SOC_INFLUENCER_BOOST_03,Social Media,SOC_INFLUENCER_BOOST_03,Social Media,SOC_INFLUENCER_BOOST_03,[np.str_('Social Media')],['SOC_INFLUENCER_BOOST_03'],0,0.0
USR_02474,2,Organic Search > Paid Search,SEO_ORGANIC_DIRECT > SEM_BRAND_01,Organic Search,SEO_ORGANIC_DIRECT,Paid Search,SEM_BRAND_01,"[np.str_('Organic Search'), np.str_('Paid Search')]","['SEO_ORGANIC_DIRECT', 'SEM_BRAND_01']",0,0.0
USR_02475,1,Social Media,SOC_PROSP_LOOKALIKE_01,Social Media,SOC_PROSP_LOOKALIKE_01,Social Media,SOC_PROSP_LOOKALIKE_01,[np.str_('Social Media')],['SOC_PROSP_LOOKALIKE_01'],0,0.0
USR_02476,2,Organic Search > Paid Search,SEO_ORGANIC_DIRECT > SEM_COMPETITOR_03,Organic Search,SEO_ORGANIC_DIRECT,Paid Search,SEM_COMPETITOR_03,"[np.str_('Organic Search'), np.str_('Paid Search')]","['SEO_ORGANIC_DIRECT', 'SEM_COMPETITOR_03']",0,0.0
USR_02477,1,Email,EML_NEWSLETTER_WKLY_01,Email,EML_NEWSLETTER_WKLY_01,Email,EML_NEWSLETTER_WKLY_01,[np.str_('Email')],['EML_NEWSLETTER_WKLY_01'],0,0.0
USR_02478,4,Display > Social Media > Social Media > Social Media,DSP_RETARG_ABANDON_02 > SOC_PROSP_LOOKALIKE_01 > SOC_PROSP_LOOKALIKE_01 > SOC_INFLUENCER_BOOST_03,Display,DSP_RETARG_ABANDON_02,Social Media,SOC_INFLUENCER_BOOST_03,"[np.str_('Display'), np.str_('Social Media'), np.str_('Social Media'), np.str_('Social Media')]","['DSP_RETARG_ABANDON_02', 'SOC_PROSP_LOOKALIKE_01', 'SOC_PROSP_LOOKALIKE_01', 'SOC_INFLUENCER_BOOST_03']",1,89.66
USR_02479,3,Social Media > Display > Email,SOC_PROSP_LOOKALIKE_01 > DSP_RETARG_ABANDON_02 > EML_WINBACK_90D_03,Social Media,SOC_PROSP_LOOKALIKE_01,Email,EML_WINBACK_90D_03,"[np.str_('Social Media'), np.str_('Display'), np.str_('Email')]","['SOC_PROSP_LOOKALIKE_01', 'DSP_RETARG_ABANDON_02', 'EML_WINBACK_90D_03']",0,0.0
USR_02480,1,Social Media,SOC_INFLUENCER_BOOST_03,Social Media,SOC_INFLUENCER_BOOST_03,Social Media,SOC_INFLUENCER_BOOST_03,[np.str_('Social Media')],['SOC_INFLUENCER_BOOST_03'],0,0.0
USR_02481,1,Paid Search,SEM_BRAND_01,Paid Search,SEM_BRAND_01,Paid Search,SEM_BRAND_01,[np.str_('Paid Search')],['SEM_BRAND_01'],1,119.49
USR_02482,5,Organic Search > Email > Social Media > Paid Search > Social Media,SEO_ORGANIC_DIRECT > EML_WINBACK_90D_03 > SOC_PROSP_LOOKALIKE_01 > SEM_GENERIC_PROD_02 > SOC_RETARG_DPA_02,Organic Search,SEO_ORGANIC_DIRECT,Social Media,SOC_RETARG_DPA_02,"[np.str_('Organic Search'), np.str_('Email'), np.str_('Social Media'), np.str_('Paid Search'), np.str_('Social Media')]","['SEO_ORGANIC_DIRECT', 'EML_WINBACK_90D_03', 'SOC_PROSP_LOOKALIKE_01', 'SEM_GENERIC_PROD_02', 'SOC_RETARG_DPA_02']",1,106.03
USR_02483,1,Social Media,SOC_INFLUENCER_BOOST_03,Social Media,SOC_INFLUENCER_BOOST_03,Social Media,SOC_INFLUENCER_BOOST_03,[np.str_('Social Media')],['SOC_INFLUENCER_BOOST_03'],0,0.0
USR_02484,1,Social Media,SOC_RETARG_DPA_02,Social Media,SOC_RETARG_DPA_02,Social Media,SOC_RETARG_DPA_02,[np.str_('Social Media')],['SOC_RETARG_DPA_02'],0,0.0
USR_02485,4,Social Media > Social Media > Social Media > Social Media,SOC_RETARG_DPA_02 > SOC_RETARG_DPA_02 > SOC_RETARG_DPA_02 > SOC_PROSP_LOOKALIKE_01,Social Media,SOC_RETARG_DPA_02,Social Media,SOC_PROSP_LOOKALIKE_01,"[np.str_('Social Media'), np.str_('Social Media'), np.str_('Social Media'), np.str_('Social Media')]","['SOC_RETARG_DPA_02', 'SOC_RETARG_DPA_02', 'SOC_RETARG_DPA_02', 'SOC_PROSP_LOOKALIKE_01']",0,0.0
USR_02486,1,Social Media,SOC_INFLUENCER_BOOST_03,Social Media,SOC_INFLUENCER_BOOST_03,Social Media,SOC_INFLUENCER_BOOST_03,[np.str_('Social Media')],['SOC_INFLUENCER_BOOST_03'],0,0.0
USR_02487,2,Paid Search > Organic Search,SEM_COMPETITOR_03 > SEO_ORGANIC_DIRECT,Paid Search,SEM_COMPETITOR_03,Organic Search,SEO_ORGANIC_DIRECT,"[np.str_('Paid Search'), np.str_('Organic Search')]","['SEM_COMPETITOR_03', 'SEO_ORGANIC_DIRECT']",0,0.0
USR_02488,1,Paid Search,SEM_GENERIC_PROD_02,Paid Search,SEM_GENERIC_PROD_02,Paid Search,SEM_GENERIC_PROD_02,[np.str_('Paid Search')],['SEM_GENERIC_PROD_02'],0,0.0
USR_02489,1,Email,EML_NEWSLETTER_WKLY_01,Email,EML_NEWSLETTER_WKLY_01,Email,EML_NEWSLETTER_WKLY_01,[np.str_('Email')],['EML_NEWSLETTER_WKLY_01'],0,0.0
USR_02490,1,Display,DSP_RETARG_ABANDON_02,Display,DSP_RETARG_ABANDON_02,Display,DSP_RETARG_ABANDON_02,[np.str_('Display')],['DSP_RETARG_ABANDON_02'],0,0.0
USR_02491,2,Display > Email,DSP_PROG_AWARE_01 > EML_NEWSLETTER_WKLY_01,Display,DSP_PROG_AWARE_01,Email,EML_NEWSLETTER_WKLY_01,"[np.str_('Display'), np.str_('Email')]","['DSP_PROG_AWARE_01', 'EML_NEWSLETTER_WKLY_01']",0,0.0
USR_02492,3,Display > Social Media > Email,DSP_RETARG_ABANDON_02 > SOC_RETARG_DPA_02 > EML_NEWSLETTER_WKLY_01,Display,DSP_RETARG_ABANDON_02,Email,EML_NEWSLETTER_WKLY_01,"[np.str_('Display'), np.str_('Social Media'), np.str_('Email')]","['DSP_RETARG_ABANDON_02', 'SOC_RETARG_DPA_02', 'EML_NEWSLETTER_WKLY_01']",0,0.0
USR_02493,2,Social Media > Social Media,SOC_PROSP_LOOKALIKE_01 > SOC_INFLUENCER_BOOST_03,Social Media,SOC_PROSP_LOOKALIKE_01,Social Media,SOC_INFLUENCER_BOOST_03,"[np.str_('Social Media'), np.str_('Social Media')]","['SOC_PROSP_LOOKALIKE_01', 'SOC_INFLUENCER_BOOST_03']",0,0.0
USR_02494,2,Social Media > Social Media,SOC_RETARG_DPA_02 > SOC_PROSP_LOOKALIKE_01,Social Media,SOC_RETARG_DPA_02,Social Media,SOC_PROSP_LOOKALIKE_01,"[np.str_('Social Media'), np.str_('Social Media')]","['SOC_RETARG_DPA_02', 'SOC_PROSP_LOOKALIKE_01']",1,82.76
USR_02495,1,Display,DSP_RETARG_ABANDON_02,Display,DSP_RETARG_ABANDON_02,Display,DSP_RETARG_ABANDON_02,[np.str_('Display')],['DSP_RETARG_ABANDON_02'],0,0.0
USR_02496,1,Display,DSP_PROG_AWARE_01,Display,DSP_PROG_AWARE_01,Display,DSP_PROG_AWARE_01,[np.str_('Display')],['DSP_PROG_AWARE_01'],0,0.0
USR_02497,2,Organic Search > Social Media,SEO_ORGANIC_DIRECT > SOC_PROSP_LOOKALIKE_01,Organic Search,SEO_ORGANIC_DIRECT,Social Media,SOC_PROSP_LOOKALIKE_01,"[np.str_('Organic Search'), np.str_('Social Media')]","['SEO_ORGANIC_DIRECT', 'SOC_PROSP_LOOKALIKE_01']",0,0.0
USR_02498,2,Social Media > Organic Search,SOC_PROSP_LOOKALIKE_01 > SEO_ORGANIC_DIRECT,Social Media,SOC_PROSP_LOOKALIKE_01,Organic Search,SEO_ORGANIC_DIRECT,"[np.str_('Social Media'), np.str_('Organic Search')]","['SOC_PROSP_LOOKALIKE_01', 'SEO_ORGANIC_DIRECT']",0,0.0
USR_02499,4,Paid Search > Organic Search > Email > Display,SEM_BRAND_01 > SEO_ORGANIC_DIRECT > EML_NEWSLETTER_WKLY_01 > DSP_PROG_AWARE_01,Paid Search,SEM_BRAND_01,Display,DSP_PROG_AWARE_01,"[np.str_('Paid Search'), np.str_('Organic Search'), np.str_('Email'), np.str_('Display')]","['SEM_BRAND_01', 'SEO_ORGANIC_DIRECT', 'EML_NEWSLETTER_WKLY_01', 'DSP_PROG_AWARE_01']",0,0.0
USR_02500,1,Paid Search,SEM_COMPETITOR_03,Paid Search,SEM_COMPETITOR_03,Paid Search,SEM_COMPETITOR_03,[np.str_('Paid Search')],['SEM_COMPETITOR_03'],0,0.0
